s_m,x_m,y_m,psi_rad,kappa_radpm,vx_mps,ax_mps2,w_tr_right_m,w_tr_left_m
0.0000000,-20.3312330,-69.8511842,0.7853394,-0.3421995,4.0168923,0.1548941,0.4506,1.2139
0.2999809,-20.5317868,-69.6285949,0.6806680,-0.3567995,4.0284432,-0.3212955,0.4381,0.9698
0.5999617,-20.7074999,-69.3857262,0.5710974,-0.3741677,4.0044462,-0.3215693,0.4256,0.7257
0.8999426,-20.8546806,-69.1252279,0.4573078,-0.3717683,3.9802839,-0.2074986,0.3953,0.5409
1.1999234,-20.9720008,-68.8510599,0.3538411,-0.3220525,3.9646146,0.6227205,0.3506,0.4039
1.4999043,-21.0631968,-68.5641448,0.2640029,-0.2754542,4.0114558,1.2447569,0.3057,0.2677
1.7998851,-21.1300266,-68.2724450,0.1896166,-0.2127241,4.1034844,2.0803546,0.2474,0.2134
2.0998660,-21.1781236,-67.9775241,0.1374809,-0.1369713,4.2528481,3.1599371,0.1890,0.1591
2.3998469,-21.2144310,-67.6775450,0.1070076,-0.0655920,4.4701855,4.2885836,0.1457,0.1228
2.6998277,-21.2440132,-67.3810141,0.0929406,-0.0387037,4.7492678,4.6747003,0.1353,0.1256
2.9998086,-21.2702432,-67.0831519,0.0834009,-0.0252071,5.0358898,4.7914401,0.1249,0.1285
3.2997894,-21.2945397,-66.7810189,0.0777381,-0.0123136,5.3136490,4.7337928,0.1280,0.1386
3.5997703,-21.3170224,-66.4856244,0.0739758,-0.0151274,5.5744920,4.6768390,0.1484,0.1578
3.8997511,-21.3383854,-66.1872099,0.0687174,-0.0199376,5.8207289,4.6205705,0.1689,0.1771
4.1997320,-21.3582780,-65.8837434,0.0619767,-0.0243071,6.0541763,4.3740500,0.1873,0.1913
4.4997129,-21.3755564,-65.5874296,0.0544358,-0.0261216,6.2671615,4.1863688,0.2025,0.1978
4.7996937,-21.3906344,-65.2889092,0.0464319,-0.0274222,6.4644392,4.0160389,0.2178,0.2042
5.0996746,-21.4034312,-64.9859166,0.0379239,-0.0286775,6.6481910,3.8461674,0.2314,0.2096
5.3996554,-21.4134845,-64.6869444,0.0293452,-0.0280222,6.8195305,3.7641909,0.2373,0.2101
5.6996363,-21.4210149,-64.3886900,0.0212158,-0.0265063,6.9831488,3.7295411,0.2432,0.2106
5.9996171,-21.4262302,-64.0870317,0.0134264,-0.0251582,7.1415649,3.6941163,0.2491,0.2111
6.2995980,-21.4291555,-63.7853792,0.0060560,-0.0232359,7.2950858,3.6962138,0.2499,0.2094
6.5995789,-21.4299766,-63.4873510,-0.0003871,-0.0200417,7.4455265,3.7772876,0.2496,0.2072
6.8995597,-21.4290021,-63.1869818,-0.0059517,-0.0170433,7.5961893,3.8594363,0.2493,0.2051
7.1995406,-21.4264666,-62.8845717,-0.0106731,-0.0142087,7.7471031,3.9436689,0.2472,0.2023
7.4995214,-21.4226898,-62.5857536,-0.0144405,-0.0109718,7.8983325,4.0489908,0.2425,0.1984
7.7995023,-21.4179176,-62.2860978,-0.0172497,-0.0077946,8.0506457,4.0002761,0.2378,0.1946
8.0994832,-21.4124230,-61.9853237,-0.0191277,-0.0047052,8.1983479,3.9521476,0.2331,0.1907
8.3994640,-21.4065017,-61.6846518,-0.0201438,-0.0025998,8.3417052,3.9045980,0.2269,0.1857
8.6994449,-21.4003550,-61.3847882,-0.0208089,-0.0018378,8.4809584,3.8576206,0.2206,0.1805
8.9994257,-21.3940383,-61.0847087,-0.0212475,-0.0010864,8.6163263,3.8112083,0.2143,0.1753
9.2994066,-21.3876259,-60.7847333,-0.0214613,-0.0003384,8.7480088,3.7653544,0.2079,0.1702
9.5993874,-21.3811695,-60.4842629,-0.0214830,0.0001685,8.8761888,3.7200523,0.2016,0.1653
9.8993683,-21.3747363,-60.1841638,-0.0213603,0.0006500,9.0010342,3.6752951,0.1953,0.1603
10.1993492,-21.3683722,-59.8845616,-0.0210929,0.0011356,9.1226999,3.6310765,0.1889,0.1553
10.4993300,-21.3621063,-59.5847916,-0.0206885,0.0014602,9.2413289,3.5873899,0.1828,0.1507
10.7993109,-21.3559586,-59.2844489,-0.0202407,0.0015211,9.3570538,3.5442288,0.1768,0.1461
11.0992917,-21.3499581,-58.9846082,-0.0197753,0.0015821,9.4699978,3.5015871,0.1708,0.1416
11.3992726,-21.3441092,-58.6852472,-0.0192925,0.0016431,9.5802754,3.4594584,0.1649,0.1371
11.6992534,-21.3383883,-58.3848922,-0.0187966,0.0016531,9.6879935,3.4178365,0.1595,0.1328
11.9992343,-21.3328218,-58.0848192,-0.0182999,0.0016570,9.7932522,3.3767155,0.1541,0.1286
12.2992152,-21.3274124,-57.7851826,-0.0178027,0.0016607,9.8961452,3.3360891,0.1486,0.1243
12.5991960,-21.3221487,-57.4853471,-0.0173037,0.0016720,9.9967602,3.2959516,0.1435,0.1202
12.8991769,-21.3170284,-57.1850948,-0.0167984,0.0016937,10.0951800,3.2562969,0.1385,0.1162
13.1991577,-21.3120674,-56.8852423,-0.0162872,0.0017151,10.1914824,3.2171194,0.1335,0.1122
13.4991386,-21.3072667,-56.5857745,-0.0157703,0.0017363,10.2857407,3.1784132,0.1287,0.1083
13.7991194,-21.3026083,-56.2854203,-0.0152458,0.0017557,10.3780243,3.1401727,0.1242,0.1046
14.0991003,-21.2981131,-55.9853949,-0.0147162,0.0017748,10.4683987,3.1023923,0.1198,0.1008
14.3990812,-21.2937826,-55.6857131,-0.0141814,0.0017936,10.5569261,3.0650664,0.1154,0.0971
14.6990620,-21.2896096,-55.3857572,-0.0136404,0.0018144,10.6436653,3.0281896,0.1114,0.0936
14.9990429,-21.2855972,-55.0856040,-0.0130924,0.0018368,10.7286723,2.9917565,0.1075,0.0901
15.2990237,-21.2817541,-54.7857525,-0.0125382,0.0018589,10.8120002,2.9557617,0.1035,0.0866
15.5990046,-21.2780804,-54.4860782,-0.0119779,0.0018790,10.8936996,2.9202000,0.0999,0.0833
15.8989854,-21.2745688,-54.1858411,-0.0114128,0.0018848,10.9738188,2.8850662,0.0966,0.0801
16.1989663,-21.2712300,-53.8858626,-0.0108465,0.0018903,11.0524038,2.8503550,0.0933,0.0768
16.4989472,-21.2680638,-53.5861279,-0.0102791,0.0018955,11.1294983,2.8160615,0.0908,0.0743
16.7989280,-21.2650645,-53.2860795,-0.0097149,0.0018502,11.2051445,2.7821806,0.0929,0.0763
17.0989089,-21.2622316,-52.9860164,-0.0091697,0.0017832,11.2793823,2.7487073,0.0951,0.0782
17.3988897,-21.2595611,-52.6861529,-0.0086451,0.0017156,11.3522501,2.7156367,0.0973,0.0802
17.6988706,-21.2570448,-52.3862958,-0.0081410,0.0016437,11.4237849,2.6829640,0.0998,0.0823
17.9988514,-21.2546744,-52.0861893,-0.0076599,0.0015624,11.4940218,2.6506844,0.1024,0.0846
18.2988323,-21.2524458,-51.7862382,-0.0072035,0.0014806,11.5629947,2.6187932,0.1051,0.0868
18.5988132,-21.2503514,-51.4864276,-0.0067719,0.0013983,11.6307361,2.5872857,0.1076,0.0889
18.8987940,-21.2483811,-51.1863627,-0.0063649,0.0013145,11.6972772,2.5561572,0.1098,0.0907
19.1987749,-21.2465295,-50.8863653,-0.0059832,0.0012301,11.7626481,2.5254033,0.1121,0.0925
19.4987557,-21.2447892,-50.5864611,-0.0056270,0.0011453,11.8268777,2.4950193,0.1143,0.0943
19.7987366,-21.2431516,-50.2865019,-0.0052940,0.0010883,11.8899938,2.4650010,0.1161,0.0965
20.0987174,-21.2416118,-49.9864819,-0.0049720,0.0010584,11.9520232,2.4353438,0.1178,0.0987
20.3986983,-21.2401676,-49.6865256,-0.0046590,0.0010284,12.0129918,2.4060434,0.1195,0.1009
20.6986792,-21.2388161,-49.3866061,-0.0043550,0.0009996,12.0729245,2.3770955,0.1210,0.1022
20.9986600,-21.2375541,-49.0865660,-0.0040581,0.0009799,12.1318453,2.3484959,0.1223,0.1026
21.2986409,-21.2363805,-48.7865833,-0.0037671,0.0009601,12.1897776,2.3202404,0.1235,0.1031
21.5986217,-21.2352936,-48.4866574,-0.0034821,0.0009404,12.2467438,2.2923248,0.1247,0.1036
21.8986026,-21.2342909,-48.1866488,-0.0032031,0.0009191,12.3027656,2.2647452,0.1255,0.1045
22.1985834,-21.2333710,-47.8866442,-0.0029306,0.0008973,12.3578640,2.2374973,0.1263,0.1054
22.4985643,-21.2325320,-47.5866943,-0.0026648,0.0008754,12.4120592,2.2105772,0.1271,0.1063
22.7985452,-21.2317717,-47.2867360,-0.0024055,0.0008539,12.4653711,2.1839811,0.1276,0.1070
23.0985260,-21.2310882,-46.9867119,-0.0021524,0.0008331,12.5178186,2.1577049,0.1280,0.1076
23.3985069,-21.2304797,-46.6867399,-0.0019056,0.0008123,12.5694201,2.1317449,0.1284,0.1082
23.6984877,-21.2299444,-46.3868192,-0.0016651,0.0007915,12.6201936,2.1060972,0.1286,0.1087
23.9984686,-21.2294801,-46.0867845,-0.0014307,0.0007709,12.6701565,2.0807581,0.1286,0.1092
24.2984495,-21.2290853,-45.7867929,-0.0012025,0.0007503,12.7193254,2.0557238,0.1286,0.1096
24.5984303,-21.2287581,-45.4868503,-0.0009805,0.0007297,12.7677169,2.0309907,0.1286,0.1100
24.8984112,-21.2284965,-45.1868619,-0.0007647,0.0007093,12.8153467,2.0065552,0.1283,0.1102
25.1983920,-21.2282987,-44.8868526,-0.0005549,0.0006892,12.8622303,1.9824137,0.1279,0.1103
25.4983729,-21.2281629,-44.5868902,-0.0003512,0.0006689,12.9083826,1.9585627,0.1276,0.1104
25.7983537,-21.2280874,-44.2869434,-0.0001536,0.0006488,12.9538181,1.9349986,0.1271,0.1105
26.0983346,-21.2280702,-43.9869183,0.0000381,0.0006289,12.9985510,1.9117180,0.1264,0.1104
26.3983155,-21.2281096,-43.6869381,0.0002237,0.0006090,13.0425951,1.8887175,0.1257,0.1104
26.6982963,-21.2282038,-43.3870024,0.0004034,0.0005891,13.0859636,1.8659938,0.1250,0.1103
26.9982772,-21.2283510,-43.0869894,0.0005772,0.0005694,13.1286697,1.8435434,0.1241,0.1101
27.2982580,-21.2285495,-42.7869931,0.0007451,0.0005498,13.1707260,1.8213631,0.1232,0.1099
27.5982389,-21.2287974,-42.4870395,0.0009070,0.0005302,13.2121449,1.7994497,0.1222,0.1097
27.8982197,-21.2290931,-42.1870653,0.0010632,0.0005108,13.2529383,1.7778000,0.1211,0.1093
28.1982006,-21.2294347,-41.8870545,0.0012135,0.0004914,13.2931180,1.7564107,0.1199,0.1090
28.4981815,-21.2298206,-41.5870846,0.0013580,0.0004721,13.3326953,1.7352788,0.1187,0.1086
28.7981623,-21.2302488,-41.2871457,0.0014967,0.0004528,13.3716815,1.7144011,0.1175,0.1082
29.0981432,-21.2307180,-40.9871215,0.0016297,0.0004338,13.4100873,1.6937746,0.1161,0.1077
29.3981240,-21.2312261,-40.6871367,0.0017570,0.0004147,13.4479233,1.6733962,0.1148,0.1072
29.6981049,-21.2317715,-40.3871908,0.0018785,0.0003957,13.4851998,1.6532631,0.1134,0.1067
29.9980857,-21.2323526,-40.0871937,0.0019944,0.0003768,13.5219270,1.6333722,0.1118,0.1060
30.2980666,-21.2329676,-39.7871953,0.0021046,0.0003580,13.5581145,1.6137205,0.1103,0.1054
30.5980475,-21.2336147,-39.4872344,0.0022092,0.0003392,13.5937721,1.5943053,0.1088,0.1048
30.8980283,-21.2342924,-39.1872703,0.0023081,0.0003204,13.6289091,1.5751238,0.1072,0.1041
31.1980092,-21.2349990,-38.8872595,0.0024015,0.0003019,13.6635345,1.5561729,0.1055,0.1033
31.4979900,-21.2357326,-38.5872847,0.0024892,0.0002833,13.6976575,1.5374501,0.1039,0.1026
31.7979709,-21.2364917,-38.2873455,0.0025714,0.0002647,13.7312866,1.5189526,0.1022,0.1019
32.0979517,-21.2372748,-37.9873288,0.0026481,0.0002464,13.7644304,1.5006776,0.1005,0.1010
32.3979326,-21.2380800,-37.6873413,0.0027192,0.0002280,13.7970973,1.4826224,0.0987,0.1002
32.6979135,-21.2389056,-37.3873880,0.0027849,0.0002096,13.8292954,1.4647845,0.0970,0.0994
32.9978943,-21.2397502,-37.0874024,0.0028450,0.0001914,13.8610326,1.4471613,0.0952,0.0986
33.2978752,-21.2406121,-36.7874032,0.0028997,0.0001732,13.8923168,1.4297500,0.0934,0.0977
33.5978560,-21.2414894,-36.4874369,0.0029489,0.0001551,13.9231556,1.4125482,0.0917,0.0969
33.8978369,-21.2423806,-36.1874797,0.0029927,0.0001369,13.9535564,1.3955534,0.0899,0.0960
34.1978177,-21.2432844,-35.8874698,0.0030311,0.0001190,13.9835266,1.3787631,0.0881,0.0951
34.4977986,-21.2441987,-35.5874916,0.0030641,0.0001010,14.0130732,1.3621747,0.0863,0.0941
34.7977795,-21.2451221,-35.2875446,0.0030917,0.0000830,14.0422033,1.3457860,0.0845,0.0932
35.0977603,-21.2460531,-34.9875405,0.0031139,0.0000652,14.0709237,1.3295944,0.0828,0.0923
35.3977412,-21.2469899,-34.6875513,0.0031308,0.0000474,14.0992411,1.3135976,0.0811,0.0914
35.6977220,-21.2479309,-34.3875920,0.0031423,0.0000296,14.1271620,1.2977933,0.0793,0.0904
35.9977029,-21.2488746,-34.0876145,0.0031486,0.0000118,14.1546930,1.2821791,0.0780,0.0898
36.2976837,-21.2498194,-33.7876153,0.0031495,-0.0000058,14.1818402,1.2667528,0.0767,0.0893
36.5976646,-21.2507636,-33.4876447,0.0031451,-0.0000235,14.2086099,1.2515121,0.0755,0.0888
36.8976455,-21.2517057,-33.1876911,0.0031353,-0.0000412,14.2350081,1.2364548,0.0752,0.0891
37.1976263,-21.2526442,-32.8876830,0.0031204,-0.0000585,14.2610406,1.2215786,0.0761,0.0907
37.4976072,-21.2535773,-32.5877021,0.0031002,-0.0000759,14.2867134,1.2068814,0.0770,0.0922
37.7975880,-21.2545036,-32.2877481,0.0030748,-0.0000933,14.3120321,1.1923610,0.0780,0.0938
38.0975689,-21.2554216,-31.9877535,0.0030442,-0.0001111,14.3370023,1.1780154,0.0789,0.0952
38.3975497,-21.2563295,-31.6877634,0.0030082,-0.0001290,14.3616294,1.1638423,0.0798,0.0966
38.6975306,-21.2572258,-31.3877986,0.0029668,-0.0001470,14.3859188,1.1498397,0.0807,0.0980
38.9975115,-21.2581089,-31.0878262,0.0029202,-0.0001616,14.4098757,1.1360056,0.0816,0.0992
39.2974923,-21.2589776,-30.7878280,0.0028703,-0.0001711,14.4335054,1.1223380,0.0824,0.1004
39.5974732,-21.2598308,-30.4878537,0.0028176,-0.0001806,14.4568129,1.1088348,0.0832,0.1016
39.8974540,-21.2606676,-30.1879001,0.0027620,-0.0001913,14.4798031,1.0954940,0.0841,0.1027
40.1974349,-21.2614869,-29.8878955,0.0026975,-0.0002387,14.5024809,1.0823138,0.0849,0.1037
40.4974158,-21.2622847,-29.5879128,0.0026187,-0.0002861,14.5248511,1.0692921,0.0856,0.1047
40.7973966,-21.2630566,-29.2879514,0.0025258,-0.0003335,14.5469183,1.0564272,0.0864,0.1056
41.0973775,-21.2637988,-28.9879643,0.0024215,-0.0003525,14.5686873,1.0437169,0.0872,0.1064
41.3973583,-21.2645093,-28.6879747,0.0023150,-0.0003576,14.5901624,1.0311597,0.0879,0.1072
41.6973392,-21.2651875,-28.3880043,0.0022069,-0.0003627,14.6113482,1.0187534,0.0886,0.1080
41.9973200,-21.2658332,-28.0880333,0.0020975,-0.0003645,14.6322489,1.0064965,0.0893,0.1086
42.2973009,-21.2664461,-27.7880381,0.0019890,-0.0003589,14.6528689,0.9943870,0.0898,0.1092
42.5972818,-21.2670267,-27.4880603,0.0018822,-0.0003533,14.6732124,0.9824232,0.0904,0.1098
42.8972626,-21.2675755,-27.1880995,0.0017771,-0.0003476,14.6932834,0.9706034,0.0909,0.1104
43.1972435,-21.2680930,-26.8881026,0.0016736,-0.0003423,14.7130861,0.9589257,0.0914,0.1108
43.4972243,-21.2685797,-26.5881189,0.0015717,-0.0003369,14.7326244,0.9473886,0.0918,0.1113
43.7972052,-21.2690361,-26.2881504,0.0014714,-0.0003316,14.7519022,0.9359903,0.0923,0.1117
44.0971860,-21.2694627,-25.9881677,0.0013728,-0.0003262,14.7709234,0.9247291,0.0927,0.1120
44.3971669,-21.2698599,-25.6881794,0.0012757,-0.0003209,14.7896916,0.9136034,0.0931,0.1123
44.6971478,-21.2702282,-25.3882045,0.0011803,-0.0003155,14.8082108,0.9026115,0.0935,0.1126
44.9971286,-21.2705682,-25.0882326,0.0010864,-0.0003102,14.8264843,0.8917519,0.0938,0.1128
45.2971095,-21.2708802,-24.7882411,0.0009942,-0.0003049,14.8445160,0.8810230,0.0941,0.1130
45.5970903,-21.2711648,-24.4882613,0.0009035,-0.0002996,14.8623092,0.8704231,0.0944,0.1131
45.8970712,-21.2714224,-24.1882926,0.0008144,-0.0002943,14.8798675,0.8599508,0.0947,0.1132
46.1970520,-21.2716535,-23.8883035,0.0007269,-0.0002890,14.8971941,0.8496044,0.0949,0.1132
46.4970329,-21.2718587,-23.5883201,0.0006410,-0.0002838,14.9142926,0.8393826,0.0951,0.1132
46.7970138,-21.2720383,-23.2883460,0.0005567,-0.0002785,14.9311661,0.8292837,0.0953,0.1132
47.0969946,-21.2721928,-22.9883658,0.0004739,-0.0002732,14.9478179,0.8193063,0.0955,0.1131
47.3969755,-21.2723228,-22.6883801,0.0003928,-0.0002680,14.9642511,0.8094490,0.0955,0.1130
47.6969563,-21.2724286,-22.3884021,0.0003131,-0.0002628,14.9804690,0.7997102,0.0956,0.1129
47.9969372,-21.2725108,-22.0884275,0.0002351,-0.0002576,14.9964744,0.1762686,0.0957,0.1127
48.2969180,-21.2725698,-21.7884408,0.0001586,-0.0002524,15.0000000,0.0000000,0.0957,0.1125
48.5968989,-21.2726061,-21.4884601,0.0000837,-0.0002472,15.0000000,0.0000000,0.0958,0.1122
48.8968798,-21.2726202,-21.1884849,0.0000103,-0.0002420,15.0000000,0.0000000,0.0958,0.1120
49.1968606,-21.2726125,-20.8885015,-0.0000615,-0.0002368,15.0000000,0.0000000,0.0958,0.1116
49.4968415,-21.2725834,-20.5885194,-0.0001318,-0.0002316,15.0000000,0.0000000,0.0957,0.1113
49.7968223,-21.2725336,-20.2885412,-0.0002005,-0.0002265,15.0000000,0.0000000,0.0957,0.1109
50.0968032,-21.2724633,-19.9885616,-0.0002676,-0.0002213,15.0000000,0.0000000,0.0956,0.1105
50.3967840,-21.2723732,-19.6885794,-0.0003332,-0.0002162,15.0000000,0.0000000,0.0955,0.1100
50.6967649,-21.2722635,-19.3885993,-0.0003973,-0.0002110,15.0000000,0.0000000,0.0954,0.1096
50.9967458,-21.2721349,-19.0886205,-0.0004598,-0.0002059,15.0000000,0.0000000,0.0953,0.1091
51.2967266,-21.2719878,-18.7886394,-0.0005208,-0.0002007,15.0000000,0.0000000,0.0951,0.1085
51.5967075,-21.2718226,-18.4886588,-0.0005803,-0.0001956,15.0000000,0.0000000,0.0950,0.1080
51.8966883,-21.2716398,-18.1886782,-0.0006382,-0.0001905,15.0000000,0.0000000,0.0948,0.1074
52.1966692,-21.2714399,-17.8886988,-0.0006946,-0.0001854,15.0000000,0.0000000,0.0946,0.1068
52.4966500,-21.2712233,-17.5887189,-0.0007494,-0.0001803,15.0000000,0.0000000,0.0944,0.1062
52.7966309,-21.2709904,-17.2887374,-0.0008027,-0.0001751,15.0000000,0.0000000,0.0941,0.1055
53.0966118,-21.2707418,-16.9887569,-0.0008545,-0.0001700,15.0000000,0.0000000,0.0939,0.1049
53.3965926,-21.2704779,-16.6887790,-0.0009047,-0.0001649,15.0000000,0.0000000,0.0936,0.1041
53.6965735,-21.2701992,-16.3887977,-0.0009534,-0.0001598,15.0000000,0.0000000,0.0933,0.1034
53.9965543,-21.2699060,-16.0888131,-0.0010006,-0.0001547,15.0000000,0.0000000,0.0930,0.1027
54.2965352,-21.2695990,-15.7888383,-0.0010463,-0.0001496,15.0000000,0.0000000,0.0928,0.1019
54.5965160,-21.2692785,-15.4888587,-0.0010904,-0.0001445,15.0000000,0.0000000,0.0925,0.1011
54.8964969,-21.2689449,-15.1888736,-0.0011330,-0.0001394,15.0000000,0.0000000,0.0922,0.1003
55.1964778,-21.2685989,-14.8888964,-0.0011741,-0.0001344,15.0000000,0.0000000,0.0927,0.0995
55.4964586,-21.2682407,-14.5889194,-0.0012136,-0.0001293,15.0000000,0.0000000,0.0935,0.0987
55.7964395,-21.2678709,-14.2889355,-0.0012516,-0.0001242,15.0000000,0.0000000,0.0942,0.0978
56.0964203,-21.2674899,-13.9889524,-0.0012881,-0.0001191,15.0000000,0.0000000,0.0938,0.0970
56.3964012,-21.2670983,-13.6889794,-0.0013230,-0.0001140,15.0000000,0.0000000,0.0923,0.0961
56.6963821,-21.2666963,-13.3889979,-0.0013565,-0.0001089,15.0000000,0.0000000,0.0908,0.0952
56.9963629,-21.2662846,-13.0890072,-0.0013884,-0.0001038,15.0000000,0.0000000,0.0895,0.0943
57.2963438,-21.2658635,-12.7890380,-0.0014188,-0.0000987,15.0000000,0.0000000,0.0891,0.0933
57.5963246,-21.2654335,-12.4890600,-0.0014476,-0.0000936,15.0000000,0.0000000,0.0887,0.0924
57.8963055,-21.2649952,-12.1890713,-0.0014749,-0.0000885,15.0000000,0.0000000,0.0883,0.0915
58.1962863,-21.2645488,-11.8890944,-0.0015007,-0.0000834,15.0000000,0.0000000,0.0878,0.0905
58.4962672,-21.2640950,-11.5891212,-0.0015249,-0.0000783,15.0000000,0.0000000,0.0873,0.0896
58.7962481,-21.2636341,-11.2891357,-0.0015477,-0.0000732,15.0000000,0.0000000,0.0868,0.0886
59.0962289,-21.2631666,-10.9891481,-0.0015689,-0.0000681,15.0000000,0.0000000,0.0863,0.0876
59.3962098,-21.2626930,-10.6891808,-0.0015885,-0.0000630,15.0000000,0.0000000,0.0858,0.0866
59.6961906,-21.2622137,-10.3891997,-0.0016066,-0.0000578,15.0000000,0.0000000,0.0854,0.0856
59.9961715,-21.2617292,-10.0892041,-0.0016232,-0.0000527,15.0000000,0.0000000,0.0849,0.0846
60.2961523,-21.2612400,-9.7892382,-0.0016383,-0.0000476,15.0000000,0.0000000,0.0844,0.0836
60.5961332,-21.2607465,-9.4892626,-0.0016518,-0.0000425,15.0000000,0.0000000,0.0839,0.0826
60.8961141,-21.2602491,-9.1892711,-0.0016637,-0.0000373,15.0000000,0.0000000,0.0834,0.0816
61.1960949,-21.2597484,-8.8892926,-0.0016742,-0.0000322,15.0000000,0.0000000,0.0834,0.0811
61.4960758,-21.2592449,-8.5893238,-0.0016830,-0.0000270,15.0000000,0.0000000,0.0836,0.0808
61.7960566,-21.2587388,-8.2893375,-0.0016904,-0.0000219,15.0000000,0.0000000,0.0838,0.0805
62.0960375,-21.2582308,-7.9893434,-0.0016962,-0.0000167,15.0000000,0.0000000,0.0843,0.0804
62.3960183,-21.2577214,-7.6893825,-0.0017004,-0.0000115,15.0000000,0.0000000,0.0853,0.0810
62.6959992,-21.2572108,-7.3894026,-0.0017031,-0.0000063,15.0000000,0.0000000,0.0863,0.0815
62.9959801,-21.2566997,-7.0894031,-0.0017042,-0.0000012,15.0000000,0.0000000,0.0873,0.0820
63.2959609,-21.2561886,-6.7894382,-0.0017038,0.0000040,15.0000000,0.0000000,0.0883,0.0825
63.5959418,-21.2556777,-6.4894659,-0.0017018,0.0000093,15.0000000,0.0000000,0.0893,0.0830
63.8959226,-21.2551677,-6.1894724,-0.0016982,0.0000145,15.0000000,0.0000000,0.0903,0.0836
64.1959035,-21.2546590,-5.8894900,-0.0016931,0.0000197,15.0000000,0.0000000,0.0913,0.0841
64.4958843,-21.2541521,-5.5895265,-0.0016864,0.0000249,15.0000000,0.0000000,0.0923,0.0845
64.7958652,-21.2536474,-5.2895403,-0.0016781,0.0000302,15.0000000,0.0000000,0.0933,0.0850
65.0958461,-21.2531454,-4.9895374,-0.0016683,0.0000354,15.0000000,0.0000000,0.0943,0.0855
65.3958269,-21.2526467,-4.6895838,-0.0016569,0.0000407,15.0000000,0.0000000,0.0952,0.0860
65.6958078,-21.2521515,-4.3896060,-0.0016439,0.0000460,15.0000000,0.0000000,0.0962,0.0865
65.9957886,-21.2516605,-4.0896034,-0.0016293,0.0000512,15.0000000,0.0000000,0.0971,0.0870
66.2957695,-21.2511741,-3.7896372,-0.0016132,0.0000565,15.0000000,0.0000000,0.0981,0.0875
66.5957503,-21.2506929,-3.4896690,-0.0015954,0.0000619,15.0000000,0.0000000,0.0990,0.0880
66.8957312,-21.2502171,-3.1896745,-0.0015760,0.0000672,15.0000000,0.0000000,0.0999,0.0884
67.1957121,-21.2497474,-2.8896857,-0.0015551,0.0000725,15.0000000,0.0000000,0.1008,0.0889
67.4956929,-21.2492843,-2.5897285,-0.0015326,0.0000779,15.0000000,0.0000000,0.1017,0.0894
67.7956738,-21.2488282,-2.2897433,-0.0015084,0.0000832,15.0000000,0.0000000,0.1026,0.0899
68.0956546,-21.2483794,-1.9897297,-0.0014826,0.0000886,15.0000000,0.0000000,0.1035,0.0904
68.3956355,-21.2479388,-1.6897837,-0.0014552,0.0000940,15.0000000,0.0000000,0.1043,0.0908
68.6956163,-21.2475066,-1.3898091,-0.0014262,0.0000994,15.0000000,0.0000000,0.1051,0.0913
68.9955972,-21.2470832,-1.0898045,-0.0013956,0.0001048,15.0000000,0.0000000,0.1059,0.0917
69.2955781,-21.2466694,-0.7898340,-0.0013634,0.0001102,15.0000000,0.0000000,0.1067,0.0921
69.5955589,-21.2462655,-0.4898712,-0.0013295,0.0001157,15.0000000,0.0000000,0.1075,0.0925
69.8955398,-21.2458719,-0.1898768,-0.0012940,0.0001211,15.0000000,0.0000000,0.1083,0.0929
70.1955206,-21.2454893,0.1101214,-0.0012568,0.0001266,15.0000000,0.0000000,0.1090,0.0933
70.4955015,-21.2451181,0.4100712,-0.0012180,0.0001321,15.0000000,0.0000000,0.1097,0.0936
70.7954823,-21.2447587,0.7100541,-0.0011775,0.0001376,15.0000000,0.0000000,0.1104,0.0940
71.0954632,-21.2444117,1.0100707,-0.0011354,0.0001431,15.0000000,0.0000000,0.1111,0.0943
71.3954441,-21.2440777,1.3100187,-0.0010917,0.0001487,15.0000000,0.0000000,0.1117,0.0946
71.6954249,-21.2437570,1.6099889,-0.0010462,0.0001543,15.0000000,0.0000000,0.1124,0.0949
71.9954058,-21.2434501,1.9099943,-0.0009991,0.0001598,15.0000000,0.0000000,0.1130,0.0952
72.2953866,-21.2431577,2.2099722,-0.0009503,0.0001654,15.0000000,0.0000000,0.1135,0.0954
72.5953675,-21.2428802,2.5099283,-0.0008998,0.0001711,15.0000000,0.0000000,0.1141,0.0957
72.8953484,-21.2426180,2.8099212,-0.0008477,0.0001767,15.0000000,0.0000000,0.1146,0.0960
73.1953292,-21.2423718,3.1099323,-0.0007938,0.0001824,15.0000000,0.0000000,0.1151,0.0962
73.4953101,-21.2421420,3.4098731,-0.0007382,0.0001881,15.0000000,0.0000000,0.1156,0.0964
73.7952909,-21.2419290,3.7098523,-0.0006810,0.0001938,15.0000000,0.0000000,0.1160,0.0966
74.0952718,-21.2417335,4.0098704,-0.0006220,0.0001994,15.0000000,0.0000000,0.1165,0.0969
74.3952526,-21.2415560,4.3098241,-0.0005613,0.0002052,15.0000000,0.0000000,0.1168,0.0970
74.6952335,-21.2413970,4.6097882,-0.0004989,0.0002110,15.0000000,0.0000000,0.1172,0.0972
74.9952144,-21.2412569,4.9097928,-0.0004347,0.0002167,15.0000000,0.0000000,0.1175,0.0973
75.2951952,-21.2411363,5.2097820,-0.0003688,0.0002225,15.0000000,0.0000000,0.1178,0.0975
75.5951761,-21.2410358,5.5097297,-0.0003012,0.0002284,15.0000000,0.0000000,0.1181,0.0976
75.8951569,-21.2409558,5.8097195,-0.0002318,0.0002342,15.0000000,0.0000000,0.1183,0.0977
76.1951378,-21.2408968,6.1097477,-0.0001607,0.0002400,15.0000000,0.0000000,0.1185,0.0977
76.4951186,-21.2408595,6.4096776,-0.0000878,0.0002460,15.0000000,0.0000000,0.1187,0.0978
76.7950995,-21.2408443,6.7096512,-0.0000131,0.0002519,15.0000000,0.0000000,0.1188,0.0979
77.0950804,-21.2408518,7.0096690,0.0000634,0.0002579,15.0000000,0.0000000,0.1189,0.0981
77.3950612,-21.2408825,7.3096326,0.0001416,0.0002638,15.0000000,0.0000000,0.1190,0.0980
77.6950421,-21.2409370,7.6095886,0.0002216,0.0002697,15.0000000,0.0000000,0.1190,0.0978
77.9950229,-21.2410157,7.9095905,0.0003034,0.0002755,15.0000000,0.0000000,0.1190,0.0977
78.2950038,-21.2411192,8.2095956,0.0003869,0.0002810,15.0000000,0.0000000,0.1189,0.0975
78.5949846,-21.2412479,8.5095327,0.0004718,0.0002852,15.0000000,0.0000000,0.1188,0.0974
78.8949655,-21.2414024,8.8095173,0.0005580,0.0002894,15.0000000,0.0000000,0.1187,0.0972
79.1949464,-21.2415829,9.1095498,0.0006454,0.0002935,15.0000000,0.0000000,0.1185,0.0970
79.4949272,-21.2417896,9.4094839,0.0007327,0.0002873,15.0000000,0.0000000,0.1183,0.0968
79.7949081,-21.2420222,9.7094496,0.0008178,0.0002799,15.0000000,0.0000000,0.1180,0.0966
80.0948889,-21.2422800,10.0094651,0.0009006,0.0002724,15.0000000,0.0000000,0.1177,0.0964
80.3948698,-21.2425624,10.3094451,0.0009822,0.0002773,15.0000000,0.0000000,0.1174,0.0961
80.6948506,-21.2428698,10.6093928,0.0010679,0.0002940,15.0000000,0.0000000,0.1170,0.0957
80.9948315,-21.2432036,10.9093896,0.0011586,0.0003107,15.0000000,0.0000000,0.1165,0.0954
81.2948124,-21.2435654,11.2094140,0.0012543,0.0003250,15.0000000,0.0000000,0.1161,0.0950
81.5947932,-21.2439562,11.5093477,0.0013514,0.0003228,15.0000000,0.0000000,0.1155,0.0946
81.8947741,-21.2443761,11.8093261,0.0014479,0.0003207,15.0000000,0.0000000,0.1150,0.0942
82.1947549,-21.2448249,12.1093475,0.0015438,0.0003185,15.0000000,0.0000000,0.1144,0.0938
82.4947358,-21.2453022,12.4093072,0.0016385,0.0003116,15.0000000,0.0000000,0.1138,0.0933
82.7947166,-21.2458076,12.7092707,0.0017307,0.0003030,15.0000000,0.0000000,0.1131,0.0928
83.0946975,-21.2463403,13.0092726,0.0018203,0.0002944,15.0000000,0.0000000,0.1125,0.0923
83.3946784,-21.2468995,13.3092684,0.0019073,0.0002859,15.0000000,0.0000000,0.1118,0.0917
83.6946592,-21.2474844,13.6092208,0.0019918,0.0002774,15.0000000,0.0000000,0.1110,0.0911
83.9946401,-21.2480942,13.9092070,0.0020737,0.0002689,15.0000000,0.0000000,0.1103,0.0905
84.2946209,-21.2487284,14.2092254,0.0021531,0.0002604,15.0000000,0.0000000,0.1095,0.0899
84.5946018,-21.2493858,14.5091743,0.0022300,0.0002517,15.0000000,0.0000000,0.1087,0.0892
84.8945826,-21.2500659,14.8091485,0.0023042,0.0002431,15.0000000,0.0000000,0.1078,0.0885
85.1945635,-21.2507680,15.1091503,0.0023758,0.0002344,15.0000000,0.0000000,0.1070,0.0878
85.4945444,-21.2514911,15.4091287,0.0024448,0.0002257,15.0000000,0.0000000,0.1061,0.0871
85.7945252,-21.2522345,15.7090949,0.0025112,0.0002170,15.0000000,0.0000000,0.1052,0.0864
86.0945061,-21.2529974,16.0090840,0.0025750,0.0002082,15.0000000,0.0000000,0.1043,0.0856
86.3944869,-21.2537792,16.3090818,0.0026362,0.0001995,15.0000000,0.0000000,0.1033,0.0848
86.6944678,-21.2545788,16.6090439,0.0026947,0.0001907,15.0000000,0.0000000,0.1023,0.0840
86.9944486,-21.2553956,16.9090241,0.0027506,0.0001819,15.0000000,0.0000000,0.1014,0.0832
87.2944295,-21.2562288,17.2090209,0.0028038,0.0001730,15.0000000,0.0000000,0.1004,0.0824
87.5944104,-21.2570775,17.5089931,0.0028544,0.0001642,15.0000000,0.0000000,0.0993,0.0816
87.8943912,-21.2579410,17.8089684,0.0029023,0.0001553,15.0000000,0.0000000,0.0983,0.0807
88.1943721,-21.2588185,18.1089556,0.0029475,0.0001464,15.0000000,0.0000000,0.0973,0.0798
88.4943529,-21.2597092,18.4089403,0.0029901,0.0001375,15.0000000,0.0000000,0.0962,0.0789
88.7943338,-21.2606122,18.7089146,0.0030300,0.0001286,15.0000000,0.0000000,0.0951,0.0780
89.0943147,-21.2615268,19.0088961,0.0030673,0.0001197,15.0000000,0.0000000,0.0941,0.0771
89.3942955,-21.2624522,19.3088832,0.0031018,0.0001107,15.0000000,0.0000000,0.0930,0.0762
89.6942764,-21.2633875,19.6088604,0.0031336,0.0001014,15.0000000,0.0000000,0.0919,0.0753
89.9942572,-21.2643320,19.9088401,0.0031627,0.0000921,15.0000000,0.0000000,0.0908,0.0743
90.2942381,-21.2652847,20.2088208,0.0031889,0.0000828,15.0000000,0.0000000,0.0896,0.0734
90.5942189,-21.2662449,20.5088034,0.0032122,0.0000726,15.0000000,0.0000000,0.0896,0.0735
90.8941998,-21.2672116,20.8087853,0.0032324,0.0000618,15.0000000,0.0000000,0.0906,0.0746
91.1941807,-21.2681839,21.1087636,0.0032493,0.0000510,15.0000000,0.0000000,0.0915,0.0756
91.4941615,-21.2691607,21.4087414,0.0032630,0.0000402,15.0000000,0.0000000,0.0924,0.0767
91.7941424,-21.2701413,21.7087295,0.0032734,0.0000290,15.0000000,0.0000000,0.0933,0.0778
92.0941232,-21.2711243,22.0087092,0.0032804,0.0000179,15.0000000,0.0000000,0.0943,0.0790
92.3941041,-21.2721090,22.3086790,0.0032841,0.0000068,15.0000000,0.0000000,0.0953,0.0801
92.6940849,-21.2730944,22.6086703,0.0032845,-0.0000043,15.0000000,0.0000000,0.0962,0.0813
92.9940658,-21.2740793,22.9086554,0.0032815,-0.0000154,15.0000000,0.0000000,0.0972,0.0824
93.2940467,-21.2750628,23.2086259,0.0032753,-0.0000265,15.0000000,0.0000000,0.0982,0.0836
93.5940275,-21.2760440,23.5086055,0.0032656,-0.0000376,15.0000000,0.0000000,0.0992,0.0848
93.8940084,-21.2770218,23.8086000,0.0032527,-0.0000487,15.0000000,0.0000000,0.1001,0.0859
94.1939892,-21.2779952,24.1085752,0.0032364,-0.0000598,15.0000000,0.0000000,0.1011,0.0871
94.4939701,-21.2789631,24.4085328,0.0032168,-0.0000708,15.0000000,0.0000000,0.1021,0.0882
94.7939509,-21.2799248,24.7085407,0.0031939,-0.0000818,15.0000000,0.0000000,0.1031,0.0893
95.0939318,-21.2808791,25.0085245,0.0031677,-0.0000928,15.0000000,0.0000000,0.1040,0.0905
95.3939127,-21.2818250,25.3084827,0.0031382,-0.0001039,15.0000000,0.0000000,0.1050,0.0916
95.6938935,-21.2827616,25.6084752,0.0031054,-0.0001148,15.0000000,0.0000000,0.1065,0.0927
95.9938744,-21.2836879,25.9084715,0.0030694,-0.0001258,15.0000000,0.0000000,0.1085,0.0939
96.2938552,-21.2846028,26.2084375,0.0030300,-0.0001367,15.0000000,0.0000000,0.1104,0.0950
96.5938361,-21.2855053,26.5084013,0.0029873,-0.0001476,15.0000000,0.0000000,0.1120,0.0961
96.8938169,-21.2863948,26.8084141,0.0029414,-0.0001585,15.0000000,0.0000000,0.1118,0.0972
97.1937978,-21.2872699,27.1083919,0.0028923,-0.0001693,15.0000000,0.0000000,0.1117,0.0983
97.4937787,-21.2881296,27.4083330,0.0028398,-0.0001802,15.0000000,0.0000000,0.1115,0.0994
97.7937595,-21.2889733,27.7083500,0.0027842,-0.0001909,15.0000000,0.0000000,0.1121,0.1004
98.0937404,-21.2897998,28.0083434,0.0027253,-0.0002017,15.0000000,0.0000000,0.1129,0.1015
98.3937212,-21.2906080,28.3082954,0.0026632,-0.0002124,15.0000000,0.0000000,0.1137,0.1025
98.6937021,-21.2913972,28.6082770,0.0025978,-0.0002231,15.0000000,0.0000000,0.1145,0.1036
98.9936829,-21.2921664,28.9082899,0.0025293,-0.0002337,15.0000000,0.0000000,0.1153,0.1046
99.2936638,-21.2929144,29.2082566,0.0024576,-0.0002444,15.0000000,0.0000000,0.1161,0.1056
99.5936447,-21.2936404,29.5081930,0.0023827,-0.0002550,15.0000000,0.0000000,0.1169,0.1066
99.8936255,-21.2943437,29.8082292,0.0023046,-0.0002654,15.0000000,0.0000000,0.1175,0.1075
100.1936064,-21.2950229,30.1082145,0.0022234,-0.0002759,15.0000000,0.0000000,0.1182,0.1085
100.4935872,-21.2956772,30.4081474,0.0021391,-0.0002864,15.0000000,0.0000000,0.1188,0.1094
100.7935681,-21.2963059,30.7081591,0.0020516,-0.0002968,15.0000000,0.0000000,0.1194,0.1103
101.0935489,-21.2969079,31.0081668,0.0019610,-0.0003071,15.0000000,0.0000000,0.1200,0.1112
101.3935298,-21.2974822,31.3081172,0.0018674,-0.0003174,15.0000000,0.0000000,0.1206,0.1121
101.6935107,-21.2980279,31.6080776,0.0017706,-0.0003277,15.0000000,0.0000000,0.1211,0.1130
101.9934915,-21.2985442,31.9081113,0.0016707,-0.0003378,15.0000000,0.0000000,0.1216,0.1138
102.2934724,-21.2990300,32.2080831,0.0015679,-0.0003480,15.0000000,0.0000000,0.1221,0.1146
102.5934532,-21.2994844,32.5079913,0.0014620,-0.0003582,15.0000000,0.0000000,0.1226,0.1154
102.8934341,-21.2999068,32.8080460,0.0013530,-0.0003681,15.0000000,0.0000000,0.1230,0.1162
103.1934149,-21.3002960,33.1080427,0.0012411,-0.0003781,15.0000000,0.0000000,0.1234,0.1169
103.4933958,-21.3006511,33.4079712,0.0011262,-0.0003880,15.0000000,0.0000000,0.1238,0.1176
103.7933767,-21.3009714,33.7079688,0.0010083,-0.0003979,15.0000000,0.0000000,0.1241,0.1183
104.0933575,-21.3012558,34.0079941,0.0008875,-0.0004076,15.0000000,0.0000000,0.1244,0.1189
104.3933384,-21.3015035,34.3079463,0.0007637,-0.0004174,15.0000000,0.0000000,0.1247,0.1196
104.6933192,-21.3017137,34.6078777,0.0006371,-0.0004271,15.0000000,0.0000000,0.1249,0.1202
104.9933001,-21.3018855,34.9079352,0.0005075,-0.0004366,15.0000000,0.0000000,0.1250,0.1207
105.2932810,-21.3020179,35.2079147,0.0003751,-0.0004461,15.0000000,0.0000000,0.1251,0.1213
105.5932618,-21.3021102,35.5078148,0.0002399,-0.0004556,15.0000000,0.0000000,0.1253,0.1218
105.8932427,-21.3021616,35.8078639,0.0001018,-0.0004649,15.0000000,0.0000000,0.1253,0.1222
106.1932235,-21.3021711,36.1078743,-0.0000391,-0.0004742,15.0000000,0.0000000,0.1253,0.1227
106.4932044,-21.3021379,36.4078004,-0.0001827,-0.0004835,15.0000000,0.0000000,0.1253,0.1231
106.7931852,-21.3020612,36.7077783,-0.0003291,-0.0004926,15.0000000,0.0000000,0.1252,0.1234
107.0931661,-21.3019401,37.0078229,-0.0004783,-0.0005016,15.0000000,0.0000000,0.1251,0.1237
107.3931470,-21.3017739,37.3077785,-0.0006301,-0.0005107,15.0000000,0.0000000,0.1249,0.1240
107.6931278,-21.3015619,37.6076765,-0.0007846,-0.0005197,15.0000000,0.0000000,0.1248,0.1243
107.9931087,-21.3013029,37.9077588,-0.0009419,-0.0005284,15.0000000,0.0000000,0.1245,0.1245
108.2930895,-21.3009964,38.2077471,-0.0011017,-0.0005371,15.0000000,0.0000000,0.1242,0.1246
108.5930704,-21.3006418,38.5076400,-0.0012640,-0.0005458,15.0000000,0.0000000,0.1239,0.1248
108.8930512,-21.3002378,38.8076799,-0.0014291,-0.0005543,15.0000000,0.0000000,0.1235,0.1248
109.1930321,-21.2997840,39.1077043,-0.0015967,-0.0005627,15.0000000,0.0000000,0.1230,0.1248
109.4930130,-21.2992797,39.4076283,-0.0017667,-0.0005712,15.0000000,0.0000000,0.1225,0.1248
109.7929938,-21.2987239,39.7075845,-0.0019393,-0.0005795,15.0000000,0.0000000,0.1220,0.1248
110.0929747,-21.2981158,40.0076481,-0.0021144,-0.0005876,15.0000000,0.0000000,0.1214,0.1246
110.3929555,-21.2974550,40.3076065,-0.0022919,-0.0005957,15.0000000,0.0000000,0.1207,0.1244
110.6929364,-21.2967408,40.6074709,-0.0024717,-0.0006038,15.0000000,0.0000000,0.1201,0.1243
110.9929172,-21.2959718,40.9075767,-0.0026541,-0.0006115,15.0000000,0.0000000,0.1197,0.1240
111.2928981,-21.2951479,41.2075726,-0.0028387,-0.0006193,15.0000000,0.0000000,0.1194,0.1236
111.5928790,-21.2942687,41.5074569,-0.0030256,-0.0006271,15.0000000,0.0000000,0.1190,0.1233
111.8928598,-21.2933325,41.8074885,-0.0032149,-0.0006346,15.0000000,0.0000000,0.1181,0.1229
112.1928407,-21.2923393,42.1075248,-0.0034064,-0.0006420,15.0000000,0.0000000,0.1167,0.1223
112.4928215,-21.2912887,42.4074447,-0.0036001,-0.0006494,15.0000000,0.0000000,0.1152,0.1218
112.7928024,-21.2901795,42.7073818,-0.0037960,-0.0006567,15.0000000,0.0000000,0.1138,0.1212
113.0927832,-21.2890108,43.0074614,-0.0039941,-0.0006637,15.0000000,0.0000000,0.1126,0.1205
113.3927641,-21.2877827,43.3074197,-0.0041942,-0.0006708,15.0000000,0.0000000,0.1115,0.1198
113.6927450,-21.2864949,43.6072553,-0.0043964,-0.0006778,15.0000000,0.0000000,0.1103,0.1190
113.9927258,-21.2851448,43.9073807,-0.0046008,-0.0006844,15.0000000,0.0000000,0.1088,0.1181
114.2927067,-21.2837336,44.2073802,-0.0048072,-0.0006911,15.0000000,0.0000000,0.1073,0.1172
114.5926875,-21.2822609,44.5072522,-0.0050154,-0.0006977,15.0000000,0.0000000,0.1058,0.1162
114.8926684,-21.2807246,44.8072811,-0.0052257,-0.0007041,15.0000000,0.0000000,0.1042,0.1152
115.1926492,-21.2791249,45.1073246,-0.0054379,-0.0007103,15.0000000,0.0000000,0.1027,0.1140
115.4926301,-21.2774619,45.4072356,-0.0056519,-0.0007166,15.0000000,0.0000000,0.1011,0.1128
115.7926110,-21.2757345,45.7071613,-0.0058677,-0.0007226,15.0000000,0.0000000,0.0995,0.1116
116.0925918,-21.2739410,46.0072512,-0.0060854,-0.0007283,15.0000000,0.0000000,0.0976,0.1101
116.3925727,-21.2720827,46.3072038,-0.0063047,-0.0007340,15.0000000,0.0000000,0.0957,0.1087
116.6925535,-21.2701594,46.6070199,-0.0065257,-0.0007398,15.0000000,0.0000000,0.0938,0.1073
116.9925344,-21.2681673,46.9071586,-0.0067486,-0.0007454,15.0000000,0.0000000,0.0917,0.1056
117.2925152,-21.2661091,47.2071552,-0.0069730,-0.0007510,15.0000000,0.0000000,0.0897,0.1039
117.5924961,-21.2639844,47.5070081,-0.0071990,-0.0007566,15.0000000,0.0000000,0.0876,0.1022
117.8924770,-21.2617902,47.8070457,-0.0074268,-0.0007609,15.0000000,0.0000000,0.0855,0.1004
118.1924578,-21.2595275,48.1070886,-0.0076557,-0.0007646,15.0000000,0.0000000,0.0832,0.0984
118.4924387,-21.2571971,48.4069830,-0.0078855,-0.0007684,15.0000000,0.0000000,0.0810,0.0964
118.7924195,-21.2547974,48.7069107,-0.0081158,-0.0007585,15.0000000,0.0000000,0.0788,0.0946
119.0924004,-21.2523282,49.0070018,-0.0083384,-0.0007252,15.0000000,0.0000000,0.0775,0.0935
119.3923813,-21.2497950,49.3069399,-0.0085510,-0.0006918,15.0000000,0.0000000,0.0762,0.0925
119.6923621,-21.2472007,49.6067535,-0.0087533,-0.0006476,15.0000000,0.0000000,0.0750,0.0915
119.9923430,-21.2445475,49.9068964,-0.0089145,-0.0004267,15.0000000,0.0000000,0.0769,0.0935
120.2923238,-21.2418573,50.2068813,-0.0090093,-0.0002053,15.0000000,0.0000000,0.0796,0.0963
120.5923047,-21.2391501,50.5067060,-0.0090376,0.0000166,15.0000000,0.0000000,0.0822,0.0990
120.8922855,-21.2364414,50.8067519,-0.0090132,0.0001158,15.0000000,0.0000000,0.0852,0.1017
121.1922664,-21.2337433,51.1067710,-0.0089697,0.0001745,15.0000000,0.0000000,0.0884,0.1043
121.4922473,-21.2310621,51.4066524,-0.0089085,0.0002333,15.0000000,0.0000000,0.0917,0.1069
121.7922281,-21.2284014,51.7065809,-0.0088309,0.0002755,15.0000000,0.0000000,0.0950,0.1095
122.0922090,-21.2257646,52.0066074,-0.0087449,0.0002976,15.0000000,0.0000000,0.0987,0.1121
122.3921898,-21.2231554,52.3065440,-0.0086523,0.0003196,15.0000000,0.0000000,0.1024,0.1147
122.6921707,-21.2205752,52.6064388,-0.0085532,0.0003427,15.0000000,0.0000000,0.1062,0.1174
122.9921515,-21.2180250,52.9064404,-0.0084460,0.0003719,15.0000000,0.0000000,0.1102,0.1199
123.2921324,-21.2155087,53.2064036,-0.0083300,0.0004010,15.0000000,0.0000000,0.1142,0.1224
123.5921133,-21.2130286,53.5063448,-0.0082054,0.0004301,15.0000000,0.0000000,0.1183,0.1250
123.8920941,-21.2105871,53.8062902,-0.0080723,0.0004572,15.0000000,0.0000000,0.1225,0.1274
124.1920750,-21.2081867,54.1062485,-0.0079311,0.0004839,15.0000000,0.0000000,0.1267,0.1297
124.4920558,-21.2058296,54.4062349,-0.0077819,0.0005105,15.0000000,0.0000000,0.1309,0.1321
124.7920367,-21.2035189,54.7061688,-0.0076247,0.0005385,15.0000000,0.0000000,0.1352,0.1345
125.0920175,-21.2012567,55.0060917,-0.0074588,0.0005675,15.0000000,0.0000000,0.1394,0.1369
125.3919984,-21.1990450,55.3060926,-0.0072842,0.0005963,15.0000000,0.0000000,0.1437,0.1394
125.6919793,-21.1968869,55.6060909,-0.0071010,0.0006259,15.0000000,0.0000000,0.1479,0.1418
125.9919601,-21.1947862,55.9059472,-0.0069085,0.0006579,15.0000000,0.0000000,0.1520,0.1436
126.2919410,-21.1927438,56.2059316,-0.0067063,0.0006898,15.0000000,0.0000000,0.1561,0.1454
126.5919218,-21.1907626,56.5060608,-0.0064946,0.0007214,15.0000000,0.0000000,0.1602,0.1473
126.8919027,-21.1888487,56.8058297,-0.0062728,0.0007582,15.0000000,0.0000000,0.1641,0.1491
127.1918835,-21.1870018,57.1057655,-0.0060399,0.0007949,15.0000000,0.0000000,0.1679,0.1509
127.4918644,-21.1852254,57.4058961,-0.0057959,0.0008312,15.0000000,0.0000000,0.1717,0.1527
127.7918453,-21.1835254,57.7057549,-0.0055407,0.0008723,15.0000000,0.0000000,0.1753,0.1545
128.0918261,-21.1819039,58.0056089,-0.0052727,0.0009154,15.0000000,0.0000000,0.1786,0.1560
128.3918070,-21.1803634,58.3057076,-0.0049915,0.0009581,15.0000000,0.0000000,0.1820,0.1576
128.6917878,-21.1789095,58.6057412,-0.0046975,0.0010037,15.0000000,0.0000000,0.1853,0.1591
128.9917687,-21.1775473,58.9054781,-0.0043890,0.0010548,15.0000000,0.0000000,0.1880,0.1604
129.2917495,-21.1762787,59.2055098,-0.0040649,0.0011054,15.0000000,0.0000000,0.1908,0.1617
129.5917304,-21.1751086,59.5058094,-0.0037254,0.0011560,15.0000000,0.0000000,0.1935,0.1630
129.8917113,-21.1740453,59.8053920,-0.0033700,0.0012167,15.0000000,0.0000000,0.1957,0.1640
130.1916921,-21.1730902,60.1053191,-0.0029961,0.0012767,15.0000000,0.0000000,0.1978,0.1649
130.4916730,-21.1722490,60.4056081,-0.0026037,0.0013361,15.0000000,0.0000000,0.1998,0.1659
130.7916538,-21.1715294,60.7053724,-0.0021934,0.0014041,15.0000000,0.0000000,0.2015,0.1667
131.0916347,-21.1709360,61.0051547,-0.0017618,0.0014751,15.0000000,0.0000000,0.2027,0.1672
131.3916155,-21.1704747,61.3053486,-0.0013085,0.0015453,15.0000000,0.0000000,0.2039,0.1677
131.6915964,-21.1701526,61.6054452,-0.0008340,0.0016198,15.0000000,0.0000000,0.2050,0.1682
131.9915773,-21.1699767,61.9050393,-0.0003363,0.0017026,15.0000000,0.0000000,0.2053,0.1683
132.2915581,-21.1699537,62.2050944,0.0001868,0.0017843,15.0000000,0.0000000,0.2056,0.1684
132.5915390,-21.1700916,62.5056282,0.0007353,0.0018650,15.0000000,0.0000000,0.2058,0.1684
132.8915198,-21.1703967,62.8050002,0.0013077,0.0019588,15.0000000,0.0000000,0.2054,0.1681
133.1915007,-21.1708783,63.1048689,0.0019090,0.0020515,15.0000000,0.0000000,0.2047,0.1675
133.4914815,-21.1715457,63.4052650,0.0025390,0.0021428,15.0000000,0.0000000,0.2039,0.1669
133.7914624,-21.1724046,63.7050695,0.0031960,0.0022440,15.0000000,0.0000000,0.2029,0.1662
134.0914433,-21.1734646,64.0047005,0.0038844,0.0023509,15.0000000,0.0000000,0.2011,0.1650
134.3914241,-21.1747382,64.3049066,0.0046060,0.0024562,15.0000000,0.0000000,0.1993,0.1639
134.6914050,-21.1762342,64.6052851,0.0053596,0.0025642,15.0000000,0.0000000,0.1975,0.1628
134.9913858,-21.1779552,64.9046233,0.0061456,0.0026873,15.0000000,0.0000000,0.1947,0.1609
135.2913667,-21.1799214,65.2045827,0.0069699,0.0028085,15.0000000,0.0000000,0.1918,0.1589
135.5913476,-21.1821453,65.5051813,0.0078322,0.0029277,15.0000000,0.0000000,0.1889,0.1568
135.8913284,-21.1846243,65.8046774,0.0087287,0.0030628,15.0000000,0.0000000,0.1855,0.1545
136.1913093,-21.1873795,66.1043291,0.0096673,0.0032010,15.0000000,0.0000000,0.1814,0.1516
136.4912901,-21.1904295,66.4046642,0.0106491,0.0033367,15.0000000,0.0000000,0.1774,0.1488
136.7912710,-21.1937794,66.7049096,0.0116714,0.0034783,15.0000000,0.0000000,0.1734,0.1460
137.0912518,-21.1974307,67.0041884,0.0127361,0.0036351,15.0000000,0.0000000,0.1683,0.1420
137.3912327,-21.2014177,67.3041926,0.0138499,0.0037891,15.0000000,0.0000000,0.1631,0.1380
137.6912136,-21.2057570,67.6049395,0.0150123,0.0039401,15.0000000,0.0000000,0.1580,0.1340
137.9911944,-21.2104290,67.9042095,0.0162166,0.0041102,15.0000000,0.0000000,0.1524,0.1295
138.2911753,-21.2154751,68.2038104,0.0174739,0.0042813,15.0000000,0.0000000,0.1462,0.1243
138.5911561,-21.2209203,68.5041931,0.0187855,0.0044490,15.0000000,0.0000000,0.1399,0.1191
138.8911370,-21.2267646,68.8044492,0.0201468,0.0046251,15.0000000,0.0000000,0.1337,0.1140
139.1911178,-21.2330018,69.1035718,0.0215602,0.0048224,15.0000000,0.0000000,0.1266,0.1074
139.4910987,-21.2396895,69.4035110,0.0230361,0.0050158,15.0000000,0.0000000,0.1195,0.1008
139.7910796,-21.2468493,69.7042825,0.0245738,0.0052052,15.0000000,0.0000000,0.1123,0.0942
140.0910604,-21.2544385,70.0035276,0.0261350,0.0051770,15.0000000,0.0000000,0.1071,0.0893
140.3910413,-21.2624962,70.3029361,0.0276719,0.0050861,15.0000000,0.0000000,0.1054,0.0874
140.6910221,-21.2710359,70.6032145,0.0291861,0.0049951,15.0000000,0.0000000,0.1037,0.0854
140.9910030,-21.2800359,70.9038024,0.0306737,0.0048727,15.0000000,0.0000000,0.1019,0.0835
141.2909838,-21.2894246,71.2028012,0.0320938,0.0046236,15.0000000,0.0000000,0.1094,0.0902
141.5909647,-21.2992533,71.5025788,0.0334444,0.0043833,15.0000000,0.0000000,0.1195,0.0992
141.8909456,-21.3095006,71.8030436,0.0347271,0.0041511,15.0000000,0.0000000,0.1295,0.1082
142.1909264,-21.3201018,72.1029354,0.0359210,0.0037172,15.0000000,0.0000000,0.1397,0.1173
142.4909073,-21.3310234,72.4024446,0.0369475,0.0031347,15.0000000,0.0000000,0.1507,0.1267
142.7908881,-21.3422421,72.7023577,0.0378019,0.0025601,15.0000000,-1.2373084,0.1616,0.1361
143.0908690,-21.3537036,73.0025825,0.0384856,0.0019917,14.9752350,-10.0507568,0.1726,0.1455
143.3908498,-21.3653240,73.3022861,0.0389909,0.0013747,14.7725283,-10.0764274,0.1840,0.1549
143.6908307,-21.3770709,73.6020572,0.0393105,0.0007564,14.5664725,-10.0946179,0.1958,0.1643
143.9908116,-21.3888875,73.9018658,0.0394449,0.0001394,14.3570797,-9.9196867,0.2076,0.1737
144.2907924,-21.4007191,74.2017399,0.0393943,-0.0004721,14.1482969,-9.6896760,0.2194,0.1831
144.5907733,-21.4125153,74.5017911,0.0391629,-0.0010698,13.9413368,-9.4683569,0.2310,0.1922
144.8907541,-21.4242058,74.8016078,0.0387518,-0.0016713,13.7360919,-9.2551554,0.2426,0.2013
145.1907350,-21.4357332,75.1010990,0.0381601,-0.0022781,13.5324603,-9.0594576,0.2541,0.2104
145.4907158,-21.4470795,75.4012141,0.0373891,-0.0028357,13.3301220,-8.8761989,0.2656,0.2194
145.7906967,-21.4581745,75.7014557,0.0364576,-0.0033670,13.1288527,-8.6987055,0.2764,0.2279
146.0906776,-21.4689438,76.0010926,0.0353672,-0.0039079,12.9285685,-8.5266416,0.2872,0.2364
146.3906584,-21.4793378,76.3000329,0.0341161,-0.0044600,12.7291879,-8.3743809,0.2981,0.2449
146.6906393,-21.4894026,76.6010737,0.0327020,-0.0049308,12.5302800,-8.2262811,0.3081,0.2529
146.9906201,-21.4989926,76.9012463,0.0311490,-0.0054139,12.3317664,-8.0819968,0.3176,0.2603
147.2906010,-21.5080649,77.2004293,0.0294544,-0.0059117,12.1335722,-7.9400108,0.3270,0.2678
147.5905818,-21.5166228,77.5001790,0.0276042,-0.0064355,11.9356555,-7.7995694,0.3364,0.2753
147.8905627,-21.5246353,77.8012465,0.0255827,-0.0069923,11.7379908,-7.6626141,0.3437,0.2813
148.1905436,-21.5319828,78.1010140,0.0234000,-0.0075698,11.5405006,-7.5289969,0.3508,0.2872
148.4905244,-21.5386200,78.3993888,0.0210519,-0.0081700,11.3431056,-7.4000089,0.3579,0.2931
148.7905053,-21.5445867,78.7008602,0.0184961,-0.0087837,11.1456862,-7.2742934,0.3641,0.2982
149.0904861,-21.5497414,79.0015040,0.0157598,-0.0094221,10.9481516,-7.1514990,0.3689,0.3020
149.3904670,-21.5540219,79.3004244,0.0128441,-0.0100899,10.7504139,-7.0050332,0.3737,0.3059
149.6904478,-21.5574058,79.5999707,0.0097037,-0.0110291,10.5531345,-6.8182636,0.3785,0.3097
149.9904287,-21.5598108,79.9017107,0.0061666,-0.0124260,10.3575069,-6.6371859,0.3802,0.3111
150.2904096,-21.5610792,80.2013718,0.0022263,-0.0138849,10.1634587,-6.4614611,0.3816,0.3122
150.5903904,-21.5611049,80.4988644,-0.0021294,-0.0154119,9.9709209,-6.3021252,0.3830,0.3134
150.8903713,-21.5597319,80.8015439,-0.0070174,-0.0168944,9.7794800,-6.1474618,0.3822,0.3132
151.1903521,-21.5568373,81.1020321,-0.0123256,-0.0184498,9.5890556,-5.9968542,0.3788,0.3116
151.4903330,-21.5523220,81.3999621,-0.0180647,-0.0200891,9.3995800,-5.8980718,0.3754,0.3099
151.7903139,-21.5459514,81.7009433,-0.0243169,-0.0212553,9.2094238,-5.8274627,0.3714,0.3079
152.0902947,-21.5376457,82.0021816,-0.0308592,-0.0221753,9.0176068,-5.7584677,0.3622,0.3030
152.3902756,-21.5274363,82.3004450,-0.0376216,-0.0231555,8.8239658,-5.7235977,0.3530,0.2982
152.6902564,-21.5151146,82.5997954,-0.0446871,-0.0237671,8.6271915,-5.7235765,0.3439,0.2934
152.9902373,-21.5005374,82.9014999,-0.0518729,-0.0238126,8.4258238,-5.7331034,0.3293,0.2847
153.2902181,-21.4839827,83.1998376,-0.0589954,-0.0238623,8.2191766,-5.7426333,0.3139,0.2755
153.5901990,-21.4653099,83.4979248,-0.0661168,-0.0236239,8.0068411,-5.7709504,0.2985,0.2663
153.8901799,-21.4442674,83.7995893,-0.0731190,-0.0226721,7.7876283,-5.8410778,0.2781,0.2523
154.1901607,-21.4214346,84.0976420,-0.0797442,-0.0216386,7.5592811,-5.9093518,0.2559,0.2363
154.4901416,-21.3967138,84.3950941,-0.0860288,-0.0203312,7.3210209,-5.9850982,0.2336,0.2204
154.7901224,-21.3698562,84.6960442,-0.0918892,-0.0184281,7.0715286,-6.0813685,0.2080,0.1975
155.0901033,-21.3416483,84.9935198,-0.0970908,-0.0163555,6.8086657,-6.1086141,0.1809,0.1712
155.3900841,-21.3119632,85.2910260,-0.1018444,-0.0175094,6.5339876,-5.8350275,0.1538,0.1450
155.6900650,-21.2804349,85.5907139,-0.1081312,-0.0242628,6.2603675,-5.6006872,0.1443,0.1313
155.9900459,-21.2470249,85.8875093,-0.1164084,-0.0311975,5.9859839,-4.8608533,0.1407,0.1219
156.2900267,-21.2105848,86.1854605,-0.1281995,-0.0546615,5.7372186,-3.7703569,0.1370,0.1125
156.5900076,-21.1691063,86.4834471,-0.1503268,-0.0927902,5.5365700,-2.7297946,0.1850,0.1583
156.8899884,-21.1197891,86.7775799,-0.1839093,-0.1327576,5.3866348,-1.9912709,0.2362,0.2076
157.1899693,-21.0582140,87.0727202,-0.2289577,-0.1641428,5.2745757,-1.2632698,0.2858,0.2666
157.4899501,-20.9824726,87.3631490,-0.2828091,-0.1950780,5.2022337,-0.5362600,0.3302,0.3560
157.7899310,-20.8906476,87.6464235,-0.3457129,-0.2243704,5.1712184,-0.5362600,0.3745,0.4454
158.0899119,-20.7789764,87.9265758,-0.4126446,-0.2192863,5.1400160,-0.3233005,0.4057,0.5860
158.3898927,-20.6501228,88.1966352,-0.4774484,-0.2137332,5.1211128,-0.1312430,0.4297,0.7541
158.6898736,-20.5042055,88.4580224,-0.5405079,-0.2068014,5.1134192,0.0684137,0.4515,0.9356
158.9898544,-20.3419010,88.7106234,-0.6012441,-0.1975402,5.1174311,0.3016337,0.4598,1.1955
159.2898353,-20.1655999,88.9522718,-0.6588619,-0.1875629,5.1350823,0.5253505,0.4682,1.4555
159.5898161,-19.9754024,89.1842325,-0.7146473,-0.1853194,5.1656810,0.5197758,0.4717,1.6441
159.8897970,-19.7727010,89.4051750,-0.7700156,-0.1838917,5.1957777,-0.8314591,0.4733,1.8029
160.1897779,-19.5582252,89.6145159,-0.8251038,-0.1872290,5.1475491,-1.3018507,0.4734,1.8192
160.4897587,-19.3323371,89.8113848,-0.8835386,-0.2027457,5.0711144,-1.0347119,0.4700,1.5004
160.7897396,-19.0944873,89.9944829,-0.9467004,-0.2179099,5.0095323,-0.8058955,0.4667,1.1816
161.0897204,-18.8460502,90.1611159,-1.0139270,-0.2310938,4.9610389,-0.5759746,0.4496,0.9533
161.3897013,-18.5862229,90.3104373,-1.0850801,-0.2435740,4.9260882,-0.4808394,0.4308,0.7368
161.6896821,-18.3151812,90.4408588,-1.1600473,-0.2502308,4.8967192,-0.4808394,0.4021,0.5609
161.9896630,-18.0378786,90.5500289,-1.2298653,-0.2184949,4.8671731,0.3489392,0.3600,0.4400
162.2896439,-17.7514712,90.6416474,-1.2910284,-0.1886814,4.8886322,1.0115036,0.3179,0.3190
162.5896247,-17.4608240,90.7167629,-1.3430325,-0.1539865,4.9503119,1.7350471,0.2658,0.2503
162.8896056,-17.1681963,90.7781688,-1.3828023,-0.1123758,5.0543595,2.6168897,0.2126,0.1878
163.1895864,-16.8712490,90.8300830,-1.4106435,-0.0727134,5.2073586,3.4844787,0.1700,0.1391
163.4895673,-16.5757397,90.8749565,-1.4286375,-0.0522397,5.4043628,3.8885225,0.1574,0.1288
163.7895481,-16.2789361,90.9152830,-1.4421684,-0.0381855,5.6160575,4.1631355,0.1448,0.1184
164.0895290,-15.9790928,90.9525192,-1.4516316,-0.0245565,5.8341943,4.4815723,0.1560,0.1303
164.3895099,-15.6838993,90.9867836,-1.4588569,-0.0244181,6.0602471,4.3667092,0.1888,0.1621
164.6894907,-15.3856117,91.0192056,-1.4662049,-0.0245415,6.2726752,4.2453458,0.2216,0.1939
164.9894716,-15.0849505,91.0496399,-1.4736284,-0.0247007,6.4725187,4.1250892,0.2493,0.2181
165.2894524,-14.7893226,91.0773456,-1.4811286,-0.0257977,6.6609605,3.9656586,0.2745,0.2386
165.5894333,-14.4899347,91.1030784,-1.4890316,-0.0267826,6.8372244,3.8105236,0.2998,0.2591
165.8894141,-14.1886061,91.1265305,-1.4972560,-0.0274663,7.0024143,3.6699255,0.3206,0.2743
166.1893950,-13.8923333,91.1471468,-1.5053779,-0.0272295,7.1579062,3.5774277,0.3395,0.2871
166.4893759,-13.5923802,91.1655687,-1.5135255,-0.0269952,7.3062946,3.4884486,0.3584,0.3000
166.7893567,-13.2900902,91.1816647,-1.5216595,-0.0266065,7.4481458,3.4115461,0.3724,0.3097
167.0893376,-12.9934964,91.1950973,-1.5293454,-0.0251854,7.5843044,3.3977828,0.3834,0.3173
167.3893184,-12.6935650,91.2064219,-1.5367016,-0.0238479,7.7175263,3.3852266,0.3943,0.3250
167.6892993,-12.3903621,91.2156854,-1.5437424,-0.0225878,7.8480073,3.3736702,0.4028,0.3311
167.9892802,-12.0934576,91.2227519,-1.5501585,-0.0206109,7.9759195,3.4131237,0.4080,0.3348
168.2892610,-11.7939754,91.2280375,-1.5560447,-0.0187125,8.1032731,3.4545095,0.4131,0.3385
168.5892419,-11.4916521,91.2316701,-1.5614276,-0.0169137,8.2301646,3.4960065,0.4177,0.3417
168.8892227,-11.1927133,91.2337378,-1.5662673,-0.0155867,8.3566189,3.5111393,0.4175,0.3418
169.1892036,-10.8938855,91.2344119,-1.5707593,-0.0144887,8.4817232,3.5150465,0.4174,0.3419
169.4891844,-10.5926229,91.2337815,-1.5749658,-0.0134470,8.6051451,3.5193363,0.4173,0.3420
169.7891653,-10.2915732,91.2319320,-1.5788633,-0.0124331,8.7269690,3.5258255,0.4148,0.3399
170.0891462,-9.9934146,91.2289892,-1.5824182,-0.0114208,8.8473357,3.5363391,0.4113,0.3369
170.3891270,-9.6931960,91.2249999,-1.5857009,-0.0104545,8.9664384,3.5472507,0.4079,0.3338
170.6891079,-9.3910064,91.2200323,-1.5887197,-0.0095301,9.0843399,3.5586049,0.4035,0.3302
170.9890887,-9.0926613,91.2142696,-1.5914719,-0.0089554,9.2011009,3.5440970,0.3966,0.3246
171.2890696,-8.7933366,91.2076862,-1.5940763,-0.0084465,9.3159315,3.5265836,0.3896,0.3190
171.5890504,-8.4923916,91.2003036,-1.5965452,-0.0079606,9.4288067,3.5094780,0.3827,0.3133
171.8890313,-8.1918010,91.1922091,-1.5988675,-0.0074711,9.5398086,3.4749743,0.3742,0.3064
172.1890122,-7.8931275,91.1834969,-1.6010226,-0.0069581,9.6484610,3.4331658,0.3650,0.2988
172.4889930,-7.5931596,91.1741212,-1.6030363,-0.0064644,9.7546178,3.3918603,0.3559,0.2913
172.7889739,-7.2919899,91.1641217,-1.6049120,-0.0059882,9.8583748,3.3510517,0.3466,0.2836
173.0889547,-6.9927782,91.1536489,-1.6066291,-0.0054714,9.9598221,3.3107342,0.3356,0.2747
173.3889356,-6.6934573,91.1426810,-1.6081900,-0.0049537,10.0590442,3.2709017,0.3246,0.2658
173.6889164,-6.3932381,91.1312334,-1.6096022,-0.0044497,10.1561206,3.2315484,0.3136,0.2569
173.9888973,-6.0925973,91.1193668,-1.6108664,-0.0039426,10.2511264,3.1926686,0.3018,0.2477
174.2888782,-5.7935498,91.1072097,-1.6119582,-0.0033552,10.3441322,3.1542566,0.2891,0.2379
174.5888590,-5.4938895,91.0947258,-1.6128777,-0.0027779,10.4352050,3.1163067,0.2764,0.2282
174.8888399,-5.1937063,91.0819693,-1.6136266,-0.0022092,10.5244082,3.0788135,0.2636,0.2185
175.1888207,-4.8937778,91.0690243,-1.6142029,-0.0016114,10.6118019,3.0417713,0.2507,0.2084
175.4888016,-4.5942604,91.0559522,-1.6145912,-0.0009799,10.6974429,3.0051748,0.2377,0.1981
175.7887824,-4.2944916,91.0427807,-1.6147909,-0.0003522,10.7813856,2.9690186,0.2248,0.1879
176.0887633,-3.9945602,91.0295704,-1.6148028,0.0002732,10.8636813,2.9332973,0.2118,0.1776
176.3887442,-3.6947124,91.0163883,-1.6146270,0.0008980,10.9443793,2.8980059,0.1987,0.1671
176.6887250,-3.3949205,91.0032897,-1.6142637,0.0015239,11.0235263,2.8631391,0.1856,0.1566
176.9887059,-3.0952327,90.9903329,-1.6137124,0.0021528,11.1011668,2.8286917,0.1725,0.1461
177.2886867,-2.7956248,90.9775733,-1.6129720,0.0027808,11.1773437,2.7946589,0.1598,0.1356
177.5886676,-2.4953714,90.9650370,-1.6120482,0.0033686,11.2520976,2.7610354,0.1478,0.1251
177.8886484,-2.1954912,90.9528201,-1.6109480,0.0039643,11.3254676,2.7278165,0.1358,0.1146
178.1886293,-1.8960736,90.9409786,-1.6096697,0.0045695,11.3974910,2.6949973,0.1238,0.1041
178.4886102,-1.5962102,90.9295306,-1.6082194,0.0049846,11.4682037,2.6625729,0.1159,0.0970
178.7885910,-1.2957062,90.9185075,-1.6066961,0.0051484,11.5376401,2.6305387,0.1096,0.0911
179.0885719,-0.9959526,90.9079761,-1.6051262,0.0053209,11.6058330,2.5821924,0.1034,0.0852
179.3885527,-0.6970464,90.8979514,-1.6035080,0.0055027,11.6723852,2.5181163,0.0983,0.0806
179.6885336,-0.3964364,90.8883650,-1.6018415,0.0055495,11.7369225,2.4730596,0.1075,0.0893
179.9885144,-0.0961002,90.8792888,-1.6001727,0.0055579,11.7999615,2.4338946,0.1166,0.0981
180.2884953,0.2032766,90.8707411,-1.5985070,0.0055651,11.8616751,2.3954780,0.1257,0.1069
180.5884762,0.5023446,90.8627009,-1.5968421,0.0055380,11.9221026,2.3625219,0.1343,0.1149
180.8884570,0.8032498,90.8551101,-1.5952014,0.0053627,11.9814003,2.3514145,0.1423,0.1221
181.1884379,1.1032255,90.8480266,-1.5936191,0.0051829,12.0401292,2.3416197,0.1503,0.1293
181.4884187,1.4022919,90.8414291,-1.5920961,0.0049987,12.0983302,2.3331257,0.1582,0.1365
181.7883996,1.7024536,90.8352573,-1.5906227,0.0048210,12.1560429,2.3243177,0.1651,0.1420
182.0883804,2.0029340,90.8295142,-1.5892000,0.0046458,12.2132666,2.3087457,0.1719,0.1472
182.3883613,2.3025453,90.8242056,-1.5878346,0.0044667,12.2698427,2.2809684,0.1786,0.1525
182.6883422,2.6015932,90.8193070,-1.5865259,0.0042874,12.3254831,2.2535254,0.1849,0.1574
182.9883230,2.9024848,90.8147656,-1.5852578,0.0041399,12.3802085,2.2264125,0.1904,0.1616
183.2883039,3.2025494,90.8106101,-1.5840380,0.0039890,12.4340390,2.1996258,0.1959,0.1658
183.5882847,3.5018074,90.8068236,-1.5828671,0.0038349,12.4869939,2.1731614,0.2014,0.1700
183.8882656,3.8019374,90.8033711,-1.5817380,0.0036956,12.5390921,2.1470154,0.2057,0.1731
184.1882465,4.1023714,90.8002486,-1.5806472,0.0035651,12.5903518,2.1211840,0.2099,0.1759
184.4882273,4.4020456,90.7974545,-1.5795987,0.0034320,12.6407906,2.0956634,0.2141,0.1788
184.7882082,4.7013471,90.7949716,-1.5785916,0.0033003,12.6904257,2.0704498,0.2177,0.1813
185.0881890,5.0020720,90.7927750,-1.5776155,0.0031909,12.7392737,2.0455395,0.2206,0.1831
185.3881699,5.3020862,90.7908710,-1.5766749,0.0030792,12.7873508,2.0209290,0.2235,0.1850
185.6881507,5.6014101,90.7892477,-1.5757702,0.0029653,12.8346726,1.9966146,0.2263,0.1868
185.9881316,5.9017005,90.7878862,-1.5748951,0.0028677,12.8812543,1.9725927,0.2280,0.1879
186.2881125,6.2019842,90.7867833,-1.5740478,0.0027755,12.9271108,1.9488598,0.2296,0.1889
186.5880933,6.5016291,90.7859322,-1.5732301,0.0026816,12.9722563,1.9254124,0.2312,0.1899
186.8880742,6.8012978,90.7853219,-1.5724406,0.0025902,13.0167050,1.9022472,0.2322,0.1904
187.1880550,7.1017862,90.7849434,-1.5716748,0.0025067,13.0604703,1.8793606,0.2326,0.1906
187.4880359,7.4016886,90.7847914,-1.5709358,0.0024216,13.1035655,1.8567494,0.2330,0.1908
187.7880167,7.7010253,90.7848569,-1.5702238,0.0023350,13.1460034,1.8344103,0.2333,0.1909
188.0879976,8.0015297,90.7851329,-1.5695375,0.0022312,13.1877967,1.8123399,0.2326,0.1904
188.3879785,8.3016314,90.7856095,-1.5688839,0.0021246,13.2289575,1.7905351,0.2319,0.1899
188.6879593,8.6012212,90.7862762,-1.5682635,0.0020165,13.2694977,1.7689926,0.2312,0.1895
188.9879402,8.9012452,90.7871253,-1.5676744,0.0019129,13.3094289,1.7477093,0.2297,0.1885
189.2879210,9.2014930,90.7881473,-1.5671151,0.0018127,13.3487623,1.7266820,0.2280,0.1873
189.5879019,9.5012835,90.7893309,-1.5665869,0.0017111,13.3875091,1.7059078,0.2263,0.1862
189.8878827,9.8009577,90.7906676,-1.5660893,0.0016124,13.4256798,1.6853835,0.2242,0.1848
190.1878636,10.1013029,90.7921528,-1.5656179,0.0015262,13.4632850,1.6651061,0.2216,0.1833
190.4878445,10.4012460,90.7937734,-1.5651732,0.0014391,13.5003349,1.6450727,0.2190,0.1817
190.7878253,10.7008065,90.7955212,-1.5647552,0.0013510,13.5368395,1.6252803,0.2163,0.1801
191.0878062,11.0010858,90.7973949,-1.5643611,0.0012755,13.5728085,1.6057260,0.2128,0.1780
191.3877870,11.3011373,90.7993822,-1.5639895,0.0012007,13.6082513,1.5864070,0.2094,0.1760
191.6877679,11.6008615,90.8014752,-1.5636409,0.0011252,13.6431773,1.5673204,0.2060,0.1740
191.9877487,11.9008620,90.8036714,-1.5633141,0.0010563,13.6775956,1.5484635,0.2020,0.1717
192.2877296,12.2009815,90.8059636,-1.5630068,0.0009918,13.7115148,1.5298334,0.1979,0.1694
192.5877105,12.5008289,90.8083429,-1.5627191,0.0009268,13.7449438,1.5114275,0.1938,0.1671
192.8876913,12.8006490,90.8108054,-1.5624509,0.0008640,13.7778910,1.4932431,0.1894,0.1647
193.1876722,13.1007988,90.8133484,-1.5622000,0.0008078,13.8103645,1.4752774,0.1848,0.1621
193.4876530,13.4007316,90.8159622,-1.5619662,0.0007511,13.8423725,1.4575279,0.1802,0.1595
193.7876339,13.7004662,90.8186419,-1.5617496,0.0006940,13.8739230,1.4399919,0.1755,0.1569
194.0876147,14.0006064,90.8213877,-1.5615489,0.0006438,13.9050235,1.4226669,0.1705,0.1541
194.3875956,14.3005894,90.8241901,-1.5613633,0.0005934,13.9356817,1.4055503,0.1655,0.1513
194.6875765,14.6004291,90.8270445,-1.5611930,0.0005426,13.9659049,1.3886397,0.1605,0.1484
194.9875573,14.9004200,90.8299492,-1.5610374,0.0004950,13.9957005,1.3719325,0.1554,0.1455
195.2875382,15.2004194,90.8328985,-1.5608959,0.0004485,14.0250753,1.3554264,0.1502,0.1426
195.5875190,15.5003306,90.8358874,-1.5607684,0.0004019,14.0540365,1.3391188,0.1450,0.1397
195.8874999,15.8002537,90.8389125,-1.5606548,0.0003562,14.0825907,1.3230074,0.1398,0.1367
196.1874807,16.1002370,90.8419702,-1.5605546,0.0003118,14.1107447,1.3070899,0.1346,0.1336
196.4874616,16.4001871,90.8450557,-1.5604677,0.0002673,14.1385049,1.2913639,0.1294,0.1305
196.7874425,16.7001218,90.8481651,-1.5603942,0.0002226,14.1658776,1.2758271,0.1243,0.1274
197.0874233,17.0000567,90.8512945,-1.5603343,0.0001771,14.1928692,1.2604772,0.1193,0.1243
197.3874042,17.3000136,90.8544400,-1.5602880,0.0001315,14.2194857,1.2453120,0.1142,0.1212
197.6873850,17.6000111,90.8575979,-1.5602553,0.0000860,14.2457332,1.2303293,0.1092,0.1180
197.9873659,17.8998929,90.8607622,-1.5602363,0.0000410,14.2716174,1.2155268,0.1045,0.1149
198.2873467,18.1998243,90.8639308,-1.5602307,-0.0000037,14.2971443,1.2009024,0.0998,0.1117
198.5873276,18.4998521,90.8671001,-1.5602385,-0.0000485,14.3223193,1.1864540,0.0951,0.1085
198.8873085,18.7997619,90.8702638,-1.5602588,-0.0000824,14.3471480,1.1721794,0.0908,0.1055
199.1872893,19.0996354,90.8734197,-1.5602875,-0.0001084,14.3716359,1.1580765,0.0867,0.1026
199.4872702,19.3996604,90.8765675,-1.5603239,-0.0001344,14.3957883,1.1441433,0.0825,0.0996
199.7872510,19.6996909,90.8797032,-1.5603696,-0.0001944,14.4196104,1.1303778,0.0801,0.0973
200.0872319,19.9995026,90.8828184,-1.5604493,-0.0003372,14.4431072,1.1167778,0.0801,0.0959
200.3872128,20.2994941,90.8859053,-1.5605718,-0.0004795,14.4662839,1.1033415,0.0800,0.0945
200.6871936,20.5996640,90.8889507,-1.5607371,-0.0006214,14.4891453,1.0900669,0.0802,0.0937
200.9871745,20.8994309,90.8919371,-1.5609354,-0.0007015,14.5116964,1.0769519,0.0815,0.0966
201.2871553,21.1993716,90.8948621,-1.5611578,-0.0007813,14.5339417,1.0639948,0.0828,0.0996
201.5871362,21.4994862,90.8977185,-1.5614042,-0.0008608,14.5558860,1.0511935,0.0841,0.1026
201.8871170,21.7993786,90.9004957,-1.5616694,-0.0008935,14.5775338,1.0385463,0.0867,0.1052
202.1870979,22.0992711,90.9031925,-1.5619393,-0.0009061,14.5988897,1.0260512,0.0895,0.1077
202.4870788,22.3993329,90.9058092,-1.5622131,-0.0009187,14.6199580,1.0137064,0.0924,0.1102
202.7870596,22.6993471,90.9083428,-1.5624902,-0.0009239,14.6407431,1.0015102,0.0949,0.1126
203.0870405,22.9991936,90.9107920,-1.5627663,-0.0009178,14.6612491,0.9894607,0.0971,0.1147
203.3870213,23.2992042,90.9131600,-1.5630407,-0.0009117,14.6814803,0.9775562,0.0993,0.1169
203.6870022,23.5993348,90.9154467,-1.5633134,-0.0009055,14.7014407,0.9657949,0.1015,0.1190
203.9869830,23.8991375,90.9176496,-1.5635839,-0.0008989,14.7211345,0.9541751,0.1036,0.1207
204.2869639,24.1990990,90.9197727,-1.5638526,-0.0008922,14.7405654,0.9426951,0.1057,0.1225
204.5869448,24.4992179,90.9218166,-1.5641194,-0.0008857,14.7597375,0.9313533,0.1078,0.1243
204.8869256,24.7991011,90.9237792,-1.5643839,-0.0008785,14.7786544,0.9201479,0.1102,0.1258
205.1869065,25.0990160,90.9256630,-1.5646463,-0.0008711,14.7973200,0.9090773,0.1127,0.1273
205.4868873,25.3990828,90.9274694,-1.5649066,-0.0008638,14.8157379,0.8981399,0.1152,0.1287
205.7868682,25.6990830,90.9291976,-1.5651646,-0.0008563,14.8339118,0.8873341,0.1169,0.1300
206.0868490,25.9989535,90.9308480,-1.5654202,-0.0008483,14.8518452,0.8766583,0.1178,0.1312
206.3868299,26.2989709,90.9324229,-1.5656735,-0.0008404,14.8695416,0.8661109,0.1188,0.1323
206.6868108,26.5990812,90.9339226,-1.5659246,-0.0008324,14.8870045,0.8556905,0.1198,0.1334
206.9867916,26.8989101,90.9353460,-1.5661729,-0.0008239,14.9042371,0.8453954,0.1212,0.1343
207.2867725,27.1988805,90.9366959,-1.5664187,-0.0008154,14.9212429,0.8352242,0.1225,0.1351
207.5867533,27.4989907,90.9379731,-1.5666622,-0.0008069,14.9380250,0.8251753,0.1238,0.1360
207.8867342,27.7988839,90.9391768,-1.5669028,-0.0007979,14.9545867,0.8152474,0.1250,0.1366
208.1867150,28.0988101,90.9403088,-1.5671407,-0.0007888,14.9709312,0.8054389,0.1261,0.1372
208.4866959,28.3988708,90.9413703,-1.5673761,-0.0007797,14.9870616,0.6466845,0.1272,0.1378
208.7866768,28.6988730,90.9423615,-1.5676086,-0.0007704,15.0000000,0.0000000,0.1282,0.1382
209.0866576,28.9987579,90.9432829,-1.5678382,-0.0007608,15.0000000,0.0000000,0.1292,0.1385
209.3866385,29.2987721,90.9441363,-1.5680650,-0.0007512,15.0000000,0.0000000,0.1301,0.1389
209.6866193,29.5988755,90.9449223,-1.5682890,-0.0007416,15.0000000,0.0000000,0.1311,0.1392
209.9866002,29.8987222,90.9456409,-1.5685098,-0.0007314,15.0000000,0.0000000,0.1318,0.1393
210.2865810,30.1986928,90.9462940,-1.5687277,-0.0007213,15.0000000,0.0000000,0.1325,0.1394
210.5865619,30.4987856,90.9468825,-1.5689427,-0.0007112,15.0000000,0.0000000,0.1332,0.1395
210.8865428,30.7987009,90.9474066,-1.5691544,-0.0007007,15.0000000,0.0000000,0.1335,0.1394
211.1865236,31.0986312,90.9478677,-1.5693630,-0.0006901,15.0000000,0.0000000,0.1338,0.1393
211.4865045,31.3986783,90.9482669,-1.5695684,-0.0006795,15.0000000,0.0000000,0.1341,0.1392
211.7864853,31.6986920,90.9486049,-1.5697707,-0.0006687,15.0000000,0.0000000,0.1344,0.1390
212.0864662,31.9985853,90.9488826,-1.5699696,-0.0006576,15.0000000,0.0000000,0.1348,0.1387
212.3864470,32.2985900,90.9491012,-1.5701652,-0.0006466,15.0000000,0.0000000,0.1351,0.1384
212.6864279,32.5986933,90.9492616,-1.5703576,-0.0006356,15.0000000,0.0000000,0.1354,0.1381
212.9864088,32.8985530,90.9493648,-1.5705464,-0.0006241,15.0000000,0.0000000,0.1353,0.1376
213.2863896,33.1985188,90.9494118,-1.5707319,-0.0006126,15.0000000,0.0000000,0.1352,0.1371
213.5863705,33.4985889,90.9494038,-1.5709140,-0.0006011,15.0000000,0.0000000,0.1352,0.1366
213.8863513,33.7985323,90.9493416,-1.5710926,-0.0005894,15.0000000,0.0000000,0.1350,0.1360
214.1863322,34.0984628,90.9492264,-1.5712676,-0.0005775,15.0000000,0.0000000,0.1349,0.1354
214.4863131,34.3984922,90.9490592,-1.5714390,-0.0005656,15.0000000,0.0000000,0.1348,0.1347
214.7862939,34.6985210,90.9488411,-1.5716070,-0.0005537,15.0000000,0.0000000,0.1346,0.1340
215.0862748,34.9984198,90.9485733,-1.5717712,-0.0005414,15.0000000,0.0000000,0.1343,0.1332
215.3862556,35.2984122,90.9482567,-1.5719317,-0.0005292,15.0000000,0.0000000,0.1340,0.1324
215.6862365,35.5984965,90.9478923,-1.5720887,-0.0005170,15.0000000,0.0000000,0.1336,0.1316
215.9862173,35.8983876,90.9474817,-1.5722419,-0.0005044,15.0000000,0.0000000,0.1334,0.1307
216.2861982,36.1983468,90.9470256,-1.5723913,-0.0004918,15.0000000,0.0000000,0.1331,0.1298
216.5861791,36.4983925,90.9465251,-1.5725369,-0.0004792,15.0000000,0.0000000,0.1328,0.1289
216.8861599,36.7983640,90.9459816,-1.5726788,-0.0004665,15.0000000,0.0000000,0.1322,0.1279
217.1861408,37.0982939,90.9453962,-1.5728167,-0.0004535,15.0000000,0.0000000,0.1314,0.1268
217.4861216,37.3983049,90.9447698,-1.5729509,-0.0004406,15.0000000,0.0000000,0.1306,0.1258
217.7861025,37.6983467,90.9441037,-1.5730812,-0.0004277,15.0000000,0.0000000,0.1299,0.1247
218.0860833,37.9982512,90.9433994,-1.5732075,-0.0004145,15.0000000,0.0000000,0.1292,0.1236
218.3860642,38.2982315,90.9426577,-1.5733298,-0.0004013,15.0000000,0.0000000,0.1285,0.1224
218.6860451,38.5982860,90.9418796,-1.5734483,-0.0003882,15.0000000,0.0000000,0.1278,0.1213
218.9860259,38.8982165,90.9410670,-1.5735627,-0.0003747,15.0000000,0.0000000,0.1275,0.1201
219.2860068,39.1981702,90.9402205,-1.5736731,-0.0003613,15.0000000,0.0000000,0.1273,0.1188
219.5859876,39.4981926,90.9393414,-1.5737794,-0.0003478,15.0000000,0.0000000,0.1271,0.1176
219.8859685,39.7981873,90.9384310,-1.5738818,-0.0003343,15.0000000,0.0000000,0.1262,0.1163
220.1859493,40.0981185,90.9374908,-1.5739800,-0.0003206,15.0000000,0.0000000,0.1246,0.1150
220.4859302,40.3981132,90.9365215,-1.5740741,-0.0003069,15.0000000,0.0000000,0.1229,0.1137
220.7859111,40.6981614,90.9355244,-1.5741641,-0.0002932,15.0000000,0.0000000,0.1213,0.1124
221.0858919,40.9980743,90.9345014,-1.5742500,-0.0002793,15.0000000,0.0000000,0.1203,0.1110
221.3858728,41.2980453,90.9334530,-1.5743316,-0.0002654,15.0000000,0.0000000,0.1192,0.1096
221.6858536,41.5980727,90.9323806,-1.5744092,-0.0002515,15.0000000,0.0000000,0.1182,0.1082
221.9858345,41.8980350,90.9312857,-1.5744825,-0.0002375,15.0000000,0.0000000,0.1171,0.1068
222.2858153,42.1979867,90.9301696,-1.5745516,-0.0002234,15.0000000,0.0000000,0.1160,0.1054
222.5857962,42.4979894,90.9290331,-1.5746165,-0.0002093,15.0000000,0.0000000,0.1148,0.1039
222.8857771,42.7979983,90.9278778,-1.5746772,-0.0001951,15.0000000,0.0000000,0.1137,0.1025
223.1857579,43.0979349,90.9267052,-1.5747336,-0.0001809,15.0000000,0.0000000,0.1125,0.1010
223.4857388,43.3979173,90.9255162,-1.5747857,-0.0001666,15.0000000,0.0000000,0.1113,0.0995
223.7857196,43.6979437,90.9243120,-1.5748336,-0.0001524,15.0000000,0.0000000,0.1101,0.0981
224.0857005,43.9978876,90.9230944,-1.5748771,-0.0001380,15.0000000,0.0000000,0.1089,0.0966
224.3856813,44.2978540,90.9218643,-1.5749163,-0.0001236,15.0000000,0.0000000,0.1077,0.0951
224.6856622,44.5978592,90.9206229,-1.5749513,-0.0001092,15.0000000,0.0000000,0.1065,0.0936
224.9856431,44.8978423,90.9193718,-1.5749819,-0.0000948,15.0000000,0.0000000,0.1052,0.0920
225.2856239,45.1977971,90.9181123,-1.5750081,-0.0000803,15.0000000,0.0000000,0.1040,0.0905
225.5856048,45.4977855,90.9168454,-1.5750300,-0.0000658,15.0000000,0.0000000,0.1028,0.0890
225.8855856,45.7977965,90.9155725,-1.5750476,-0.0000513,15.0000000,0.0000000,0.1015,0.0875
226.1855665,46.0977442,90.9142952,-1.5750608,-0.0000367,15.0000000,0.0000000,0.1002,0.0859
226.4855473,46.3977201,90.9130146,-1.5750696,-0.0000221,15.0000000,0.0000000,0.0989,0.0844
226.7855282,46.6977225,90.9117318,-1.5750740,-0.0000075,15.0000000,0.0000000,0.0976,0.0829
227.0855091,46.9976926,90.9104485,-1.5750741,0.0000071,15.0000000,0.0000000,0.0964,0.0814
227.3854899,47.2976606,90.9091658,-1.5750697,0.0000218,15.0000000,0.0000000,0.0951,0.0799
227.6854708,47.5976498,90.9078850,-1.5750610,0.0000365,15.0000000,0.0000000,0.0938,0.0783
227.9854516,47.8976400,90.9066075,-1.5750479,0.0000509,15.0000000,0.0000000,0.0926,0.0769
228.2854325,48.1976044,90.9053347,-1.5750305,0.0000651,15.0000000,0.0000000,0.0917,0.0758
228.5854133,48.4975849,90.9040677,-1.5750088,0.0000792,15.0000000,0.0000000,0.0908,0.0747
228.8853942,48.7975797,90.9028077,-1.5749829,0.0000934,15.0000000,0.0000000,0.0899,0.0736
229.1853751,49.0975492,90.9015563,-1.5749531,0.0001055,15.0000000,0.0000000,0.0910,0.0746
229.4853559,49.3975254,90.9003143,-1.5749196,0.0001175,15.0000000,0.0000000,0.0925,0.0760
229.7853368,49.6975107,90.8990828,-1.5748826,0.0001294,15.0000000,0.0000000,0.0939,0.0773
230.0853176,49.9974922,90.8978630,-1.5748420,0.0001411,15.0000000,0.0000000,0.0954,0.0786
230.3852985,50.2974686,90.8966559,-1.5747980,0.0001524,15.0000000,0.0000000,0.0968,0.0796
230.6852794,50.5974488,90.8954625,-1.5747505,0.0001638,15.0000000,0.0000000,0.0983,0.0806
230.9852602,50.8974310,90.8942838,-1.5746997,0.0001752,15.0000000,0.0000000,0.0997,0.0816
231.2852411,51.1974119,90.8931210,-1.5746454,0.0001865,15.0000000,0.0000000,0.1011,0.0828
231.5852219,51.4973916,90.8919749,-1.5745878,0.0001979,15.0000000,0.0000000,0.1025,0.0839
231.8852028,51.7973682,90.8908466,-1.5745267,0.0002092,15.0000000,0.0000000,0.1038,0.0851
232.1851836,52.0973529,90.8897371,-1.5744622,0.0002205,15.0000000,0.0000000,0.1052,0.0862
232.4851645,52.3973364,90.8886475,-1.5743944,0.0002318,15.0000000,0.0000000,0.1065,0.0872
232.7851454,52.6973116,90.8875788,-1.5743232,0.0002431,15.0000000,0.0000000,0.1078,0.0883
233.0851262,52.9972889,90.8865319,-1.5742485,0.0002544,15.0000000,0.0000000,0.1091,0.0894
233.3851071,53.2972806,90.8855079,-1.5741705,0.0002656,15.0000000,0.0000000,0.1103,0.0904
233.6850879,53.5972588,90.8845078,-1.5740892,0.0002768,15.0000000,0.0000000,0.1115,0.0914
233.9850688,53.8972220,90.8835327,-1.5740045,0.0002880,15.0000000,0.0000000,0.1127,0.0924
234.2850496,54.1972216,90.8825833,-1.5739164,0.0002991,15.0000000,0.0000000,0.1139,0.0933
234.5850305,54.4972073,90.8816610,-1.5738251,0.0003101,15.0000000,0.0000000,0.1150,0.0942
234.8850114,54.7971727,90.8807666,-1.5737304,0.0003212,15.0000000,0.0000000,0.1161,0.0951
235.1849922,55.0971568,90.8799010,-1.5736324,0.0003323,15.0000000,0.0000000,0.1172,0.0960
235.4849731,55.3971542,90.8790653,-1.5735310,0.0003433,15.0000000,0.0000000,0.1182,0.0969
235.7849539,55.6971263,90.8782606,-1.5734264,0.0003543,15.0000000,0.0000000,0.1192,0.0978
236.0849348,55.9970837,90.8774878,-1.5733185,0.0003651,15.0000000,0.0000000,0.1202,0.0987
236.3849156,56.2970971,90.8767477,-1.5732075,0.0003747,15.0000000,0.0000000,0.1211,0.0993
236.6848965,56.5970801,90.8760414,-1.5730936,0.0003842,15.0000000,0.0000000,0.1220,0.0999
236.9848774,56.8970308,90.8753697,-1.5729770,0.0003938,15.0000000,0.0000000,0.1229,0.1006
237.2848582,57.1970334,90.8747334,-1.5728576,0.0004009,15.0000000,0.0000000,0.1236,0.1012
237.5848391,57.4970314,90.8741331,-1.5727364,0.0004071,15.0000000,0.0000000,0.1244,0.1019
237.8848199,57.7969922,90.8735696,-1.5726134,0.0004133,15.0000000,0.0000000,0.1251,0.1026
238.1848008,58.0969606,90.8730432,-1.5724886,0.0004178,15.0000000,0.0000000,0.1258,0.1033
238.4847816,58.3969781,90.8725543,-1.5723630,0.0004191,15.0000000,0.0000000,0.1264,0.1040
238.7847625,58.6969530,90.8721032,-1.5722371,0.0004204,15.0000000,0.0000000,0.1269,0.1047
239.0847434,58.9968836,90.8716900,-1.5721108,0.0004216,15.0000000,0.0000000,0.1275,0.1055
239.3847242,59.2969160,90.8713147,-1.5719835,0.0004275,15.0000000,0.0000000,0.1279,0.1055
239.6847051,59.5969087,90.8709779,-1.5718543,0.0004336,15.0000000,0.0000000,0.1283,0.1055
239.9846859,59.8968533,90.8706801,-1.5717234,0.0004397,15.0000000,0.0000000,0.1286,0.1054
240.2846668,60.1968415,90.8704219,-1.5715906,0.0004449,15.0000000,0.0000000,0.1289,0.1055
240.5846476,60.4968528,90.8702037,-1.5714564,0.0004495,15.0000000,0.0000000,0.1291,0.1057
240.8846285,60.7968155,90.8700260,-1.5713209,0.0004540,15.0000000,0.0000000,0.1293,0.1059
241.1846094,61.0967584,90.8698891,-1.5711841,0.0004558,15.0000000,0.0000000,0.1294,0.1061
241.4845902,61.3967872,90.8697931,-1.5710491,0.0004445,15.0000000,0.0000000,0.1294,0.1061
241.7845711,61.6967688,90.8697371,-1.5709174,0.0004332,15.0000000,0.0000000,0.1294,0.1062
242.0845519,61.9967034,90.8697201,-1.5707892,0.0004219,15.0000000,0.0000000,0.1294,0.1062
242.3845328,62.2967159,90.8697411,-1.5706641,0.0004120,15.0000000,0.0000000,0.1293,0.1062
242.6845136,62.5967151,90.8697992,-1.5705420,0.0004024,15.0000000,0.0000000,0.1291,0.1061
242.9844945,62.8966684,90.8698934,-1.5704227,0.0003928,15.0000000,0.0000000,0.1290,0.1061
243.2844754,63.1966383,90.8700230,-1.5703063,0.0003831,15.0000000,0.0000000,0.1287,0.1060
243.5844562,63.4966544,90.8701872,-1.5701928,0.0003732,15.0000000,0.0000000,0.1284,0.1058
243.8844371,63.7966254,90.8703848,-1.5700824,0.0003633,15.0000000,0.0000000,0.1281,0.1056
244.1844179,64.0965553,90.8706152,-1.5699749,0.0003534,15.0000000,0.0000000,0.1278,0.1054
244.4843988,64.3965873,90.8708774,-1.5698703,0.0003438,15.0000000,0.0000000,0.1273,0.1051
244.7843796,64.6965752,90.8711705,-1.5697686,0.0003341,15.0000000,0.0000000,0.1268,0.1048
245.0843605,64.9965192,90.8714937,-1.5696698,0.0003244,15.0000000,0.0000000,0.1264,0.1046
245.3843414,65.2965141,90.8718461,-1.5695740,0.0003148,15.0000000,0.0000000,0.1258,0.1042
245.6843222,65.5965180,90.8722268,-1.5694810,0.0003052,15.0000000,0.0000000,0.1252,0.1038
245.9843031,65.8964790,90.8726349,-1.5693909,0.0002956,15.0000000,0.0000000,0.1246,0.1034
246.2842839,66.1964354,90.8730697,-1.5693036,0.0002860,15.0000000,0.0000000,0.1240,0.1031
246.5842648,66.4964545,90.8735302,-1.5692193,0.0002765,15.0000000,0.0000000,0.1233,0.1026
246.8842457,66.7964316,90.8740156,-1.5691377,0.0002670,15.0000000,0.0000000,0.1226,0.1021
247.1842265,67.0963670,90.8745249,-1.5690591,0.0002575,15.0000000,0.0000000,0.1218,0.1016
247.4842074,67.3963851,90.8750576,-1.5689832,0.0002481,15.0000000,0.0000000,0.1210,0.1011
247.7841882,67.6963775,90.8756125,-1.5689102,0.0002387,15.0000000,0.0000000,0.1202,0.1005
248.0841691,67.9963291,90.8761889,-1.5688400,0.0002293,15.0000000,0.0000000,0.1193,0.0999
248.3841499,68.2963101,90.8767859,-1.5687727,0.0002199,15.0000000,0.0000000,0.1185,0.0994
248.6841308,68.5963172,90.8774028,-1.5687081,0.0002106,15.0000000,0.0000000,0.1175,0.0989
248.9841117,68.8962842,90.8780385,-1.5686463,0.0002013,15.0000000,0.0000000,0.1166,0.0984
249.2840925,69.1962301,90.8786923,-1.5685873,0.0001920,15.0000000,0.0000000,0.1156,0.0979
249.5840734,69.4962510,90.8793636,-1.5685311,0.0001828,15.0000000,0.0000000,0.1146,0.0972
249.8840542,69.7962328,90.8800512,-1.5684776,0.0001736,15.0000000,0.0000000,0.1136,0.0964
250.1840351,70.0961757,90.8807543,-1.5684269,0.0001643,15.0000000,0.0000000,0.1125,0.0956
250.4840159,70.3961796,90.8814724,-1.5683790,0.0001552,15.0000000,0.0000000,0.1114,0.0948
250.7839968,70.6961754,90.8822045,-1.5683338,0.0001461,15.0000000,0.0000000,0.1103,0.0940
251.0839777,70.9961331,90.8829495,-1.5682914,0.0001369,15.0000000,0.0000000,0.1092,0.0932
251.3839585,71.2961032,90.8837070,-1.5682517,0.0001278,15.0000000,0.0000000,0.1081,0.0924
251.6839394,71.5961124,90.8844760,-1.5682147,0.0001188,15.0000000,0.0000000,0.1069,0.0917
251.9839202,71.8960842,90.8852556,-1.5681804,0.0001097,15.0000000,0.0000000,0.1057,0.0909
252.2839011,72.1960224,90.8860450,-1.5681489,0.0001007,15.0000000,0.0000000,0.1045,0.0901
252.5838819,72.4960442,90.8868437,-1.5681200,0.0000917,15.0000000,0.0000000,0.1033,0.0893
252.8838628,72.7960296,90.8876506,-1.5680938,0.0000827,15.0000000,0.0000000,0.1021,0.0885
253.1838437,73.0959788,90.8884648,-1.5680704,0.0000738,15.0000000,0.0000000,0.1008,0.0877
253.4838245,73.3959715,90.8892857,-1.5680496,0.0000648,15.0000000,0.0000000,0.0995,0.0869
253.7838054,73.6959697,90.8901125,-1.5680315,0.0000559,15.0000000,0.0000000,0.0983,0.0861
254.0837862,73.9959325,90.8909443,-1.5680160,0.0000471,15.0000000,0.0000000,0.0970,0.0853
254.3837671,74.2958945,90.8917803,-1.5680032,0.0000382,15.0000000,0.0000000,0.0957,0.0844
254.6837479,74.5959049,90.8926198,-1.5679931,0.0000294,15.0000000,0.0000000,0.0944,0.0836
254.9837288,74.8958807,90.8934619,-1.5679856,0.0000205,15.0000000,0.0000000,0.0930,0.0827
255.2837097,75.1958222,90.8943057,-1.5679808,0.0000117,15.0000000,0.0000000,0.0917,0.0819
255.5836905,75.4958357,90.8951508,-1.5679786,0.0000030,15.0000000,0.0000000,0.0904,0.0811
255.8836714,75.7958238,90.8959961,-1.5679790,-0.0000058,15.0000000,0.0000000,0.0890,0.0803
256.1836522,76.0957784,90.8968408,-1.5679821,-0.0000145,15.0000000,0.0000000,0.0877,0.0795
256.4836331,76.3957625,90.8976843,-1.5679877,-0.0000233,15.0000000,0.0000000,0.0867,0.0790
256.7836139,76.6957624,90.8985257,-1.5679960,-0.0000319,15.0000000,0.0000000,0.0864,0.0792
257.0835948,76.9957295,90.8993641,-1.5680069,-0.0000406,15.0000000,0.0000000,0.0861,0.0794
257.3835757,77.2956858,90.9001989,-1.5680204,-0.0000493,15.0000000,0.0000000,0.0858,0.0796
257.6835565,77.5956968,90.9010293,-1.5680364,-0.0000579,15.0000000,0.0000000,0.0866,0.0809
257.9835374,77.8956758,90.9018545,-1.5680551,-0.0000665,15.0000000,0.0000000,0.0875,0.0822
258.2835182,78.1956231,90.9026736,-1.5680764,-0.0000751,15.0000000,0.0000000,0.0883,0.0836
258.5834991,78.4956274,90.9034861,-1.5681002,-0.0000837,15.0000000,0.0000000,0.0891,0.0849
258.8834799,78.7956177,90.9042910,-1.5681266,-0.0000923,15.0000000,0.0000000,0.0899,0.0863
259.1834608,79.0955771,90.9050876,-1.5681555,-0.0001008,15.0000000,0.0000000,0.0907,0.0876
259.4834417,79.3955548,90.9058751,-1.5681871,-0.0001093,15.0000000,0.0000000,0.0915,0.0890
259.7834225,79.6955557,90.9066528,-1.5682211,-0.0001178,15.0000000,0.0000000,0.0922,0.0903
260.0834034,79.9955265,90.9074199,-1.5682578,-0.0001263,15.0000000,0.0000000,0.0930,0.0916
260.3833842,80.2954793,90.9081755,-1.5682969,-0.0001348,15.0000000,0.0000000,0.0938,0.0929
260.6833651,80.5954902,90.9089192,-1.5683386,-0.0001433,15.0000000,0.0000000,0.0945,0.0942
260.9833459,80.8954718,90.9096499,-1.5683829,-0.0001517,15.0000000,0.0000000,0.0952,0.0955
261.2833268,81.1954245,90.9103669,-1.5684297,-0.0001602,15.0000000,0.0000000,0.0960,0.0967
261.5833077,81.4954216,90.9110695,-1.5684790,-0.0001686,15.0000000,0.0000000,0.0967,0.0980
261.8832885,81.7954134,90.9117570,-1.5685308,-0.0001769,15.0000000,0.0000000,0.0974,0.0992
262.1832694,82.0953770,90.9124285,-1.5685851,-0.0001853,15.0000000,0.0000000,0.0981,0.1004
262.4832502,82.3953503,90.9130833,-1.5686420,-0.0001937,15.0000000,0.0000000,0.0987,0.1016
262.7832311,82.6953516,90.9137208,-1.5687013,-0.0002020,15.0000000,0.0000000,0.0993,0.1028
263.0832120,82.9953255,90.9143400,-1.5687632,-0.0002104,15.0000000,0.0000000,0.1000,0.1040
263.3831928,83.2952766,90.9149403,-1.5688276,-0.0002187,15.0000000,0.0000000,0.1006,0.1051
263.6831737,83.5952868,90.9155210,-1.5688944,-0.0002270,15.0000000,0.0000000,0.1012,0.1062
263.9831545,83.8952705,90.9160812,-1.5689638,-0.0002353,15.0000000,0.0000000,0.1017,0.1073
264.2831354,84.1952279,90.9166201,-1.5690356,-0.0002436,15.0000000,0.0000000,0.1022,0.1084
264.5831162,84.4952195,90.9171372,-1.5691099,-0.0002519,15.0000000,0.0000000,0.1028,0.1095
264.8830971,84.7952121,90.9176317,-1.5691867,-0.0002601,15.0000000,0.0000000,0.1033,0.1105
265.1830780,85.0951795,90.9181027,-1.5692660,-0.0002684,15.0000000,0.0000000,0.1037,0.1115
265.4830588,85.3951500,90.9185495,-1.5693478,-0.0002766,15.0000000,0.0000000,0.1042,0.1125
265.7830397,85.6951510,90.9189715,-1.5694320,-0.0002849,15.0000000,0.0000000,0.1046,0.1134
266.0830205,85.9951275,90.9193679,-1.5695187,-0.0002931,15.0000000,0.0000000,0.1050,0.1143
266.3830014,86.2950799,90.9197378,-1.5696078,-0.0003013,15.0000000,0.0000000,0.1054,0.1152
266.6829822,86.5950872,90.9200807,-1.5696994,-0.0003095,15.0000000,0.0000000,0.1058,0.1160
266.9829631,86.8950723,90.9203957,-1.5697935,-0.0003176,15.0000000,0.0000000,0.1061,0.1168
267.2829440,87.1950341,90.9206821,-1.5698900,-0.0003258,15.0000000,0.0000000,0.1064,0.1175
267.5829248,87.4950214,90.9209392,-1.5699890,-0.0003340,15.0000000,0.0000000,0.1066,0.1183
267.8829057,87.7950142,90.9211662,-1.5700904,-0.0003421,15.0000000,0.0000000,0.1068,0.1189
268.1828865,88.0949847,90.9213625,-1.5701942,-0.0003503,15.0000000,0.0000000,0.1071,0.1196
268.4828674,88.3949537,90.9215272,-1.5703005,-0.0003584,15.0000000,0.0000000,0.1073,0.1203
268.7828482,88.6949535,90.9216597,-1.5704093,-0.0003666,15.0000000,0.0000000,0.1074,0.1208
269.0828291,88.9949319,90.9217592,-1.5705205,-0.0003747,15.0000000,0.0000000,0.1075,0.1213
269.3828100,89.2948894,90.9218250,-1.5706341,-0.0003828,15.0000000,0.0000000,0.1076,0.1218
269.6827908,89.5948905,90.9218563,-1.5707501,-0.0003909,15.0000000,0.0000000,0.1076,0.1223
269.9827717,89.8948762,90.9218525,-1.5708686,-0.0003990,15.0000000,0.0000000,0.1076,0.1226
270.2827525,90.1948418,90.9218127,-1.5709895,-0.0004071,15.0000000,0.0000000,0.1076,0.1230
270.5827334,90.4948257,90.9217363,-1.5711128,-0.0004152,15.0000000,0.0000000,0.1076,0.1233
270.8827142,90.7948177,90.9216226,-1.5712386,-0.0004233,15.0000000,0.0000000,0.1075,0.1235
271.1826951,91.0947907,90.9214707,-1.5713668,-0.0004313,15.0000000,0.0000000,0.1074,0.1237
271.4826760,91.3947593,90.9212801,-1.5714974,-0.0004394,15.0000000,0.0000000,0.1073,0.1239
271.7826568,91.6947568,90.9210499,-1.5716304,-0.0004475,15.0000000,0.0000000,0.1070,0.1240
272.0826377,91.9947364,90.9207794,-1.5717658,-0.0004555,15.0000000,0.0000000,0.1067,0.1240
272.3826185,92.2946984,90.9204680,-1.5719037,-0.0004636,15.0000000,0.0000000,0.1064,0.1240
272.6825994,92.5946937,90.9201148,-1.5720440,-0.0004717,15.0000000,0.0000000,0.1060,0.1239
272.9825802,92.8946790,90.9197192,-1.5721867,-0.0004797,15.0000000,0.0000000,0.1057,0.1238
273.2825611,93.1946478,90.9192804,-1.5723318,-0.0004878,15.0000000,0.0000000,0.1053,0.1236
273.5825420,93.4946288,90.9187977,-1.5724793,-0.0004958,15.0000000,0.0000000,0.1049,0.1234
273.8825228,93.7946189,90.9182704,-1.5726293,-0.0005039,15.0000000,0.0000000,0.1043,0.1230
274.1825037,94.0945935,90.9176978,-1.5727816,-0.0005119,15.0000000,0.0000000,0.1037,0.1227
274.4824845,94.3945624,90.9170791,-1.5729364,-0.0005200,15.0000000,0.0000000,0.1031,0.1223
274.7824654,94.6945562,90.9164136,-1.5730936,-0.0005280,15.0000000,0.0000000,0.1024,0.1218
275.0824462,94.9945358,90.9157006,-1.5732531,-0.0005360,15.0000000,0.0000000,0.1017,0.1212
275.3824271,95.2945017,90.9149394,-1.5734151,-0.0005440,15.0000000,0.0000000,0.1010,0.1206
275.6824080,95.5944913,90.9141292,-1.5735795,-0.0005521,15.0000000,0.0000000,0.1002,0.1199
275.9823888,95.8944749,90.9132693,-1.5737464,-0.0005603,15.0000000,0.0000000,0.0993,0.1191
276.2823697,96.1944459,90.9123591,-1.5739157,-0.0005685,15.0000000,0.0000000,0.0984,0.1183
276.5823505,96.4944243,90.9113976,-1.5740874,-0.0005764,15.0000000,0.0000000,0.0976,0.1174
276.8823314,96.7944108,90.9103843,-1.5742615,-0.0005839,15.0000000,0.0000000,0.0965,0.1164
277.1823122,97.0943861,90.9093184,-1.5744377,-0.0005914,15.0000000,0.0000000,0.0955,0.1153
277.4822931,97.3943556,90.9081994,-1.5746163,-0.0005993,15.0000000,0.0000000,0.0944,0.1143
277.7822740,97.6943439,90.9070263,-1.5747976,-0.0006093,15.0000000,0.0000000,0.0932,0.1130
278.0822548,97.9943222,90.9057985,-1.5749819,-0.0006193,15.0000000,0.0000000,0.0920,0.1117
278.3822357,98.2942911,90.9045149,-1.5751691,-0.0006293,15.0000000,0.0000000,0.0908,0.1104
278.6822165,98.5942746,90.9031749,-1.5753562,-0.0006128,15.0000000,0.0000000,0.0895,0.1090
278.9821974,98.8942551,90.9017798,-1.5755366,-0.0005899,15.0000000,0.0000000,0.0881,0.1074
279.2821783,99.1942273,90.9003316,-1.5757101,-0.0005669,15.0000000,0.0000000,0.0867,0.1058
279.5821591,99.4942020,90.8988325,-1.5758747,-0.0005140,15.0000000,0.0000000,0.0853,0.1042
279.8821400,99.7941821,90.8972873,-1.5760157,-0.0004257,15.0000000,0.0000000,0.0837,0.1023
280.1821208,100.0941567,90.8957038,-1.5761301,-0.0003374,15.0000000,0.0000000,0.0821,0.1004
280.4821017,100.3941276,90.8940899,-1.5762182,-0.0002576,15.0000000,0.0000000,0.0806,0.0985
280.7820825,100.6940976,90.8924521,-1.5762933,-0.0002432,15.0000000,0.0000000,0.0789,0.0963
281.0820634,100.9940713,90.8907924,-1.5763641,-0.0002289,15.0000000,0.0000000,0.0772,0.0941
281.3820443,101.2940538,90.8891121,-1.5764306,-0.0002145,15.0000000,0.0000000,0.0755,0.0918
281.6820251,101.5940116,90.8874127,-1.5764908,-0.0001821,15.0000000,0.0000000,0.0750,0.0907
281.9820060,101.8939767,90.8856970,-1.5765397,-0.0001444,15.0000000,0.0000000,0.0767,0.0916
282.2819868,102.1939653,90.8839681,-1.5765774,-0.0001067,15.0000000,0.0000000,0.0784,0.0925
282.5819677,102.4939382,90.8822296,-1.5766039,-0.0000709,15.0000000,0.0000000,0.0800,0.0935
282.8819485,102.7938845,90.8804850,-1.5766201,-0.0000376,15.0000000,0.0000000,0.0828,0.0951
283.1819294,103.0938681,90.8787367,-1.5766264,-0.0000042,15.0000000,0.0000000,0.0855,0.0968
283.4819103,103.3938816,90.8769879,-1.5766227,0.0000292,15.0000000,0.0000000,0.0883,0.0984
283.7818911,103.6937992,90.8752423,-1.5766087,0.0000642,15.0000000,0.0000000,0.0911,0.1001
284.0818720,103.9937679,90.8735021,-1.5765842,0.0000991,15.0000000,0.0000000,0.0940,0.1018
284.3818528,104.2937923,90.8717706,-1.5765492,0.0001340,15.0000000,0.0000000,0.0969,0.1035
284.6818337,104.5937269,90.8700516,-1.5765037,0.0001693,15.0000000,0.0000000,0.0997,0.1052
284.9818145,104.8936707,90.8683479,-1.5764476,0.0002047,15.0000000,0.0000000,0.1026,0.1069
285.2817954,105.1936839,90.8666621,-1.5763809,0.0002400,15.0000000,0.0000000,0.1055,0.1086
285.5817763,105.4936735,90.8649981,-1.5763036,0.0002758,15.0000000,0.0000000,0.1084,0.1103
285.8817571,105.7935823,90.8633594,-1.5762154,0.0003123,15.0000000,0.0000000,0.1113,0.1119
286.1817380,106.0935741,90.8617483,-1.5761162,0.0003488,15.0000000,0.0000000,0.1141,0.1135
286.4817188,106.3936453,90.8601681,-1.5760061,0.0003852,15.0000000,0.0000000,0.1169,0.1151
286.7816997,106.6935087,90.8586238,-1.5758850,0.0004230,15.0000000,0.0000000,0.1197,0.1167
287.0816805,106.9934688,90.8571170,-1.5757524,0.0004608,15.0000000,0.0000000,0.1224,0.1182
287.3816614,107.2935300,90.8556512,-1.5756085,0.0004984,15.0000000,0.0000000,0.1251,0.1197
287.6816423,107.5934563,90.8542309,-1.5754532,0.0005373,15.0000000,0.0000000,0.1278,0.1211
287.9816231,107.8933740,90.8528589,-1.5752862,0.0005767,15.0000000,0.0000000,0.1303,0.1225
288.2816040,108.1934066,90.8515384,-1.5751072,0.0006160,15.0000000,0.0000000,0.1327,0.1238
288.5815848,108.4934316,90.8502733,-1.5749165,0.0006559,15.0000000,0.0000000,0.1352,0.1251
288.8815657,108.7932959,90.8490679,-1.5747136,0.0006972,15.0000000,0.0000000,0.1375,0.1263
289.1815465,109.0932890,90.8479247,-1.5744982,0.0007385,15.0000000,0.0000000,0.1397,0.1274
289.4815274,109.3934157,90.8468476,-1.5742704,0.0007795,15.0000000,0.0000000,0.1419,0.1285
289.7815083,109.6932412,90.8458416,-1.5740302,0.0008230,15.0000000,0.0000000,0.1439,0.1296
290.0814891,109.9931833,90.8449093,-1.5737769,0.0008664,15.0000000,0.0000000,0.1457,0.1305
290.3814700,110.2932731,90.8440545,-1.5735103,0.0009097,15.0000000,0.0000000,0.1476,0.1314
290.6814508,110.5932172,90.8432821,-1.5732309,0.0009546,15.0000000,0.0000000,0.1493,0.1323
290.9814317,110.8930961,90.8425956,-1.5729377,0.0010006,15.0000000,0.0000000,0.1507,0.1329
291.2814125,111.1931370,90.8419988,-1.5726306,0.0010464,15.0000000,0.0000000,0.1521,0.1335
291.5813934,111.4932318,90.8414962,-1.5723097,0.0010926,15.0000000,0.0000000,0.1535,0.1341
291.8813743,111.7930344,90.8410923,-1.5719748,0.0011415,15.0000000,0.0000000,0.1545,0.1345
292.1813551,112.0930136,90.8407909,-1.5716251,0.0011901,15.0000000,0.0000000,0.1554,0.1348
292.4813360,112.3931748,90.8405964,-1.5712606,0.0012385,15.0000000,0.0000000,0.1563,0.1351
292.7813168,112.6930059,90.8405137,-1.5708816,0.0012898,15.0000000,0.0000000,0.1570,0.1354
293.0812977,112.9929099,90.8405469,-1.5704870,0.0013416,15.0000000,0.0000000,0.1573,0.1355
293.3812785,113.2930107,90.8407009,-1.5700767,0.0013931,15.0000000,0.0000000,0.1576,0.1356
293.6812594,113.5930192,90.8409802,-1.5696509,0.0014462,15.0000000,0.0000000,0.1580,0.1357
293.9812403,113.8928331,90.8413895,-1.5692090,0.0015015,15.0000000,0.0000000,0.1577,0.1350
294.2812211,114.1928591,90.8419341,-1.5687503,0.0015565,15.0000000,0.0000000,0.1574,0.1343
294.5812020,114.4930836,90.8426193,-1.5682748,0.0016113,15.0000000,0.0000000,0.1571,0.1336
294.8811828,114.7927915,90.8434483,-1.5677830,0.0016701,15.0000000,0.0000000,0.1564,0.1327
295.1811637,115.0927270,90.8444281,-1.5672733,0.0017286,15.0000000,0.0000000,0.1554,0.1317
295.4811446,115.3928956,90.8455644,-1.5667457,0.0017868,15.0000000,0.0000000,0.1544,0.1308
295.7811254,115.6927943,90.8468604,-1.5662008,0.0018484,15.0000000,0.0000000,0.1534,0.1298
296.0811063,115.9926224,90.8483223,-1.5656370,0.0019120,15.0000000,0.0000000,0.1517,0.1281
296.3810871,116.2926994,90.8499576,-1.5650538,0.0019753,15.0000000,0.0000000,0.1499,0.1265
296.6810680,116.5928511,90.8517711,-1.5644515,0.0020384,15.0000000,0.0000000,0.1482,0.1249
296.9810488,116.8925532,90.8537653,-1.5638309,0.0021026,15.0000000,0.0000000,0.1460,0.1229
297.2810297,117.1925203,90.8559502,-1.5631906,0.0021662,15.0000000,0.0000000,0.1435,0.1207
297.5810106,117.4927588,90.8583324,-1.5625307,0.0022294,15.0000000,0.0000000,0.1410,0.1186
297.8809914,117.7925305,90.8609115,-1.5618511,0.0023083,15.0000000,0.0000000,0.1383,0.1162
298.1809723,118.0923690,90.8636987,-1.5611465,0.0023912,15.0000000,0.0000000,0.1351,0.1133
298.4809531,118.3924940,90.8667039,-1.5604164,0.0024736,15.0000000,0.0000000,0.1318,0.1104
298.7809340,118.6925616,90.8699313,-1.5596627,0.0025393,15.0000000,0.0000000,0.1285,0.1075
299.0809148,118.9922464,90.8733826,-1.5588965,0.0025733,15.0000000,0.0000000,0.1246,0.1040
299.3808957,119.2922362,90.8770689,-1.5581195,0.0026069,15.0000000,0.0000000,0.1205,0.1003
299.6808766,119.5925400,90.8809941,-1.5573316,0.0026399,15.0000000,0.0000000,0.1163,0.0967
299.9808574,119.8921841,90.8851489,-1.5565251,0.0027512,15.0000000,0.0000000,0.1119,0.0927
300.2808383,120.1920254,90.8895539,-1.5556820,0.0028717,15.0000000,0.0000000,0.1070,0.0883
300.5808191,120.4921810,90.8942221,-1.5548019,0.0029917,15.0000000,0.0000000,0.1020,0.0839
300.8808000,120.7922051,90.8991575,-1.5538911,0.0030348,15.0000000,0.0000000,0.0970,0.0794
301.1807808,121.0919344,90.9043605,-1.5529901,0.0029770,15.0000000,0.0000000,0.0979,0.0805
301.4807617,121.3919280,90.9098360,-1.5521054,0.0029206,15.0000000,0.0000000,0.0994,0.0822
301.7807426,121.6921571,90.9155791,-1.5512366,0.0028656,15.0000000,0.0000000,0.1009,0.0838
302.0807234,121.9918891,90.9215674,-1.5504179,0.0025864,15.0000000,0.0000000,0.1044,0.0873
302.3807043,122.2917686,90.9277913,-1.5496854,0.0022984,15.0000000,0.0000000,0.1107,0.0932
302.6806851,122.5918040,90.9342255,-1.5490386,0.0020120,15.0000000,0.0000000,0.1169,0.0990
302.9806660,122.8917709,90.9408394,-1.5484775,0.0017298,15.0000000,0.0000000,0.1232,0.1049
303.2806468,123.1916215,90.9476065,-1.5480004,0.0014521,15.0000000,0.0000000,0.1300,0.1109
303.5806277,123.4915519,90.9545061,-1.5476063,0.0011753,15.0000000,-9.1142370,0.1368,0.1168
303.8806086,123.7915365,90.9615128,-1.5472951,0.0008991,14.8166058,-10.1491757,0.1437,0.1228
304.1805894,124.0914460,90.9685985,-1.5470681,0.0006142,14.6096780,-10.0905604,0.1506,0.1287
304.4805703,124.3913570,90.9757396,-1.5469266,0.0003294,14.4009979,-10.0292304,0.1577,0.1346
304.7805511,124.6912457,90.9829098,-1.5468705,0.0000445,14.1905456,-9.8729096,0.1648,0.1405
305.0805320,124.9911920,90.9900853,-1.5468997,-0.0002379,13.9802796,-9.7043732,0.1719,0.1464
305.3805128,125.2911713,90.9972403,-1.5470131,-0.0005183,13.7704744,-9.5408717,0.1791,0.1521
305.6804937,125.5910521,91.0043462,-1.5472107,-0.0007993,13.5610401,-9.3822734,0.1862,0.1577
305.9804746,125.8908157,91.0113774,-1.5474927,-0.0010810,13.3518839,-9.2310244,0.1933,0.1634
306.2804554,126.1909498,91.0183202,-1.5478573,-0.0013483,13.1428514,-9.0841515,0.2002,0.1689
306.5804363,126.4909090,91.0251375,-1.5483021,-0.0016169,12.9338470,-8.9415237,0.2069,0.1741
306.8804171,126.7906682,91.0318047,-1.5488273,-0.0018869,12.7247722,-8.8039572,0.2135,0.1794
307.1803980,127.0906483,91.0383070,-1.5494338,-0.0021526,12.5155020,-8.6711293,0.2201,0.1847
307.4803788,127.3907682,91.0446184,-1.5501192,-0.0024147,12.3059109,-8.5420792,0.2263,0.1894
307.7803597,127.6906125,91.0507066,-1.5508830,-0.0026789,12.0958887,-8.4173200,0.2325,0.1942
308.0803406,127.9902290,91.0565495,-1.5517256,-0.0029410,11.8853041,-8.3048624,0.2386,0.1989
308.3803214,128.2905909,91.0621426,-1.5526390,-0.0031405,11.6738106,-8.1951893,0.2443,0.2033
308.6803023,128.5905990,91.0674461,-1.5536116,-0.0033424,11.4612850,-8.0882457,0.2496,0.2072
308.9802831,128.8902265,91.0724425,-1.5546437,-0.0035467,11.2475960,-7.9759987,0.2548,0.2112
309.2802640,129.1903145,91.0771269,-1.5557452,-0.0038199,11.0328203,-7.8621066,0.2600,0.2152
309.5802448,129.4905386,91.0814689,-1.5569400,-0.0041389,10.8169386,-7.7519328,0.2641,0.2181
309.8802257,129.7903254,91.0854323,-1.5582290,-0.0044607,10.5997782,-7.6432467,0.2681,0.2211
310.1802066,130.0899573,91.0889929,-1.5596148,-0.0048057,10.3812158,-7.5275393,0.2722,0.2241
310.4801874,130.3905697,91.0921304,-1.5611274,-0.0052594,10.1613683,-7.4157913,0.2755,0.2265
310.7801683,130.6906093,91.0947879,-1.5627749,-0.0057242,9.9400309,-7.3078884,0.2782,0.2283
311.0801491,130.9899790,91.0969257,-1.5645597,-0.0062016,9.7169832,-7.1230456,0.2809,0.2301
311.3801300,131.2908480,91.0985064,-1.5666004,-0.0075954,9.4945357,-6.9205982,0.2832,0.2317
311.6801109,131.5914840,91.0993985,-1.5691456,-0.0093481,9.2733011,-6.7278953,0.2834,0.2319
311.9800917,131.8908393,91.0994469,-1.5722148,-0.0111721,9.0530455,-6.5212375,0.2836,0.2320
312.2800726,132.1907200,91.0984901,-1.5758663,-0.0133748,8.8343161,-6.2853929,0.2837,0.2321
312.5800534,132.4924323,91.0963092,-1.5803258,-0.0162111,8.6182449,-6.0608062,0.2814,0.2303
312.8800343,132.7920460,91.0926823,-1.5856254,-0.0191927,8.4046353,-5.8508949,0.2783,0.2278
313.1800151,133.0896685,91.0873722,-1.5918024,-0.0222747,8.1931423,-5.7594303,0.2751,0.2253
313.4799960,133.3927200,91.0799584,-1.5987872,-0.0238317,7.9794827,-5.6701857,0.2693,0.2215
313.7799769,133.6928536,91.0704554,-1.6061938,-0.0255257,7.7633916,-5.5833353,0.2595,0.2157
314.0799577,133.9898450,91.0587835,-1.6140507,-0.0273736,7.5445650,-5.5832489,0.2496,0.2098
314.3799386,134.2920412,91.0444390,-1.6223995,-0.0274657,7.3192026,-5.6027370,0.2389,0.2032
314.6799194,134.5925122,91.0276797,-1.6306143,-0.0271298,7.0858520,-5.6445350,0.2222,0.1917
314.9799003,134.8891050,91.0087215,-1.6386284,-0.0268015,6.8427183,-5.6836122,0.2056,0.1802
315.2798811,135.1898955,90.9870817,-1.6465000,-0.0249236,6.5888424,-5.7881987,0.1889,0.1686
315.5798620,135.4900983,90.9632192,-1.6535957,-0.0221538,6.3198217,-5.9159664,0.1633,0.1465
315.8798429,135.7861994,90.9377077,-1.6597389,-0.0191396,6.0324782,-5.8309749,0.1376,0.1243
316.1798237,136.0859183,90.9100888,-1.6659922,-0.0251922,5.7351923,-5.5407177,0.1120,0.1021
316.4798046,136.3850609,90.8802262,-1.6751163,-0.0355864,5.4376661,-5.3087338,0.1327,0.1154
316.7797854,136.6807592,90.8475260,-1.6872831,-0.0462545,5.1364555,-4.2752585,0.1536,0.1288
317.0797663,136.9800461,90.8098674,-1.7071709,-0.0924663,4.8803877,-3.1533718,0.1789,0.1483
317.3797471,137.2768068,90.7640803,-1.7434604,-0.1498807,4.6825508,-2.0698887,0.2314,0.2054
317.6797280,137.5682144,90.7056487,-1.7969012,-0.2100569,4.5480136,-1.4975896,0.2840,0.2625
317.9797089,137.8605805,90.6279603,-1.8660285,-0.2476096,4.4481380,-0.8188250,0.3316,0.3485
318.2796897,138.1434275,90.5297112,-1.9462493,-0.2885823,4.3925696,-0.3823253,0.3728,0.4732
318.5796706,138.4156265,90.4079791,-2.0379838,-0.3147081,4.3663815,-0.3823253,0.4140,0.5978
318.8796514,138.6772837,90.2603839,-2.1298789,-0.2966602,4.3400353,0.0344100,0.4327,0.8349
319.1796323,138.9239219,90.0907128,-2.2159663,-0.2783977,4.3424131,0.3722399,0.4476,1.0912
319.4796131,139.1556681,89.9009239,-2.2977171,-0.2717337,4.3680523,0.4327353,0.4570,1.2451
319.7795940,139.3713590,89.6927362,-2.3793079,-0.2724378,4.3976705,0.3433631,0.4571,1.2302
320.0795749,139.5694404,89.4675229,-2.4611263,-0.2729590,4.4210305,0.0928178,0.4573,1.2152
320.3795557,139.7477915,89.2274293,-2.5451755,-0.2903794,4.4273240,-0.3883992,0.4431,0.9812
320.6795366,139.9049961,88.9721101,-2.6351882,-0.3097866,4.4009286,-0.3883992,0.4281,0.7336
320.9795174,140.0378699,88.7032780,-2.7303629,-0.3131897,4.3743740,-0.3766572,0.4003,0.5434
321.2794983,140.1447020,88.4251384,-2.8172361,-0.2700706,4.3484674,0.5139944,0.3581,0.4192
321.5794791,140.2295669,88.1363027,-2.8923693,-0.2296550,4.3837821,1.2012153,0.3158,0.2949
321.8794600,140.2940680,87.8434866,-2.9546736,-0.1794028,4.4652244,2.0231949,0.2632,0.2332
322.1794409,140.3426039,87.5487086,-2.9991113,-0.1186929,4.5991377,3.0652279,0.2093,0.1793
322.4794217,140.3809857,87.2493150,-3.0261818,-0.0613188,4.7949022,4.1291631,0.1615,0.1334
322.7794026,140.4132552,86.9523556,-3.0394886,-0.0370053,5.0466253,4.5468025,0.1424,0.1250
323.0793834,140.4422482,86.6547496,-3.0489303,-0.0262159,5.3100221,4.6953735,0.1233,0.1166
323.3793643,140.4691982,86.3535223,-3.0552712,-0.0158167,5.5689657,4.6780740,0.1178,0.1177
323.6793451,140.4941776,86.0572379,-3.0598078,-0.0167890,5.8155003,4.6217906,0.1420,0.1395
323.9793260,140.5178174,85.7590140,-3.0653374,-0.0201254,6.0492100,4.5297376,0.1662,0.1613
324.2793069,140.5399487,85.4565702,-3.0719130,-0.0231897,6.2698174,4.3000834,0.1881,0.1797
324.5792877,140.5596108,85.1597243,-3.0790463,-0.0244577,6.4722868,4.1354032,0.2047,0.1902
324.8792686,140.5771990,84.8611825,-3.0864895,-0.0253124,6.6611996,3.9870458,0.2213,0.2007
325.1792494,140.5927057,84.5587501,-3.0942808,-0.0261381,6.8383956,3.8399116,0.2369,0.2103
325.4792303,140.6056737,84.2601335,-3.1020637,-0.0254835,7.0048165,3.7656154,0.2467,0.2149
325.7792112,140.6163610,83.9616079,-3.1094915,-0.0242704,7.1642641,3.7250016,0.2565,0.2194
326.0791920,140.6249588,83.6599697,-3.1166470,-0.0231750,7.3185748,3.6846156,0.2663,0.2240
326.3791729,140.6314295,83.3593304,-3.1234090,-0.0213377,7.4680765,3.6915245,0.2703,0.2258
326.6791537,140.6359469,83.0609483,-3.1293638,-0.0186023,7.6149156,3.7584683,0.2737,0.2272
326.9791346,140.6388224,82.7602779,-3.1345648,-0.0160185,7.7615640,3.8269575,0.2771,0.2286
327.2791154,140.6402522,82.4582262,-3.1390297,-0.0135472,7.9080911,3.8986862,0.2784,0.2288
327.5790963,140.6404513,82.1597581,3.1404876,-0.0110515,8.0546239,3.9820062,0.2779,0.2280
327.8790772,140.6396589,81.8597878,3.1375346,-0.0086538,8.2015863,3.9510825,0.2773,0.2272
328.1790580,140.6380793,81.5585712,3.1352792,-0.0063342,8.3448497,3.9035458,0.2765,0.2262
328.4790389,140.6359250,81.2586885,3.1335759,-0.0054212,8.4840141,3.8565810,0.2736,0.2239
328.7790197,140.6332838,80.9589771,3.1320025,-0.0050802,8.6192978,3.8101812,0.2707,0.2215
329.0790006,140.6301795,80.6586570,3.1305261,-0.0047539,8.7509004,3.7643397,0.2678,0.2191
329.3789814,140.6266455,80.3582829,3.1291478,-0.0043818,8.8790043,3.7190498,0.2641,0.2163
329.6789623,140.6227273,80.0586284,3.1279133,-0.0038570,9.0037773,3.6743047,0.2599,0.2133
329.9789432,140.6184580,79.7586632,3.1268346,-0.0033352,9.1253738,3.6300980,0.2558,0.2102
330.2789240,140.6138836,79.4583903,3.1259110,-0.0028162,9.2439368,3.5864231,0.2515,0.2071
330.5789049,140.6090610,79.1586487,3.1251074,-0.0026016,9.3595985,3.5432737,0.2464,0.2034
330.8788857,140.6040028,78.8588139,3.1243489,-0.0024575,9.4724819,3.5006435,0.2413,0.1997
331.1788666,140.5987190,78.5587183,3.1236327,-0.0023147,9.5827013,3.4585261,0.2362,0.1960
331.4788474,140.5932273,78.2586581,3.1229610,-0.0021414,9.6903637,3.4169155,0.2305,0.1919
331.7788283,140.5875488,77.9588989,3.1223538,-0.0019093,9.7955687,3.3758055,0.2247,0.1877
332.0788092,140.5816949,77.6589453,3.1218156,-0.0016785,9.8984100,3.3351901,0.2189,0.1834
332.3787900,140.5756863,77.3588178,3.1213462,-0.0014489,9.9989753,3.2950634,0.2129,0.1791
332.6787709,140.5695534,77.0589995,3.1209451,-0.0012276,10.0973471,3.2554194,0.2066,0.1744
332.9787517,140.5633087,76.7591186,3.1206098,-0.0010081,10.1936032,3.2162524,0.2003,0.1698
333.2787326,140.5569710,76.4591261,3.1203401,-0.0007894,10.2878168,3.1775567,0.1941,0.1651
333.5787134,140.5505625,76.1591492,3.1201362,-0.0005670,10.3800571,3.1393265,0.1877,0.1602
333.8786943,140.5441051,75.8592717,3.1200005,-0.0003380,10.4703898,3.1015562,0.1812,0.1553
334.1786752,140.5376163,75.5593453,3.1199334,-0.0001094,10.5588767,3.0642404,0.1748,0.1503
334.4786560,140.5311170,75.2593911,3.1199349,0.0001191,10.6455767,3.0273736,0.1684,0.1453
334.7786369,140.5246286,74.9594440,3.1200049,0.0003473,10.7305458,2.9909503,0.1620,0.1401
335.0786177,140.5181718,74.6595127,3.1201433,0.0005756,10.8138369,2.9549652,0.1555,0.1349
335.3785986,140.5117675,74.3596164,3.1203502,0.0008041,10.8955006,2.9194131,0.1491,0.1297
335.6785794,140.5054347,74.0596750,3.1206256,0.0010300,10.9755852,2.8842887,0.1429,0.1244
335.9785603,140.4991932,73.7596668,3.1209680,0.0012520,11.0541365,2.8495869,0.1368,0.1191
336.2785412,140.4930665,73.4597572,3.1213769,0.0014746,11.1311983,2.8153026,0.1307,0.1138
336.5785220,140.4870748,73.1599676,3.1218526,0.0016982,11.2068126,2.7814308,0.1247,0.1085
336.8785029,140.4812296,72.8598485,3.1223959,0.0019218,11.2810195,2.7479665,0.1191,0.1032
337.1784837,140.4755598,72.5598558,3.1230062,0.0021465,11.3538573,2.7149049,0.1136,0.0979
337.4784646,140.4700867,72.2600464,3.1236836,0.0023724,11.4253628,2.6822410,0.1080,0.0926
337.7784454,140.4648242,71.9600944,3.1244248,0.0025307,11.4955712,2.6499701,0.1030,0.0874
338.0784263,140.4597860,71.6599475,3.1251957,0.0026060,11.5645163,2.6180875,0.0981,0.0822
338.3784072,140.4549866,71.3600513,3.1259888,0.0026824,11.6322307,2.5865884,0.0932,0.0771
338.6783880,140.4504325,71.0604295,3.1268041,0.0027600,11.6987454,2.5554684,0.0913,0.0747
338.9783689,140.4461126,70.7600965,3.1276062,0.0025757,11.7640906,2.5247227,0.0955,0.0782
339.2783497,140.4420290,70.4600579,3.1283507,0.0023861,11.8282951,2.4943470,0.0998,0.0817
339.5783306,140.4381643,70.1603451,3.1290374,0.0021958,11.8913867,2.4643367,0.1041,0.0852
339.8783114,140.4344941,69.8603638,3.1296752,0.0021024,11.9533922,2.4346875,0.1082,0.0886
340.1782923,140.4310111,69.5601740,3.1303055,0.0020969,12.0143374,2.4053950,0.1122,0.0919
340.4782732,140.4277206,69.2603158,3.1309334,0.0020910,12.0742473,2.3764549,0.1162,0.0953
340.7782540,140.4246205,68.9606907,3.1315590,0.0020798,12.1331460,2.3478630,0.1199,0.0984
341.0782349,140.4216999,68.6603751,3.1321733,0.0020108,12.1910565,2.3196151,0.1232,0.1011
341.3782157,140.4189634,68.3603679,3.1327661,0.0019412,12.2480014,2.2917071,0.1264,0.1038
341.6781966,140.4164041,68.0606636,3.1333375,0.0018712,12.3040024,2.2641348,0.1297,0.1066
341.9781775,140.4140103,67.7605961,3.1338897,0.0018141,12.3590805,2.2368943,0.1323,0.1087
342.2781583,140.4117793,67.4604648,3.1344267,0.0017639,12.4132558,2.2099815,0.1348,0.1109
342.5781392,140.4097091,67.1606197,3.1349480,0.0017132,12.4665482,2.1833925,0.1374,0.1130
342.8781200,140.4077933,66.8608372,3.1354539,0.0016624,12.5189767,2.1571235,0.1396,0.1149
343.1781009,140.4060244,66.5606023,3.1359455,0.0016119,12.5705596,2.1311704,0.1415,0.1166
343.4780817,140.4044022,66.2606354,3.1364214,0.0015611,12.6213149,2.1055296,0.1433,0.1182
343.7780626,140.4029217,65.9609301,3.1368816,0.0015099,12.6712599,2.0801973,0.1451,0.1198
344.0780435,140.4015749,65.6607667,3.1373277,0.0014631,12.7204114,2.0551698,0.1464,0.1210
344.3780243,140.4003603,65.3606978,3.1377599,0.0014171,12.7687857,2.0304434,0.1476,0.1221
344.6780052,140.3992741,65.0608729,3.1381778,0.0013707,12.8163987,2.0060145,0.1488,0.1233
344.9779860,140.3983109,64.7609492,3.1385820,0.0013257,12.8632659,1.9818795,0.1496,0.1242
345.2779669,140.3974663,64.4607965,3.1389734,0.0012826,12.9094020,1.9580349,0.1502,0.1249
345.5779477,140.3967378,64.1608701,3.1393517,0.0012393,12.9548217,1.9344771,0.1508,0.1256
345.8779286,140.3961211,63.8611408,3.1397166,0.0011959,12.9995392,1.9112028,0.1512,0.1262
346.1779095,140.3956111,63.5609214,3.1400697,0.0011560,13.0435680,1.8882085,0.1513,0.1266
346.4778903,140.3952057,63.2609108,3.1404105,0.0011159,13.0869217,1.8654909,0.1513,0.1270
346.7778712,140.3949008,62.9611028,3.1407390,0.0010755,13.1296132,1.8430466,0.1514,0.1274
347.0778520,140.3946924,62.6610637,3.1410558,0.0010372,13.1716552,1.8208723,0.1509,0.1275
347.3778329,140.3945775,62.3609853,3.1413614,0.0009999,13.2130600,1.7989648,0.1504,0.1276
347.6778137,140.3945525,62.0610919,-3.1415296,0.0009623,13.2538396,1.7773209,0.1500,0.1276
347.9777946,140.3946141,61.7612152,-3.1412467,0.0009254,13.2940057,1.7559374,0.1492,0.1276
348.2777755,140.3947591,61.4610843,-3.1409741,0.0008906,13.3335698,1.7348112,0.1483,0.1274
348.5777563,140.3949842,61.1611212,-3.1407122,0.0008556,13.3725429,1.7139391,0.1473,0.1272
348.8777372,140.3952861,60.8613199,-3.1404610,0.0008205,13.4109359,1.6933181,0.1463,0.1269
349.1777180,140.3956622,60.5611997,-3.1402197,0.0007876,13.4487593,1.6729453,0.1450,0.1264
349.4776989,140.3961091,60.2611815,-3.1399883,0.0007549,13.4860235,1.6528176,0.1436,0.1259
349.7776797,140.3966236,59.9613081,-3.1397669,0.0007220,13.5227386,1.6329320,0.1423,0.1254
350.0776606,140.3972033,59.6613238,-3.1395551,0.0006902,13.5589142,1.6132857,0.1406,0.1248
350.3776415,140.3978453,59.3612648,-3.1393526,0.0006594,13.5945601,1.5938757,0.1389,0.1242
350.6776223,140.3985463,59.0613333,-3.1391595,0.0006285,13.6296856,1.5746993,0.1372,0.1235
350.9776032,140.3993038,58.7614495,-3.1389756,0.0005979,13.6642998,1.5557536,0.1354,0.1228
351.2775840,140.4001156,58.4613631,-3.1388006,0.0005687,13.6984116,1.5370358,0.1334,0.1219
351.5775649,140.4009783,58.1613873,-3.1386344,0.0005395,13.7320298,1.5185432,0.1314,0.1210
351.8775457,140.4018892,57.8615163,-3.1384770,0.0005101,13.7651630,1.5002732,0.1294,0.1201
352.1775266,140.4028466,57.5614694,-3.1383282,0.0004821,13.7978193,1.4822229,0.1272,0.1191
352.4775075,140.4038473,57.2614623,-3.1381877,0.0004542,13.8300070,1.4643898,0.1250,0.1181
352.7774883,140.4048885,56.9615432,-3.1380557,0.0004263,13.8617341,1.4467713,0.1228,0.1171
353.0774692,140.4059682,56.6615769,-3.1379320,0.0003989,13.8930083,1.4293647,0.1205,0.1160
353.3774500,140.4070841,56.3615512,-3.1378163,0.0003721,13.9238373,1.4121676,0.1181,0.1149
353.6774309,140.4082331,56.0615966,-3.1377087,0.0003452,13.9542284,1.3951773,0.1158,0.1138
353.9774117,140.4094131,55.7616789,-3.1376092,0.0003185,13.9841891,1.3783915,0.1134,0.1126
354.2773926,140.4106222,55.4616471,-3.1375176,0.0002925,14.0137263,1.3618076,0.1109,0.1114
354.5773735,140.4118574,55.1616696,-3.1374337,0.0002666,14.0428472,1.3454233,0.1085,0.1101
354.8773543,140.4131164,54.8617409,-3.1373576,0.0002405,14.0715586,1.3292361,0.1061,0.1089
355.1773352,140.4143974,54.5617434,-3.1372894,0.0002148,14.0998671,1.3132436,0.1036,0.1076
355.4773160,140.4156976,54.2617552,-3.1372288,0.0001890,14.1277793,1.2974436,0.1012,0.1063
355.7772969,140.4170147,53.9617990,-3.1371760,0.0001633,14.1553016,1.2818336,0.0987,0.1050
356.0772777,140.4183465,53.6618337,-3.1371308,0.0001380,14.1824404,1.2664115,0.0963,0.1037
356.3772586,140.4196909,53.3618470,-3.1370931,0.0001135,14.2092017,1.2511749,0.0939,0.1023
356.6772395,140.4210453,53.0618753,-3.1370627,0.0000889,14.2355917,1.2361216,0.0915,0.1010
356.9772203,140.4224078,52.7619112,-3.1370398,0.0000639,14.2616162,1.2212494,0.0892,0.0997
357.2772012,140.4237760,52.4619379,-3.1370248,0.0000357,14.2872810,1.2065562,0.0870,0.0983
357.5771820,140.4251474,52.1619628,-3.1370184,0.0000074,14.3125919,1.1920397,0.0847,0.0969
357.8771629,140.4265195,51.8619803,-3.1370204,-0.0000208,14.3375543,1.1776979,0.0825,0.0955
358.1771438,140.4278898,51.5620225,-3.1370297,-0.0000390,14.3621739,1.1635286,0.0804,0.0942
358.4771246,140.4292565,51.2620567,-3.1370437,-0.0000542,14.3864558,1.1495299,0.0784,0.0928
358.7771055,140.4306185,50.9620656,-3.1370622,-0.0000694,14.4104054,1.1356995,0.0763,0.0915
359.0770863,140.4319741,50.6620912,-3.1370865,-0.0001027,14.4340279,1.1220355,0.0755,0.0912
359.3770672,140.4333203,50.3621437,-3.1371259,-0.0001598,14.4573282,1.1085360,0.0755,0.0916
359.6770480,140.4346522,50.0621565,-3.1371824,-0.0002168,14.4803114,1.0951988,0.0754,0.0919
359.9770289,140.4359647,49.7621394,-3.1372559,-0.0002729,14.5029823,1.0820221,0.0757,0.0926
360.2770098,140.4372525,49.4622094,-3.1373450,-0.0003209,14.5253457,1.0690040,0.0770,0.0941
360.5769906,140.4385115,49.1622346,-3.1374485,-0.0003689,14.5474063,1.0561425,0.0782,0.0956
360.8769715,140.4397375,48.8622155,-3.1375664,-0.0004169,14.5691686,1.0434357,0.0794,0.0971
361.1769523,140.4409261,48.5622613,-3.1376943,-0.0004267,14.5906373,1.0308818,0.0806,0.0983
361.4769332,140.4420763,48.2623009,-3.1378218,-0.0004234,14.6118166,1.0184789,0.0817,0.0996
361.7769140,140.4431886,47.9622976,-3.1379483,-0.0004201,14.6327111,1.0062253,0.0829,0.1009
362.0768949,140.4442630,47.6623082,-3.1380739,-0.0004167,14.6533249,0.9941190,0.0839,0.1021
362.3768758,140.4452997,47.3623618,-3.1381983,-0.0004130,14.6736622,0.9821585,0.0849,0.1031
362.6768566,140.4462995,47.0623730,-3.1383217,-0.0004093,14.6937273,0.9703418,0.0859,0.1042
362.9768375,140.4472625,46.7623493,-3.1384439,-0.0004056,14.7135240,0.9586673,0.0869,0.1052
363.2768183,140.4481887,46.4624163,-3.1385649,-0.0004008,14.7330565,0.9471333,0.0878,0.1061
363.5767992,140.4490790,46.1624417,-3.1386844,-0.0003960,14.7523285,0.9357380,0.0887,0.1070
363.8767800,140.4499338,45.8624258,-3.1388025,-0.0003912,14.7713440,0.9244799,0.0896,0.1079
364.1767609,140.4507532,45.5624651,-3.1389191,-0.0003866,14.7901067,0.9133572,0.0903,0.1086
364.4767418,140.4515379,45.2625043,-3.1390344,-0.0003820,14.8086203,0.9023683,0.0911,0.1093
364.7767226,140.4522882,44.9625030,-3.1391483,-0.0003774,14.8268885,0.8915116,0.0919,0.1100
365.0767035,140.4530046,44.6625086,-3.1392608,-0.0003727,14.8449148,0.8807855,0.0926,0.1106
365.3766843,140.4536874,44.3625610,-3.1393719,-0.0003680,14.8627027,0.8701885,0.0933,0.1112
365.6766652,140.4543371,44.0625738,-3.1394815,-0.0003632,14.8802558,0.8597190,0.0940,0.1117
365.9766460,140.4549542,43.7625472,-3.1395898,-0.0003585,14.8975773,0.8493755,0.0947,0.1122
366.2766269,140.4555389,43.4626123,-3.1396966,-0.0003537,14.9146707,0.8391564,0.0952,0.1126
366.5766078,140.4560918,43.1626387,-3.1398020,-0.0003489,14.9315393,0.8290602,0.0957,0.1130
366.8765886,140.4566134,42.8626266,-3.1399060,-0.0003441,14.9481862,0.8190855,0.0962,0.1133
367.1765695,140.4571039,42.5626587,-3.1400085,-0.0003393,14.9646146,0.8092308,0.0967,0.1136
367.4765503,140.4575639,42.2626981,-3.1401095,-0.0003344,14.9808276,0.7994947,0.0971,0.1138
367.7765312,140.4579939,41.9626998,-3.1402091,-0.0003295,14.9968284,0.1585719,0.0976,0.1140
368.0765120,140.4583942,41.6627005,-3.1403072,-0.0003247,15.0000000,0.0000000,0.0980,0.1142
368.3764929,140.4587652,41.3627523,-3.1404039,-0.0003197,15.0000000,0.0000000,0.0983,0.1143
368.6764738,140.4591075,41.0627674,-3.1404990,-0.0003148,15.0000000,0.0000000,0.0986,0.1144
368.9764546,140.4594216,40.7627460,-3.1405928,-0.0003099,15.0000000,0.0000000,0.0990,0.1144
369.2764355,140.4597076,40.4628018,-3.1406850,-0.0003049,15.0000000,0.0000000,0.0992,0.1144
369.5764163,140.4599662,40.1628296,-3.1407757,-0.0002999,15.0000000,0.0000000,0.0995,0.1143
369.8763972,140.4601979,39.8628219,-3.1408649,-0.0002949,15.0000000,0.0000000,0.0998,0.1143
370.1763780,140.4604031,39.5628469,-3.1409526,-0.0002899,15.0000000,0.0000000,0.1000,0.1141
370.4763589,140.4605821,39.2628868,-3.1410388,-0.0002848,15.0000000,0.0000000,0.1001,0.1140
370.7763398,140.4607355,38.9628922,-3.1411235,-0.0002798,15.0000000,0.0000000,0.1003,0.1138
371.0763206,140.4608637,38.6628881,-3.1412066,-0.0002747,15.0000000,0.0000000,0.1004,0.1136
371.3763015,140.4609672,38.3629396,-3.1412883,-0.0002696,15.0000000,0.0000000,0.1005,0.1133
371.6762823,140.4610465,38.0629573,-3.1413684,-0.0002645,15.0000000,0.0000000,0.1005,0.1130
371.9762632,140.4611020,37.7629417,-3.1414469,-0.0002594,15.0000000,0.0000000,0.1006,0.1127
372.2762440,140.4611341,37.4629882,-3.1415240,-0.0002542,15.0000000,0.0000000,0.1006,0.1123
372.5762249,140.4611433,37.1630177,3.1415859,-0.0002490,15.0000000,0.0000000,0.1006,0.1119
372.8762058,140.4611302,36.8630148,3.1415119,-0.0002438,15.0000000,0.0000000,0.1006,0.1116
373.1761866,140.4610951,36.5630331,3.1414396,-0.0002387,15.0000000,0.0000000,0.1006,0.1111
373.4761675,140.4610385,36.2630737,3.1413688,-0.0002334,15.0000000,0.0000000,0.1006,0.1106
373.7761483,140.4609609,35.9630828,3.1412995,-0.0002282,15.0000000,0.0000000,0.1005,0.1101
374.0761292,140.4608628,35.6630747,3.1412318,-0.0002230,15.0000000,0.0000000,0.1004,0.1096
374.3761101,140.4607446,35.3631257,3.1411658,-0.0002177,15.0000000,0.0000000,0.1003,0.1091
374.6760909,140.4606068,35.0631462,3.1411012,-0.0002124,15.0000000,0.0000000,0.1001,0.1085
374.9760718,140.4604499,34.7631366,3.1410383,-0.0002071,15.0000000,0.0000000,0.0999,0.1079
375.2760526,140.4602744,34.4631741,3.1409770,-0.0002018,15.0000000,0.0000000,0.0997,0.1073
375.5760335,140.4600807,34.1632053,3.1409172,-0.0001965,15.0000000,0.0000000,0.0996,0.1066
375.8760143,140.4598693,33.8632073,3.1408591,-0.0001912,15.0000000,0.0000000,0.0994,0.1060
376.1759952,140.4596407,33.5632194,3.1408025,-0.0001858,15.0000000,0.0000000,0.0991,0.1053
376.4759761,140.4593954,33.2632605,3.1407476,-0.0001805,15.0000000,0.0000000,0.0989,0.1046
376.7759569,140.4591339,32.9632734,3.1406943,-0.0001751,15.0000000,0.0000000,0.0986,0.1039
377.0759378,140.4588566,32.6632620,3.1406425,-0.0001697,15.0000000,0.0000000,0.0983,0.1031
377.3759186,140.4585640,32.3633123,3.1405924,-0.0001643,15.0000000,0.0000000,0.0980,0.1024
377.6758995,140.4582567,32.0633354,3.1405440,-0.0001589,15.0000000,0.0000000,0.0977,0.1016
377.9758803,140.4579350,31.7633316,3.1404971,-0.0001535,15.0000000,0.0000000,0.0974,0.1008
378.2758612,140.4575995,31.4633610,3.1404519,-0.0001480,15.0000000,0.0000000,0.0971,0.1000
378.5758421,140.4572508,31.1633936,3.1404083,-0.0001425,15.0000000,0.0000000,0.0967,0.0992
378.8758229,140.4568892,30.8634002,3.1403664,-0.0001371,15.0000000,0.0000000,0.0963,0.0983
379.1758038,140.4565152,30.5634071,3.1403261,-0.0001316,15.0000000,0.0000000,0.0960,0.0975
379.4757846,140.4561294,30.2634484,3.1402874,-0.0001261,15.0000000,0.0000000,0.0956,0.0966
379.7757655,140.4557323,29.9634647,3.1402504,-0.0001206,15.0000000,0.0000000,0.0952,0.0957
380.0757463,140.4553243,29.6634565,3.1402151,-0.0001151,15.0000000,0.0000000,0.0948,0.0949
380.3757272,140.4549060,29.3635002,3.1401814,-0.0001096,15.0000000,0.0000000,0.0944,0.0940
380.6757081,140.4544778,29.0635255,3.1401493,-0.0001040,15.0000000,0.0000000,0.0939,0.0931
380.9756889,140.4540402,28.7635272,3.1401189,-0.0000985,15.0000000,0.0000000,0.0935,0.0921
381.2756698,140.4535937,28.4635495,3.1400902,-0.0000929,15.0000000,0.0000000,0.0931,0.0912
381.5756506,140.4531390,28.1635830,3.1400632,-0.0000874,15.0000000,0.0000000,0.0926,0.0903
381.8756315,140.4526763,27.8635938,3.1400378,-0.0000818,15.0000000,0.0000000,0.0922,0.0894
382.1756123,140.4522062,27.5635967,3.1400141,-0.0000762,15.0000000,0.0000000,0.0917,0.0884
382.4755932,140.4517294,27.2636375,3.1399921,-0.0000706,15.0000000,0.0000000,0.0912,0.0875
382.7755741,140.4512462,26.9636568,3.1399717,-0.0000650,15.0000000,0.0000000,0.0907,0.0865
383.0755549,140.4507570,26.6636548,3.1399531,-0.0000594,15.0000000,0.0000000,0.0902,0.0856
383.3755358,140.4502626,26.3636896,3.1399361,-0.0000538,15.0000000,0.0000000,0.0898,0.0846
383.6755166,140.4497634,26.0637164,3.1399208,-0.0000481,15.0000000,0.0000000,0.0893,0.0837
383.9754975,140.4492598,25.7637231,3.1399072,-0.0000425,15.0000000,0.0000000,0.0889,0.0827
384.2754783,140.4487523,25.4637396,3.1398953,-0.0000369,15.0000000,0.0000000,0.0884,0.0817
384.5754592,140.4482416,25.1637732,3.1398851,-0.0000312,15.0000000,0.0000000,0.0878,0.0808
384.8754401,140.4477281,24.8637877,3.1398766,-0.0000255,15.0000000,0.0000000,0.0873,0.0798
385.1754209,140.4472122,24.5637879,3.1398698,-0.0000199,15.0000000,0.0000000,0.0868,0.0789
385.4754018,140.4466946,24.2638276,3.1398647,-0.0000142,15.0000000,0.0000000,0.0865,0.0783
385.7753826,140.4461757,23.9638491,3.1398613,-0.0000085,15.0000000,0.0000000,0.0863,0.0777
386.0753635,140.4456560,23.6638527,3.1398596,-0.0000028,15.0000000,0.0000000,0.0861,0.0770
386.3753443,140.4451361,23.3638800,3.1398596,0.0000029,15.0000000,0.0000000,0.0867,0.0773
386.6753252,140.4446164,23.0639077,3.1398613,0.0000086,15.0000000,0.0000000,0.0877,0.0779
386.9753061,140.4440975,22.7639185,3.1398648,0.0000143,15.0000000,0.0000000,0.0886,0.0785
387.2752869,140.4435799,22.4639307,3.1398699,0.0000201,15.0000000,0.0000000,0.0895,0.0791
387.5752678,140.4430641,22.1639639,3.1398768,0.0000258,15.0000000,0.0000000,0.0904,0.0795
387.8752486,140.4425507,21.8639812,3.1398854,0.0000315,15.0000000,0.0000000,0.0913,0.0799
388.1752295,140.4420400,21.5639829,3.1398957,0.0000372,15.0000000,0.0000000,0.0922,0.0803
388.4752103,140.4415328,21.2640181,3.1399078,0.0000430,15.0000000,0.0000000,0.0931,0.0808
388.7751912,140.4410293,20.9640410,3.1399215,0.0000487,15.0000000,0.0000000,0.0940,0.0813
389.0751721,140.4405303,20.6640494,3.1399370,0.0000545,15.0000000,0.0000000,0.0949,0.0818
389.3751529,140.4400362,20.3640708,3.1399542,0.0000603,15.0000000,0.0000000,0.0957,0.0823
389.6751338,140.4395475,20.0640986,3.1399732,0.0000660,15.0000000,0.0000000,0.0966,0.0828
389.9751146,140.4390647,19.7641128,3.1399938,0.0000718,15.0000000,0.0000000,0.0974,0.0833
390.2750955,140.4385884,19.4641224,3.1400162,0.0000776,15.0000000,0.0000000,0.0982,0.0838
390.5750764,140.4381191,19.1641542,3.1400404,0.0000833,15.0000000,0.0000000,0.0990,0.0842
390.8750572,140.4376573,18.8641735,3.1400662,0.0000891,15.0000000,0.0000000,0.0998,0.0847
391.1750381,140.4372035,18.5641804,3.1400938,0.0000949,15.0000000,0.0000000,0.1006,0.0851
391.4750189,140.4367582,18.2642084,3.1401232,0.0001007,15.0000000,0.0000000,0.1014,0.0855
391.7749998,140.4363220,17.9642319,3.1401542,0.0001065,15.0000000,0.0000000,0.1021,0.0860
392.0749806,140.4358954,17.6642441,3.1401871,0.0001123,15.0000000,0.0000000,0.1028,0.0864
392.3749615,140.4354789,17.3642615,3.1402216,0.0001181,15.0000000,0.0000000,0.1035,0.0868
392.6749424,140.4350730,17.0642885,3.1402579,0.0001239,15.0000000,0.0000000,0.1042,0.0872
392.9749232,140.4346783,16.7643051,3.1402959,0.0001297,15.0000000,0.0000000,0.1049,0.0876
393.2749041,140.4342952,16.4643139,3.1403357,0.0001355,15.0000000,0.0000000,0.1055,0.0880
393.5748849,140.4339243,16.1643437,3.1403772,0.0001413,15.0000000,0.0000000,0.1061,0.0884
393.8748658,140.4335661,15.8643640,3.1404204,0.0001471,15.0000000,0.0000000,0.1067,0.0887
394.1748466,140.4332212,15.5643753,3.1404654,0.0001529,15.0000000,0.0000000,0.1073,0.0891
394.4748275,140.4328900,15.2643979,3.1405122,0.0001587,15.0000000,0.0000000,0.1079,0.0894
394.7748084,140.4325731,14.9644212,3.1405606,0.0001645,15.0000000,0.0000000,0.1084,0.0897
395.0747892,140.4322710,14.6644364,3.1406108,0.0001703,15.0000000,0.0000000,0.1089,0.0900
395.3747701,140.4319842,14.3644516,3.1406628,0.0001761,15.0000000,0.0000000,0.1094,0.0903
395.6747509,140.4317133,14.0644771,3.1407165,0.0001820,15.0000000,0.0000000,0.1098,0.0906
395.9747318,140.4314587,13.7644953,3.1407720,0.0001878,15.0000000,0.0000000,0.1102,0.0908
396.2747126,140.4312211,13.4645068,3.1408292,0.0001937,15.0000000,0.0000000,0.1107,0.0911
396.5746935,140.4310009,13.1645321,3.1408881,0.0001993,15.0000000,0.0000000,0.1110,0.0913
396.8746744,140.4307986,12.8645528,3.1409488,0.0002050,15.0000000,0.0000000,0.1113,0.0915
397.1746552,140.4306147,12.5645675,3.1410111,0.0002106,15.0000000,0.0000000,0.1117,0.0917
397.4746361,140.4304498,12.2645867,3.1410752,0.0002167,15.0000000,0.0000000,0.1119,0.0919
397.7746169,140.4303044,11.9646090,3.1411411,0.0002231,15.0000000,0.0000000,0.1122,0.0921
398.0745978,140.4301791,11.6646263,3.1412090,0.0002296,15.0000000,0.0000000,0.1124,0.0923
398.3745786,140.4300745,11.3646414,3.1412788,0.0002352,15.0000000,0.0000000,0.1126,0.0924
398.6745595,140.4299909,11.0646647,3.1413496,0.0002364,15.0000000,0.0000000,0.1127,0.0924
398.9745404,140.4299287,10.7646838,3.1414207,0.0002377,15.0000000,0.0000000,0.1128,0.0924
399.2745212,140.4298878,10.4646990,3.1414922,0.0002390,15.0000000,0.0000000,0.1129,0.0924
399.5745021,140.4298684,10.1647201,3.1415641,0.0002403,15.0000000,0.0000000,0.1129,0.0924
399.8744829,140.4298707,9.8647403,-3.1415489,0.0002418,15.0000000,0.0000000,0.1129,0.0924
400.1744638,140.4298947,9.5647576,-3.1414762,0.0002432,15.0000000,0.0000000,0.1129,0.0924
400.4744446,140.4299406,9.2647756,-3.1414030,0.0002445,15.0000000,0.0000000,0.1129,0.0924
400.7744255,140.4300085,8.9647961,-3.1413295,0.0002458,15.0000000,0.0000000,0.1127,0.0924
401.0744064,140.4300985,8.6648147,-3.1412556,0.0002471,15.0000000,0.0000000,0.1126,0.0923
401.3743872,140.4302108,8.3648318,-3.1411812,0.0002482,15.0000000,0.0000000,0.1124,0.0923
401.6743681,140.4303452,8.0648516,-3.1411078,0.0002412,15.0000000,0.0000000,0.1122,0.0921
401.9743489,140.4305014,7.7648707,-3.1410366,0.0002341,15.0000000,0.0000000,0.1119,0.0919
402.2743298,140.4306787,7.4648895,-3.1409674,0.0002271,15.0000000,0.0000000,0.1117,0.0916
402.5743106,140.4308764,7.1649078,-3.1409002,0.0002208,15.0000000,0.0000000,0.1114,0.0914
402.8742915,140.4310939,6.8649263,-3.1408349,0.0002148,15.0000000,0.0000000,0.1110,0.0912
403.1742724,140.4313308,6.5649459,-3.1407713,0.0002088,15.0000000,0.0000000,0.1107,0.0910
403.4742532,140.4315865,6.2649653,-3.1407096,0.0002027,15.0000000,0.0000000,0.1103,0.0907
403.7742341,140.4318604,5.9649823,-3.1406497,0.0001964,15.0000000,0.0000000,0.1098,0.0905
404.0742149,140.4321520,5.6650016,-3.1405918,0.0001901,15.0000000,0.0000000,0.1094,0.0902
404.3741958,140.4324607,5.3650236,-3.1405357,0.0001839,15.0000000,0.0000000,0.1089,0.0899
404.6741766,140.4327860,5.0650391,-3.1404814,0.0001776,15.0000000,0.0000000,0.1084,0.0895
404.9741575,140.4331272,4.7650571,-3.1404291,0.0001714,15.0000000,0.0000000,0.1079,0.0892
405.2741384,140.4334839,4.4650792,-3.1403786,0.0001652,15.0000000,0.0000000,0.1074,0.0889
405.5741192,140.4338554,4.1650976,-3.1403300,0.0001590,15.0000000,0.0000000,0.1068,0.0890
405.8741001,140.4342413,3.8651132,-3.1402832,0.0001527,15.0000000,0.0000000,0.1062,0.0899
406.1740809,140.4346408,3.5651342,-3.1402384,0.0001465,15.0000000,0.0000000,0.1056,0.0908
406.4740618,140.4350536,3.2651582,-3.1401954,0.0001402,15.0000000,0.0000000,0.1049,0.0916
406.7740427,140.4354790,2.9651704,-3.1401542,0.0001340,15.0000000,0.0000000,0.1042,0.0899
407.0740235,140.4359164,2.6651893,-3.1401150,0.0001278,15.0000000,0.0000000,0.1036,0.0882
407.3740044,140.4363653,2.3652153,-3.1400776,0.0001215,15.0000000,0.0000000,0.1029,0.0864
407.6739852,140.4368252,2.0652293,-3.1400421,0.0001153,15.0000000,0.0000000,0.1022,0.0856
407.9739661,140.4372955,1.7652450,-3.1400084,0.0001090,15.0000000,0.0000000,0.1014,0.0853
408.2739469,140.4377755,1.4652692,-3.1399766,0.0001028,15.0000000,0.0000000,0.1007,0.0849
408.5739278,140.4382648,1.1652906,-3.1399467,0.0000966,15.0000000,0.0000000,0.0999,0.0845
408.8739087,140.4387628,0.8653020,-3.1399187,0.0000903,15.0000000,0.0000000,0.0991,0.0839
409.1738895,140.4392690,0.5653233,-3.1398925,0.0000841,15.0000000,0.0000000,0.0983,0.0832
409.4738704,140.4397826,0.2653548,-3.1398682,0.0000779,15.0000000,0.0000000,0.0975,0.0826
409.7738512,140.4403033,-0.0346391,-3.1398458,0.0000716,15.0000000,0.0000000,0.0966,0.0829
410.0738321,140.4408305,-0.3346219,-3.1398253,0.0000654,15.0000000,0.0000000,0.0958,0.0834
410.3738129,140.4413635,-0.6345930,-3.1398066,0.0000592,15.0000000,0.0000000,0.0949,0.0838
410.6737938,140.4419019,-0.9345777,-3.1397897,0.0000530,15.0000000,0.0000000,0.0941,0.0833
410.9737747,140.4424450,-1.2345657,-3.1397748,0.0000468,15.0000000,0.0000000,0.0932,0.0818
411.2737555,140.4429924,-1.5345405,-3.1397617,0.0000406,15.0000000,0.0000000,0.0923,0.0803
411.5737364,140.4435433,-1.8345132,-3.1397504,0.0000344,15.0000000,0.0000000,0.0914,0.0789
411.8737172,140.4440974,-2.1345074,-3.1397411,0.0000282,15.0000000,0.0000000,0.0905,0.0783
412.1736981,140.4446541,-2.4344872,-3.1397335,0.0000220,15.0000000,0.0000000,0.0896,0.0778
412.4736789,140.4452126,-2.7344520,-3.1397279,0.0000158,15.0000000,0.0000000,0.0886,0.0772
412.7736598,140.4457727,-3.0344466,-3.1397241,0.0000096,15.0000000,0.0000000,0.0880,0.0770
413.0736407,140.4463335,-3.3344323,-3.1397221,0.0000034,15.0000000,0.0000000,0.0875,0.0768
413.3736215,140.4468947,-3.6344018,-3.1397220,-0.0000027,15.0000000,0.0000000,0.0870,0.0767
413.6736024,140.4474556,-3.9343825,-3.1397238,-0.0000089,15.0000000,0.0000000,0.0868,0.0769
413.9735832,140.4480158,-4.2343753,-3.1397274,-0.0000151,15.0000000,0.0000000,0.0874,0.0779
414.2735641,140.4485746,-4.5343505,-3.1397328,-0.0000212,15.0000000,0.0000000,0.0880,0.0788
414.5735449,140.4491314,-4.8343147,-3.1397401,-0.0000274,15.0000000,0.0000000,0.0886,0.0798
414.8735258,140.4496859,-5.1343157,-3.1397492,-0.0000335,15.0000000,0.0000000,0.0891,0.0807
415.1735067,140.4502373,-5.4342977,-3.1397602,-0.0000396,15.0000000,0.0000000,0.0897,0.0817
415.4734875,140.4507851,-5.7342601,-3.1397730,-0.0000457,15.0000000,0.0000000,0.0902,0.0827
415.7734684,140.4513288,-6.0342527,-3.1397876,-0.0000518,15.0000000,0.0000000,0.0907,0.0836
416.0734492,140.4518679,-6.3342426,-3.1398041,-0.0000579,15.0000000,0.0000000,0.0913,0.0846
416.3734301,140.4524017,-6.6342116,-3.1398224,-0.0000640,15.0000000,0.0000000,0.0918,0.0855
416.6734109,140.4529297,-6.9341859,-3.1398425,-0.0000701,15.0000000,0.0000000,0.0924,0.0865
416.9733918,140.4534515,-7.2341848,-3.1398644,-0.0000762,15.0000000,0.0000000,0.0929,0.0874
417.2733727,140.4539664,-7.5341614,-3.1398882,-0.0000822,15.0000000,0.0000000,0.0934,0.0884
417.5733535,140.4544739,-7.8341153,-3.1399138,-0.0000883,15.0000000,0.0000000,0.0940,0.0893
417.8733344,140.4549735,-8.1341236,-3.1399412,-0.0000943,15.0000000,0.0000000,0.0945,0.0903
418.1733152,140.4554646,-8.4341089,-3.1399704,-0.0001003,15.0000000,0.0000000,0.0949,0.0912
418.4732961,140.4559466,-8.7340701,-3.1400014,-0.0001064,15.0000000,0.0000000,0.0954,0.0921
418.7732769,140.4564191,-9.0340584,-3.1400342,-0.0001124,15.0000000,0.0000000,0.0959,0.0930
419.0732578,140.4568815,-9.3340535,-3.1400688,-0.0001184,15.0000000,0.0000000,0.0963,0.0939
419.3732387,140.4573332,-9.6340232,-3.1401052,-0.0001243,15.0000000,0.0000000,0.0968,0.0948
419.6732195,140.4577737,-9.9339887,-3.1401434,-0.0001303,15.0000000,0.0000000,0.0972,0.0957
419.9732004,140.4582025,-10.2339947,-3.1401834,-0.0001363,15.0000000,0.0000000,0.0976,0.0966
420.2731812,140.4586191,-10.5339738,-3.1402251,-0.0001422,15.0000000,0.0000000,0.0980,0.0975
420.5731621,140.4590228,-10.8339256,-3.1402687,-0.0001481,15.0000000,0.0000000,0.0984,0.0983
420.8731430,140.4594132,-11.1339318,-3.1403140,-0.0001540,15.0000000,0.0000000,0.0988,0.0992
421.1731238,140.4597898,-11.4339215,-3.1403611,-0.0001599,15.0000000,0.0000000,0.0992,0.1000
421.4731047,140.4601519,-11.7338824,-3.1404100,-0.0001658,15.0000000,0.0000000,0.0996,0.1008
421.7730855,140.4604991,-12.0338643,-3.1404606,-0.0001717,15.0000000,0.0000000,0.0999,0.1016
422.0730664,140.4608309,-12.3338656,-3.1405130,-0.0001775,15.0000000,0.0000000,0.1003,0.1024
422.3730472,140.4611467,-12.6338367,-3.1405671,-0.0001834,15.0000000,0.0000000,0.1006,0.1031
422.6730281,140.4614460,-12.9337916,-3.1406230,-0.0001892,15.0000000,0.0000000,0.1009,0.1039
422.9730090,140.4617283,-13.2338055,-3.1406806,-0.0001950,15.0000000,0.0000000,0.1012,0.1046
423.2729898,140.4619931,-13.5337879,-3.1407400,-0.0002008,15.0000000,0.0000000,0.1014,0.1053
423.5729707,140.4622397,-13.8337384,-3.1408011,-0.0002066,15.0000000,0.0000000,0.1017,0.1060
423.8729515,140.4624678,-14.1337408,-3.1408639,-0.0002123,15.0000000,0.0000000,0.1019,0.1067
424.1729324,140.4626768,-14.4337355,-3.1409284,-0.0002180,15.0000000,0.0000000,0.1021,0.1073
424.4729132,140.4628661,-14.7336968,-3.1409947,-0.0002238,15.0000000,0.0000000,0.1023,0.1080
424.7728941,140.4630353,-15.0336707,-3.1410627,-0.0002295,15.0000000,0.0000000,0.1025,0.1086
425.0728750,140.4631839,-15.3336787,-3.1411324,-0.0002351,15.0000000,0.0000000,0.1026,0.1092
425.3728558,140.4633113,-15.6336520,-3.1412038,-0.0002408,15.0000000,0.0000000,0.1027,0.1097
425.6728367,140.4634171,-15.9335948,-3.1412768,-0.0002465,15.0000000,0.0000000,0.1029,0.1103
425.9728175,140.4635006,-16.2336171,-3.1413516,-0.0002521,15.0000000,0.0000000,0.1029,0.1108
426.2727984,140.4635615,-16.5336033,-3.1414281,-0.0002577,15.0000000,0.0000000,0.1030,0.1112
426.5727792,140.4635992,-16.8335531,-3.1415062,-0.0002633,15.0000000,0.0000000,0.1031,0.1117
426.8727601,140.4636132,-17.1335501,-3.1415860,-0.0002688,15.0000000,0.0000000,0.1031,0.1121
427.1727410,140.4636030,-17.4335502,3.1415178,-0.0002744,15.0000000,0.0000000,0.1031,0.1125
427.4727218,140.4635681,-17.7335125,3.1414347,-0.0002799,15.0000000,0.0000000,0.1031,0.1129
427.7727027,140.4635081,-18.0334772,3.1413499,-0.0002854,15.0000000,0.0000000,0.1031,0.1132
428.0726835,140.4634223,-18.3334921,3.1412634,-0.0002909,15.0000000,0.0000000,0.1030,0.1135
428.3726644,140.4633104,-18.6334679,3.1411754,-0.0002963,15.0000000,0.0000000,0.1028,0.1138
428.6726452,140.4631718,-18.9334041,3.1410857,-0.0003018,15.0000000,0.0000000,0.1027,0.1140
428.9726261,140.4630060,-19.2334284,3.1409943,-0.0003072,15.0000000,0.0000000,0.1025,0.1142
429.2726070,140.4628126,-19.5334187,3.1409013,-0.0003126,15.0000000,0.0000000,0.1023,0.1144
429.5725878,140.4625911,-19.8333680,3.1408068,-0.0003180,15.0000000,0.0000000,0.1021,0.1145
429.8725687,140.4623410,-20.1333587,3.1407106,-0.0003233,15.0000000,0.0000000,0.1019,0.1146
430.1725495,140.4620617,-20.4333642,3.1406128,-0.0003286,15.0000000,0.0000000,0.1016,0.1146
430.4725304,140.4617529,-20.7333276,3.1405134,-0.0003339,15.0000000,0.0000000,0.1013,0.1147
430.7725112,140.4614141,-21.0332822,3.1404125,-0.0003392,15.0000000,0.0000000,0.1011,0.1147
431.0724921,140.4610447,-21.3333040,3.1403099,-0.0003444,15.0000000,0.0000000,0.1007,0.1146
431.3724730,140.4606443,-21.6332823,3.1402058,-0.0003497,15.0000000,0.0000000,0.1003,0.1145
431.6724538,140.4602125,-21.9332165,3.1401001,-0.0003549,15.0000000,0.0000000,0.0999,0.1144
431.9724347,140.4597487,-22.2332375,3.1399929,-0.0003600,15.0000000,0.0000000,0.0994,0.1142
432.2724155,140.4592525,-22.5332315,3.1398841,-0.0003652,15.0000000,0.0000000,0.0989,0.1139
432.5723964,140.4587235,-22.8331803,3.1397738,-0.0003703,15.0000000,0.0000000,0.0983,0.1137
432.8723772,140.4581612,-23.1331641,3.1396620,-0.0003754,15.0000000,0.0000000,0.0978,0.1134
433.1723581,140.4575650,-23.4331747,3.1395486,-0.0003805,15.0000000,0.0000000,0.0972,0.1130
433.4723390,140.4569346,-23.7331388,3.1394337,-0.0003855,15.0000000,0.0000000,0.0966,0.1126
433.7723198,140.4562696,-24.0330833,3.1393173,-0.0003905,15.0000000,0.0000000,0.0960,0.1122
434.0723007,140.4555693,-24.3331114,3.1391994,-0.0003955,15.0000000,0.0000000,0.0954,0.1116
434.3722815,140.4548335,-24.6330916,3.1390800,-0.0004005,15.0000000,0.0000000,0.0948,0.1110
434.6722624,140.4540618,-24.9330237,3.1389591,-0.0004055,15.0000000,0.0000000,0.0943,0.1105
434.9722432,140.4532534,-25.2330409,3.1388367,-0.0004103,15.0000000,0.0000000,0.0935,0.1098
435.2722241,140.4524081,-25.5330381,3.1387129,-0.0004151,15.0000000,0.0000000,0.0925,0.1091
435.5722050,140.4515255,-25.8329858,3.1385877,-0.0004199,15.0000000,0.0000000,0.0915,0.1083
435.8721858,140.4506052,-26.1329628,3.1384610,-0.0004248,15.0000000,0.0000000,0.0904,0.1075
436.1721667,140.4496464,-26.4329776,3.1383328,-0.0004298,15.0000000,0.0000000,0.0894,0.1066
436.4721475,140.4486492,-26.7329418,3.1382032,-0.0004347,15.0000000,0.0000000,0.0884,0.1057
436.7721284,140.4476129,-27.0328766,3.1380720,-0.0004395,15.0000000,0.0000000,0.0874,0.1047
437.0721093,140.4465368,-27.3329098,3.1379396,-0.0004435,15.0000000,0.0000000,0.0863,0.1037
437.3720901,140.4454209,-27.6328912,3.1378059,-0.0004475,15.0000000,0.0000000,0.0852,0.1025
437.6720710,140.4442649,-27.9328203,3.1376711,-0.0004515,15.0000000,0.0000000,0.0841,0.1014
437.9720518,140.4430680,-28.2328339,3.1375348,-0.0004579,15.0000000,0.0000000,0.0829,0.1002
438.2720327,140.4418299,-28.5328330,3.1373963,-0.0004649,15.0000000,0.0000000,0.0816,0.0989
438.5720135,140.4405502,-28.8327789,3.1372558,-0.0004720,15.0000000,0.0000000,0.0804,0.0975
438.8719944,140.4392280,-29.1327499,3.1371143,-0.0004624,15.0000000,0.0000000,0.0791,0.0962
439.1719753,140.4378640,-29.4327681,3.1369802,-0.0004314,15.0000000,0.0000000,0.0777,0.0946
439.4719561,140.4364615,-29.7327314,3.1368554,-0.0004004,15.0000000,0.0000000,0.0763,0.0931
439.7719370,140.4350232,-30.0326564,3.1367401,-0.0003641,15.0000000,0.0000000,0.0749,0.0916
440.0719178,140.4335521,-30.3326907,3.1366438,-0.0002779,15.0000000,0.0000000,0.0751,0.0917
440.3718987,140.4320563,-30.6326709,3.1365733,-0.0001916,15.0000000,0.0000000,0.0757,0.0923
440.6718795,140.4305435,-30.9325990,3.1365288,-0.0001052,15.0000000,0.0000000,0.0763,0.0930
440.9718604,140.4290205,-31.2325943,3.1365042,-0.0000721,15.0000000,0.0000000,0.0776,0.0938
441.2718413,140.4274910,-31.5325837,3.1364850,-0.0000560,15.0000000,0.0000000,0.0797,0.0950
441.5718221,140.4259566,-31.8325373,3.1364706,-0.0000399,15.0000000,0.0000000,0.0818,0.0962
441.8718030,140.4244187,-32.1324966,3.1364614,-0.0000171,15.0000000,0.0000000,0.0839,0.0974
442.1717838,140.4228791,-32.4324820,3.1364612,0.0000151,15.0000000,0.0000000,0.0863,0.0990
442.4717647,140.4213409,-32.7324531,3.1364705,0.0000474,15.0000000,0.0000000,0.0886,0.1005
442.7717455,140.4198071,-33.0324172,3.1364896,0.0000792,15.0000000,0.0000000,0.0910,0.1021
443.0717264,140.4182803,-33.3323844,3.1365174,0.0001067,15.0000000,0.0000000,0.0934,0.1036
443.3717073,140.4167631,-33.6323577,3.1365536,0.0001343,15.0000000,0.0000000,0.0959,0.1051
443.6716881,140.4152579,-33.9323439,3.1365980,0.0001619,15.0000000,0.0000000,0.0984,0.1066
443.9716690,140.4137674,-34.2322966,3.1366508,0.0001905,15.0000000,0.0000000,0.1009,0.1080
444.2716498,140.4122940,-34.5322578,3.1367123,0.0002195,15.0000000,0.0000000,0.1035,0.1095
444.5716307,140.4108403,-34.8322523,3.1367825,0.0002484,15.0000000,0.0000000,0.1060,0.1109
444.8716115,140.4094089,-35.1322269,3.1368614,0.0002775,15.0000000,0.0000000,0.1086,0.1124
445.1715924,140.4080028,-35.4321614,3.1369490,0.0003068,15.0000000,0.0000000,0.1112,0.1137
445.4715733,140.4066240,-35.7321497,3.1370454,0.0003361,15.0000000,0.0000000,0.1137,0.1151
445.7715541,140.4052752,-36.0321829,3.1371507,0.0003653,15.0000000,0.0000000,0.1163,0.1165
446.0715350,140.4039600,-36.3320763,3.1372648,0.0003957,15.0000000,0.0000000,0.1188,0.1178
446.3715158,140.4026800,-36.6320437,3.1373880,0.0004261,15.0000000,0.0000000,0.1212,0.1191
446.6714967,140.4014380,-36.9320919,3.1375204,0.0004563,15.0000000,0.0000000,0.1237,0.1204
446.9714775,140.4002377,-37.2320104,3.1376619,0.0004877,15.0000000,0.0000000,0.1261,0.1216
447.2714584,140.3990811,-37.5319421,3.1378130,0.0005194,15.0000000,0.0000000,0.1284,0.1227
447.5714393,140.3979709,-37.8319750,3.1379735,0.0005510,15.0000000,0.0000000,0.1307,0.1238
447.8714201,140.3969105,-38.1319722,3.1381436,0.0005833,15.0000000,0.0000000,0.1330,0.1250
448.1714010,140.3959029,-38.4318529,3.1383236,0.0006168,15.0000000,0.0000000,0.1351,0.1259
448.4713818,140.3949504,-38.7318552,3.1385136,0.0006502,15.0000000,0.0000000,0.1371,0.1269
448.7713627,140.3940562,-39.0319705,3.1387138,0.0006836,15.0000000,0.0000000,0.1392,0.1279
449.0713435,140.3932243,-39.3317846,3.1389241,0.0007193,15.0000000,0.0000000,0.1410,0.1287
449.3713244,140.3924567,-39.6317407,3.1391452,0.0007548,15.0000000,0.0000000,0.1428,0.1294
449.6713053,140.3917567,-39.9318457,3.1393770,0.0007902,15.0000000,0.0000000,0.1445,0.1302
449.9712861,140.3911283,-40.2317462,3.1396195,0.0008276,15.0000000,0.0000000,0.1462,0.1308
450.2712670,140.3905744,-40.5316397,3.1398734,0.0008657,15.0000000,0.0000000,0.1475,0.1313
450.5712478,140.3900980,-40.8317028,3.1401388,0.0009036,15.0000000,0.0000000,0.1489,0.1319
450.8712287,140.3897031,-41.1317474,3.1404157,0.0009425,15.0000000,0.0000000,0.1503,0.1324
451.1712095,140.3893932,-41.4315613,3.1407044,0.0009836,15.0000000,0.0000000,0.1512,0.1326
451.4711904,140.3891716,-41.7315654,3.1410056,0.0010244,15.0000000,0.0000000,0.1522,0.1329
451.7711713,140.3890421,-42.0317670,3.1413193,0.0010650,15.0000000,0.0000000,0.1531,0.1331
452.0711521,140.3890087,-42.3315154,-3.1415402,0.0011093,15.0000000,0.0000000,0.1537,0.1331
452.3711330,140.3890750,-42.6314427,-3.1412009,0.0011535,15.0000000,0.0000000,0.1541,0.1330
452.6711138,140.3892452,-42.9315882,-3.1408481,0.0011974,15.0000000,0.0000000,0.1546,0.1329
452.9710947,140.3895230,-43.2315127,-3.1404822,0.0012436,15.0000000,0.0000000,0.1549,0.1328
453.2710756,140.3899126,-43.5313444,-3.1401021,0.0012915,15.0000000,0.0000000,0.1547,0.1323
453.5710564,140.3904187,-43.8314151,-3.1397074,0.0013390,15.0000000,0.0000000,0.1546,0.1319
453.8710373,140.3910456,-44.1315652,-3.1392984,0.0013872,15.0000000,0.0000000,0.1544,0.1315
454.1710181,140.3917963,-44.4312813,-3.1388748,0.0014392,15.0000000,0.0000000,0.1538,0.1307
454.4709990,140.3926771,-44.7312573,-3.1384354,0.0014909,15.0000000,0.0000000,0.1531,0.1297
454.7709798,140.3936931,-45.0315008,-3.1379800,0.0015422,15.0000000,0.0000000,0.1523,0.1288
455.0709607,140.3948461,-45.3312653,-3.1375096,0.0015973,15.0000000,0.0000000,0.1513,0.1277
455.3709416,140.3961431,-45.6311255,-3.1370222,0.0016531,15.0000000,0.0000000,0.1499,0.1264
455.6709224,140.3975902,-45.9312742,-3.1365177,0.0017083,15.0000000,0.0000000,0.1485,0.1251
455.9709033,140.3991906,-46.2313097,-3.1359968,0.0017662,15.0000000,0.0000000,0.1470,0.1238
456.2708841,140.4009481,-46.5310319,-3.1354581,0.0018280,15.0000000,0.0000000,0.1450,0.1219
456.5708650,140.4028719,-46.8310632,-3.1349004,0.0018893,15.0000000,0.0000000,0.1429,0.1200
456.8708458,140.4049681,-47.1314113,-3.1343238,0.0019501,15.0000000,0.0000000,0.1407,0.1180
457.1708267,140.4072341,-47.4309887,-3.1337302,0.0020123,15.0000000,0.0000000,0.1382,0.1158
457.4708076,140.4096835,-47.7308785,-3.1331175,0.0020740,15.0000000,0.0000000,0.1354,0.1133
457.7707884,140.4123224,-48.0311064,-3.1324856,0.0021350,15.0000000,0.0000000,0.1326,0.1109
458.0707693,140.4151508,-48.3310125,-3.1318350,0.0022094,15.0000000,0.0000000,0.1297,0.1083
458.3707501,140.4181760,-48.6307370,-3.1311600,0.0022943,15.0000000,0.0000000,0.1261,0.1051
458.6707310,140.4214113,-48.9308187,-3.1304589,0.0023784,15.0000000,0.0000000,0.1225,0.1020
458.9707118,140.4248634,-49.2311162,-3.1297322,0.0024537,15.0000000,0.0000000,0.1190,0.0988
459.2706927,140.4285264,-49.5306422,-3.1289954,0.0024657,15.0000000,0.0000000,0.1149,0.0951
459.5706736,140.4324156,-49.8305479,-3.1282541,0.0024772,15.0000000,0.0000000,0.1106,0.0912
459.8706544,140.4365333,-50.1308457,-3.1275085,0.0024883,15.0000000,0.0000000,0.1062,0.0872
460.1706353,140.4408685,-50.4306417,-3.1267529,0.0025787,15.0000000,0.0000000,0.1022,0.0837
460.4706161,140.4454345,-50.7303657,-3.1259603,0.0027100,15.0000000,0.0000000,0.0997,0.0816
460.7705970,140.4502504,-51.0304763,-3.1251272,0.0028408,15.0000000,0.0000000,0.0972,0.0795
461.0705778,140.4553247,-51.3307331,-3.1242557,0.0029299,15.0000000,0.0000000,0.0947,0.0775
461.3705587,140.4606498,-51.6303419,-3.1233913,0.0028393,15.0000000,0.0000000,0.0980,0.0809
461.6705396,140.4662359,-51.9302704,-3.1225529,0.0027506,15.0000000,0.0000000,0.1036,0.0865
461.9705204,140.4720752,-52.2304817,-3.1217401,0.0026636,15.0000000,0.0000000,0.1093,0.0922
462.2705013,140.4781465,-52.5303483,-3.1209703,0.0024228,15.0000000,0.0000000,0.1151,0.0978
462.5704821,140.4844349,-52.8301728,-3.1202897,0.0021172,15.0000000,0.0000000,0.1215,0.1036
462.8704630,140.4909176,-53.1301777,-3.1197000,0.0018133,15.0000000,0.0000000,0.1278,0.1094
463.1704438,140.4975650,-53.4302420,-3.1192011,0.0015120,15.0000000,0.0000000,0.1342,0.1152
463.4704247,140.5043433,-53.7300706,-3.1187922,0.0012153,15.0000000,-3.9782176,0.1409,0.1209
463.7704056,140.5112330,-54.0299845,-3.1184719,0.0009197,14.9202286,-10.2061386,0.1477,0.1267
464.0703864,140.5182066,-54.3299511,-3.1182403,0.0006247,14.7135968,-10.1508089,0.1545,0.1324
464.3703673,140.5252363,-54.6299084,-3.1180975,0.0003253,14.5051657,-10.0929274,0.1613,0.1381
464.6703481,140.5322947,-54.9298413,-3.1180452,0.0000239,14.2949104,-9.9233457,0.1684,0.1437
464.9703290,140.5393542,-55.2297307,-3.1180832,-0.0002776,14.0851282,-9.7498739,0.1754,0.1493
465.2703098,140.5463886,-55.5296160,-3.1182117,-0.0005778,13.8759246,-9.5831172,0.1824,0.1549
465.5702907,140.5533752,-55.8296797,-3.1184291,-0.0008711,13.6671790,-9.4213725,0.1894,0.1603
465.8702716,140.5602801,-56.1296041,-3.1187346,-0.0011654,13.4588008,-9.2644673,0.1962,0.1656
466.1702524,140.5670763,-56.4293574,-3.1191283,-0.0014611,13.2506978,-9.1151083,0.2031,0.1709
466.4702333,140.5737484,-56.7294366,-3.1196096,-0.0017414,13.0427097,-8.9712613,0.2098,0.1761
466.7702141,140.5802633,-57.0295051,-3.1201735,-0.0020163,12.8347132,-8.8315268,0.2162,0.1809
467.0701950,140.5865909,-57.3293060,-3.1208196,-0.0022933,12.6266102,-8.6963537,0.2226,0.1857
467.3701758,140.5927112,-57.6290515,-3.1215489,-0.0025690,12.4182851,-8.5670687,0.2290,0.1906
467.6701567,140.5986116,-57.9293682,-3.1223601,-0.0028334,12.2095820,-8.4413754,0.2349,0.1950
467.9701376,140.6042496,-58.2293204,-3.1232502,-0.0031006,12.0003913,-8.3191836,0.2405,0.1992
468.2701184,140.6096016,-58.5288768,-3.1242195,-0.0033709,11.7905979,-8.2099074,0.2462,0.2035
468.5700993,140.6146631,-58.8291380,-3.1252649,-0.0035730,11.5798346,-8.1065435,0.2515,0.2075
468.8700801,140.6194014,-59.1293400,-3.1263646,-0.0037526,11.3678913,-8.0055113,0.2561,0.2109
469.1700610,140.6237943,-59.4290444,-3.1275167,-0.0039354,11.1546382,-7.8979139,0.2606,0.2143
469.4700419,140.6278336,-59.7287485,-3.1287272,-0.0041962,10.9401785,-7.7711915,0.2651,0.2177
469.7700227,140.6315037,-60.0292636,-3.1300571,-0.0046552,10.7249750,-7.6492481,0.2685,0.2203
470.0700036,140.6347474,-60.3291976,-3.1315229,-0.0051195,10.5088455,-7.5319884,0.2717,0.2226
470.3699844,140.6375253,-60.6285355,-3.1331256,-0.0055894,10.2915950,-7.3972753,0.2748,0.2250
470.6699653,140.6398091,-60.9292235,-3.1349054,-0.0062843,10.0736710,-7.2639948,0.2774,0.2269
470.9699461,140.6415229,-61.2295513,-3.1369055,-0.0070388,9.8549849,-7.1361337,0.2788,0.2281
471.2699270,140.6425994,-61.5290235,-3.1391291,-0.0078158,9.6353163,-6.9703187,0.2803,0.2293
471.5699079,140.6429734,-61.8291862,3.1415581,-0.0091089,9.4158057,-6.7571785,0.2818,0.2305
471.8698887,140.6425201,-62.1303473,3.1385166,-0.0111037,9.1980078,-6.5540042,0.2807,0.2303
472.1698696,140.6410687,-62.4300473,3.1348795,-0.0131860,8.9817146,-6.3610293,0.2793,0.2299
472.4698504,140.6384462,-62.7284630,3.1306208,-0.0153559,8.7666882,-6.1951475,0.2780,0.2295
472.7698313,140.6343939,-63.0309603,3.1256716,-0.0173853,8.5520741,-6.0357609,0.2744,0.2278
473.0698121,140.6287984,-63.3311619,3.1201320,-0.0195391,8.3376703,-5.8824100,0.2685,0.2248
473.3697930,140.6215091,-63.6288487,3.1139761,-0.0218355,8.1232706,-5.8316788,0.2627,0.2218
473.6697739,140.6121497,-63.9307624,3.1071927,-0.0227471,7.9049820,-5.8088441,0.2557,0.2180
473.9697547,140.6007568,-64.2316164,3.1002641,-0.0232932,7.6813838,-5.7852843,0.2436,0.2109
474.2697356,140.5874092,-64.5291697,3.0932350,-0.0239199,7.4520271,-5.7851910,0.2315,0.2039
474.5697164,140.5717828,-64.8295832,3.0860408,-0.0234075,7.2153873,-5.8252193,0.2194,0.1968
474.8696973,140.5539870,-65.1307977,3.0791944,-0.0219541,6.9689960,-5.9076064,0.2014,0.1824
475.1696781,140.5344580,-65.4280981,3.0728808,-0.0204080,6.7098859,-5.9725266,0.1833,0.1678
475.4696590,140.5129680,-65.7272419,3.0668582,-0.0207165,6.4373349,-5.8878396,0.1652,0.1532
475.7696399,140.4894618,-66.0280905,3.0602627,-0.0230123,6.1568500,-5.8170202,0.1420,0.1289
476.0696207,140.4642034,-66.3249734,3.0530569,-0.0253701,5.8665845,-5.3685746,0.1181,0.1033
476.3696016,140.4364499,-66.6236798,3.0440675,-0.0402941,5.5853267,-4.6641035,0.0942,0.0776
476.6695824,140.4049005,-66.9232793,3.0279343,-0.0670961,5.3289390,-4.0489591,0.1307,0.1070
476.9695633,140.3677553,-67.2188247,3.0038003,-0.0951849,5.0959170,-3.3016408,0.1733,0.1418
477.2695441,140.3216568,-67.5162556,2.9699406,-0.1325436,4.8977048,-2.4817395,0.2163,0.1804
477.5695250,140.2637761,-67.8112698,2.9235743,-0.1764306,4.7432650,-1.6424615,0.2632,0.2546
477.8695059,140.1912262,-68.0995908,2.8642985,-0.2226058,4.6382269,-1.2021745,0.3100,0.3288
478.1694867,140.0984917,-68.3866653,2.7926440,-0.2508081,4.5598125,-0.7354657,0.3509,0.4335
478.4694676,139.9851498,-68.6640452,2.7133203,-0.2787448,4.5111683,-0.4032494,0.3835,0.5795
478.7694484,139.8497678,-68.9297466,2.6262073,-0.2983782,4.4842731,-0.4032494,0.4162,0.7254
479.0694293,139.6904119,-69.1842239,2.5387851,-0.2835637,4.4572156,-0.0318931,0.4299,0.9794
479.3694101,139.5104265,-69.4236906,2.4561005,-0.2683504,4.4550686,0.2758654,0.4411,1.2476
479.6693910,139.3117901,-69.6478313,2.3768353,-0.2669599,4.4736054,-0.3988051,0.4472,1.3358
479.9693719,139.0957230,-69.8554793,2.2953223,-0.2768962,4.4467828,-0.8736513,0.4467,1.1850
480.2693527,138.8627739,-70.0448093,2.2107329,-0.2863612,4.3874503,-0.6597866,0.4462,1.0343
480.5693336,138.6155983,-70.2126091,2.1227891,-0.3032957,4.3421047,-0.3735909,0.4272,0.8149
480.8693144,138.3532899,-70.3578121,2.0290053,-0.3220658,4.3162174,-0.3735909,0.4082,0.5953
481.1692953,138.0777789,-70.4772187,1.9301022,-0.3219543,4.2901739,-0.2948559,0.3744,0.4360
481.4692761,137.7948317,-70.5693607,1.8445211,-0.2537322,4.2695070,1.0092450,0.3264,0.3347
481.7692570,137.5022363,-70.6405840,1.7777991,-0.1904555,4.3398385,2.0352325,0.2784,0.2335
482.0692379,137.2067668,-70.6947379,1.7290187,-0.1368058,4.4783100,2.8541464,0.2268,0.1856
482.3692187,136.9111260,-70.7364486,1.6952305,-0.0898830,4.6655802,3.6069422,0.1748,0.1430
482.6691996,136.6114835,-70.7705048,1.6749599,-0.0449958,4.8920002,4.4432620,0.1314,0.1088
482.9691804,136.3141490,-70.8000664,1.6656415,-0.0262790,5.1572719,4.7666286,0.1323,0.1172
483.2691613,136.0167091,-70.8272525,1.6584698,-0.0217669,5.4274532,4.7092798,0.1333,0.1256
483.5691421,135.7153799,-70.8528078,1.6525565,-0.0173753,5.6817810,4.6526210,0.1399,0.1366
483.8691230,135.4183782,-70.8763929,1.6474382,-0.0184628,5.9223331,4.5966438,0.1623,0.1548
484.1691039,135.1204449,-70.8984007,1.6414761,-0.0214051,6.1507593,4.4315441,0.1846,0.1731
484.4690847,134.8182192,-70.9187705,1.6345747,-0.0241180,6.3632222,4.2114703,0.2052,0.1892
484.7690656,134.5202349,-70.9366974,1.6271510,-0.0251548,6.5587589,4.0552596,0.2191,0.1976
485.0690464,134.2220589,-70.9523902,1.6195851,-0.0255241,6.7416851,3.9284829,0.2331,0.2060
485.3690273,133.9200763,-70.9659619,1.6118118,-0.0259073,6.9142793,3.8027392,0.2468,0.2141
485.6690082,133.6201998,-70.9770998,1.6040685,-0.0251773,7.0773410,3.7344459,0.2549,0.2175
485.9689890,133.3220469,-70.9859272,1.5967995,-0.0235885,7.2338980,3.7162469,0.2629,0.2209
486.2689699,133.0209109,-70.9927115,1.5899166,-0.0221362,7.3863987,3.6981762,0.2709,0.2242
486.5689507,132.7191978,-70.9974941,1.5834585,-0.0203301,7.5350946,3.7071145,0.2740,0.2256
486.8689316,132.4211136,-71.0004102,1.5778473,-0.0173475,7.6812614,3.7932749,0.2755,0.2262
487.1689124,132.1208733,-71.0017885,1.5730677,-0.0145172,7.8280008,3.8815904,0.2769,0.2269
487.4688933,131.8187034,-71.0018537,1.5690925,-0.0118164,7.9753622,3.9728746,0.2772,0.2268
487.7688742,131.5198304,-71.0008531,1.5659225,-0.0094311,8.1234214,3.9766716,0.2755,0.2254
488.0688550,131.2201165,-70.9990031,1.5634391,-0.0071549,8.2689676,3.9288270,0.2737,0.2239
488.3688359,130.9192809,-70.9964995,1.5616205,-0.0049454,8.4102896,3.8815581,0.2720,0.2225
488.6688167,130.6188759,-70.9935491,1.5603906,-0.0037540,8.5476171,3.8348578,0.2686,0.2198
488.9687976,130.3192407,-70.9902642,1.5592825,-0.0036429,8.6811592,3.7887194,0.2650,0.2169
489.2687784,130.0191049,-70.9866458,1.5582048,-0.0035396,8.8111073,3.7431361,0.2615,0.2140
489.5687593,129.7186323,-70.9827038,1.5571558,-0.0034374,8.9376367,3.6981013,0.2575,0.2109
489.8687402,129.4189521,-70.9784671,1.5561824,-0.0030583,9.0609089,3.6536082,0.2529,0.2076
490.1687210,129.1190527,-70.9739521,1.5553218,-0.0026807,9.1810726,3.6096505,0.2484,0.2042
490.4687019,128.8189339,-70.9691925,1.5545737,-0.0023045,9.2982658,3.5662217,0.2438,0.2008
490.7686827,128.5190000,-70.9642276,1.5539274,-0.0020648,9.4126162,3.5233153,0.2386,0.1969
491.0686636,128.2191855,-70.9590787,1.5533277,-0.0019353,9.5242426,3.4809252,0.2333,0.1930
491.3686444,127.9191849,-70.9537523,1.5527663,-0.0018069,9.6332559,3.4390451,0.2281,0.1892
491.6686253,127.6190593,-70.9482610,1.5522432,-0.0016731,9.7397595,3.3976688,0.2226,0.1851
491.9686062,127.3192713,-70.9426262,1.5517725,-0.0014668,9.8438502,3.3567904,0.2169,0.1808
492.2685870,127.0193570,-70.9368571,1.5513633,-0.0012612,9.9456187,3.3164038,0.2111,0.1766
492.5685679,126.7193342,-70.9309723,1.5510156,-0.0010564,10.0451504,3.2765031,0.2054,0.1723
492.8685487,126.4193967,-70.9249940,1.5507287,-0.0008595,10.1425255,3.2370824,0.1993,0.1677
493.1685296,126.1195066,-70.9189393,1.5504996,-0.0006681,10.2378195,3.1981361,0.1932,0.1632
493.4685104,125.8195620,-70.9128234,1.5503278,-0.0004771,10.3311039,3.1596583,0.1872,0.1586
493.7684913,125.5195888,-70.9066639,1.5502133,-0.0002856,10.4224461,3.1216434,0.1811,0.1539
494.0684722,125.2196616,-70.9004797,1.5501572,-0.0000883,10.5119098,3.0840859,0.1749,0.1492
494.3684530,124.9197346,-70.8942876,1.5501603,0.0001090,10.5995558,3.0469803,0.1687,0.1444
494.6684339,124.6198260,-70.8881057,1.5502226,0.0003064,10.6854412,3.0103211,0.1625,0.1396
494.9684147,124.3198579,-70.8819501,1.5503440,0.0005021,10.7696207,2.9741030,0.1565,0.1347
495.2683956,124.0198864,-70.8758397,1.5505239,0.0006971,10.8521463,2.9383206,0.1505,0.1298
495.5683764,123.7199884,-70.8697935,1.5507623,0.0008924,10.9330672,2.9029687,0.1444,0.1249
495.8683573,123.4201297,-70.8638284,1.5510593,0.0010871,11.0124307,2.8680422,0.1386,0.1200
496.1683382,123.1200517,-70.8579567,1.5514136,0.0012744,11.0902815,2.8335359,0.1328,0.1150
496.4683190,122.8201026,-70.8522024,1.5518241,0.0014624,11.1666628,2.7994447,0.1271,0.1101
496.7682999,122.5203013,-70.8465824,1.5522910,0.0016513,11.2416154,2.7657637,0.1213,0.1051
497.0682807,122.2202659,-70.8411067,1.5528150,0.0018412,11.3151787,2.7324879,0.1162,0.1002
497.3682616,121.9202062,-70.8357964,1.5533962,0.0020322,11.3873903,2.6996125,0.1111,0.0953
497.6682424,121.6203496,-70.8306726,1.5540344,0.0022244,11.4582862,2.6671326,0.1059,0.0904
497.9682233,121.3205606,-70.8257500,1.5547295,0.0023899,11.5279009,2.6350435,0.1015,0.0859
498.2682042,121.0203283,-70.8210342,1.5554535,0.0024325,11.5962677,2.6033404,0.0975,0.0817
498.5681850,120.7203579,-70.8165416,1.5561898,0.0024759,11.6634184,2.5720188,0.0936,0.0775
498.8681659,120.4206709,-70.8122757,1.5569385,0.0025202,11.7293837,2.5410740,0.0905,0.0740
499.1681467,120.1205252,-70.8082292,1.5576854,0.0024141,11.7941930,2.5105016,0.0948,0.0778
499.4681276,119.8204001,-70.8044003,1.5583852,0.0022485,11.8578748,2.4802969,0.0991,0.0815
499.7681084,119.5206009,-70.8007778,1.5590344,0.0020822,11.9204562,2.4504557,0.1034,0.0852
500.0680893,119.2208280,-70.7973428,1.5596352,0.0019553,11.9819638,2.4209735,0.1073,0.0885
500.3680702,118.9205539,-70.7940792,1.5602197,0.0019377,12.0424228,2.3918460,0.1110,0.0916
500.6680510,118.6206092,-70.7909936,1.5607983,0.0019198,12.1018579,2.3630689,0.1146,0.0946
500.9680319,118.3209845,-70.7880838,1.5613708,0.0019014,12.1602925,2.3346381,0.1181,0.0976
501.2680127,118.0207781,-70.7853391,1.5619344,0.0018470,12.2177497,2.3065493,0.1211,0.1002
501.5679936,117.7206945,-70.7827620,1.5624793,0.0017848,12.2742515,2.2787985,0.1241,0.1027
501.8679745,117.4209115,-70.7803479,1.5630050,0.0017221,12.3298192,2.2513815,0.1271,0.1053
502.1679553,117.1210188,-70.7780878,1.5635125,0.0016663,12.3844735,2.2242944,0.1295,0.1074
502.4679362,116.8208191,-70.7759756,1.5640059,0.0016209,12.4382344,2.1975332,0.1319,0.1094
502.7679170,116.5209031,-70.7740112,1.5644852,0.0015751,12.4911213,2.1710940,0.1342,0.1113
503.0678979,116.2212642,-70.7721901,1.5649503,0.0015289,12.5431529,2.1449729,0.1363,0.1131
503.3678787,115.9209789,-70.7705029,1.5654026,0.0014835,12.5943474,2.1191660,0.1380,0.1147
503.6678596,115.6209491,-70.7689507,1.5658408,0.0014377,12.6447224,2.0936697,0.1397,0.1163
503.9678405,115.3211784,-70.7675290,1.5662649,0.0013916,12.6942950,2.0684801,0.1414,0.1179
504.2678213,115.0211608,-70.7662315,1.5666757,0.0013482,12.7430819,2.0435935,0.1425,0.1190
504.5678022,114.7210363,-70.7650549,1.5670741,0.0013067,12.7910990,2.0190064,0.1436,0.1200
504.8677830,114.4211532,-70.7639967,1.5674597,0.0012648,12.8383620,1.9947151,0.1447,0.1211
505.1677639,114.1213558,-70.7630526,1.5678326,0.0012234,12.8848862,1.9707161,0.1455,0.1220
505.4677447,113.8211548,-70.7622175,1.5681941,0.0011847,12.9306862,1.9470057,0.1461,0.1227
505.7677256,113.5211772,-70.7614896,1.5685436,0.0011457,12.9757765,1.9235807,0.1466,0.1235
506.0677065,113.2214166,-70.7608652,1.5688811,0.0011064,13.0201709,1.9004375,0.1471,0.1242
506.3676873,112.9212946,-70.7603396,1.5692076,0.0010698,13.0638830,1.8775727,0.1471,0.1246
506.6676682,112.6212396,-70.7599105,1.5695232,0.0010336,13.1069261,1.8549831,0.1472,0.1250
506.9676490,112.3213838,-70.7595747,1.5698277,0.0009973,13.1493129,1.8326652,0.1472,0.1253
507.2676299,112.0214469,-70.7593285,1.5701214,0.0009620,13.1910560,1.8106158,0.1469,0.1255
507.5676107,111.7213308,-70.7591687,1.5704051,0.0009284,13.2321676,1.7888317,0.1464,0.1256
507.8675916,111.4213961,-70.7590926,1.5706785,0.0008946,13.2726595,1.7673097,0.1460,0.1257
508.1675725,111.1216037,-70.7590970,1.5709416,0.0008607,13.3125433,1.7460466,0.1454,0.1257
508.4675533,110.8214421,-70.7591789,1.5711952,0.0008294,13.3518302,1.7250394,0.1445,0.1256
508.7675342,110.5214440,-70.7593354,1.5714393,0.0007978,13.3905312,1.7042849,0.1436,0.1255
509.0675150,110.2216033,-70.7595636,1.5716738,0.0007661,13.4286571,1.6837801,0.1427,0.1254
509.3674959,109.9215651,-70.7598609,1.5718990,0.0007360,13.4662183,1.6635220,0.1415,0.1249
509.6674767,109.6215185,-70.7602244,1.5721154,0.0007065,13.5032250,1.6435076,0.1403,0.1245
509.9674576,109.3216116,-70.7606514,1.5723229,0.0006768,13.5396871,1.6237341,0.1390,0.1240
510.2674385,109.0216924,-70.7611392,1.5725214,0.0006477,13.5756144,1.6041984,0.1376,0.1235
510.5674193,108.7216116,-70.7616856,1.5727116,0.0006199,13.6110163,1.5848978,0.1360,0.1229
510.8674002,108.4216528,-70.7622876,1.5728934,0.0005920,13.6459020,1.5658294,0.1344,0.1224
511.1673810,108.1218102,-70.7629426,1.5730667,0.0005640,13.6802807,1.5469904,0.1328,0.1217
511.4673619,107.8217156,-70.7636489,1.5732320,0.0005377,13.7141611,1.5283781,0.1310,0.1210
511.7673427,107.5217188,-70.7644035,1.5733894,0.0005112,13.7475519,1.5099897,0.1292,0.1202
512.0673236,107.2218205,-70.7652037,1.5735387,0.0004847,13.7804615,1.4918225,0.1273,0.1195
512.3673045,106.9218233,-70.7660478,1.5736802,0.0004590,13.8128981,1.4738739,0.1253,0.1186
512.6672853,106.6218018,-70.7669333,1.5738142,0.0004338,13.8448699,1.4561413,0.1233,0.1177
512.9672662,106.3218614,-70.7678577,1.5739405,0.0004085,13.8763847,1.4386220,0.1213,0.1167
513.2672470,106.0219280,-70.7688187,1.5740593,0.0003835,13.9074502,1.4213134,0.1192,0.1158
513.5672279,105.7218949,-70.7698146,1.5741707,0.0003592,13.9380739,1.4042132,0.1171,0.1147
513.8672087,105.4219253,-70.7708426,1.5742748,0.0003348,13.9682632,1.3873186,0.1149,0.1137
514.1671896,105.1220133,-70.7719005,1.5743715,0.0003104,13.9980254,1.3706274,0.1127,0.1127
514.4671705,104.8219911,-70.7729868,1.5744611,0.0002867,14.0273675,1.3541369,0.1105,0.1116
514.7671513,104.5220052,-70.7740987,1.5745436,0.0002631,14.0562965,1.3378449,0.1083,0.1105
515.0671322,104.2220594,-70.7752341,1.5746189,0.0002394,14.0848190,1.3217488,0.1060,0.1094
515.3671130,103.9220837,-70.7763913,1.5746872,0.0002158,14.1129417,1.3058464,0.1038,0.1082
515.6670939,103.6220941,-70.7775678,1.5747484,0.0001923,14.1406712,1.2901354,0.1016,0.1070
515.9670747,103.3221271,-70.7787616,1.5748026,0.0001688,14.1680138,1.2746134,0.0993,0.1058
516.2670556,103.0221660,-70.7799706,1.5748497,0.0001455,14.1949756,1.2592781,0.0971,0.1046
516.5670365,102.7221854,-70.7811928,1.5748900,0.0001231,14.2215629,1.2441273,0.0950,0.1035
516.8670173,102.4222098,-70.7824260,1.5749235,0.0001006,14.2477816,1.2291588,0.0928,0.1023
517.1669982,102.1222333,-70.7836682,1.5749503,0.0000781,14.2736375,1.2143704,0.0906,0.1011
517.4669790,101.8222720,-70.7849174,1.5749699,0.0000522,14.2991365,1.1997599,0.0886,0.0998
517.7669599,101.5223002,-70.7861713,1.5749816,0.0000260,14.3242841,1.1853252,0.0865,0.0985
518.0669408,101.2223102,-70.7874277,1.5749855,-0.0000002,14.3490858,1.1710642,0.0844,0.0972
518.3669216,100.9223483,-70.7886839,1.5749822,-0.0000189,14.3735472,1.1569748,0.0825,0.0960
518.6669025,100.6223936,-70.7899384,1.5749745,-0.0000321,14.3976734,1.1430548,0.0807,0.0947
518.9668833,100.3224022,-70.7911902,1.5749629,-0.0000454,14.4214697,1.1293024,0.0788,0.0935
519.2668642,100.0224047,-70.7924379,1.5749469,-0.0000703,14.4449412,1.1157154,0.0772,0.0924
519.5668450,99.7224748,-70.7936787,1.5749166,-0.0001318,14.4680929,1.1022919,0.0758,0.0913
519.8668259,99.4224938,-70.7949079,1.5748678,-0.0001932,14.4909298,1.0890298,0.0744,0.0903
520.1668068,99.1224592,-70.7961198,1.5748006,-0.0002546,14.5134566,1.0759274,0.0733,0.0896
520.4667876,98.8225321,-70.7973088,1.5747187,-0.0002891,14.5356781,1.0629825,0.0744,0.0910
520.7667685,98.5225680,-70.7984719,1.5746273,-0.0003205,14.5575989,1.0501935,0.0756,0.0924
521.0667493,98.2225495,-70.7996064,1.5745264,-0.0003519,14.5792236,1.0375583,0.0767,0.0938
521.3667302,97.9225763,-70.8007091,1.5744178,-0.0003632,14.6005567,1.0250751,0.0778,0.0950
521.6667110,97.6226296,-70.8017791,1.5743096,-0.0003585,14.6216026,1.0127421,0.0789,0.0962
521.9666919,97.3226306,-70.8028170,1.5742027,-0.0003538,14.6423656,1.0005574,0.0799,0.0974
522.2666728,97.0226153,-70.8038231,1.5740973,-0.0003495,14.6628498,0.9885194,0.0809,0.0985
522.5666536,96.7226852,-70.8047975,1.5739928,-0.0003468,14.6830596,0.9766262,0.0819,0.0996
522.8666345,96.4227040,-70.8057408,1.5738892,-0.0003440,14.7029989,0.9648761,0.0828,0.1006
523.1666153,96.1226720,-70.8066533,1.5737864,-0.0003413,14.7226718,0.9532674,0.0837,0.1016
523.4665962,95.8227338,-70.8075349,1.5736846,-0.0003377,14.7420823,0.9417983,0.0846,0.1024
523.7665770,95.5227696,-70.8083861,1.5735838,-0.0003340,14.7612341,0.9304673,0.0854,0.1033
524.0665579,95.2227561,-70.8092074,1.5734842,-0.0003304,14.7801312,0.9192725,0.0863,0.1042
524.3665388,94.9227764,-70.8099989,1.5733856,-0.0003268,14.7987772,0.9082124,0.0870,0.1049
524.6665196,94.6228283,-70.8107609,1.5732881,-0.0003233,14.8171758,0.8972855,0.0878,0.1056
524.9665005,94.3228323,-70.8114939,1.5731917,-0.0003197,14.8353307,0.8864899,0.0885,0.1063
525.2664813,94.0228135,-70.8121982,1.5730963,-0.0003162,14.8532453,0.8758243,0.0892,0.1069
525.5664622,93.7228805,-70.8128739,1.5730020,-0.0003125,14.8709232,0.8652870,0.0899,0.1075
525.8664430,93.4229011,-70.8135215,1.5729088,-0.0003089,14.8883678,0.8548764,0.0905,0.1080
526.1664239,93.1228757,-70.8141415,1.5728167,-0.0003052,14.9055825,0.8445911,0.0911,0.1086
526.4664048,92.8229269,-70.8147338,1.5727257,-0.0003015,14.9225705,0.8344296,0.0917,0.1090
526.7663856,92.5229632,-70.8152990,1.5726358,-0.0002978,14.9393352,0.8243903,0.0923,0.1094
527.0663665,92.2229548,-70.8158375,1.5725470,-0.0002940,14.9558798,0.8144718,0.0928,0.1098
527.3663473,91.9229681,-70.8163496,1.5724594,-0.0002903,14.9722073,0.8046726,0.0933,0.1101
527.6663282,91.6230190,-70.8168354,1.5723729,-0.0002865,14.9883209,0.5837634,0.0938,0.1103
527.9663090,91.3230268,-70.8172955,1.5722875,-0.0002827,15.0000000,0.0000000,0.0943,0.1106
528.2662899,91.0230046,-70.8177302,1.5722033,-0.0002789,15.0000000,0.0000000,0.0947,0.1108
528.5662708,90.7230691,-70.8181397,1.5721202,-0.0002750,15.0000000,0.0000000,0.0951,0.1110
528.8662516,90.4230920,-70.8185246,1.5720383,-0.0002711,15.0000000,0.0000000,0.0955,0.1111
529.1662325,90.1230738,-70.8188850,1.5719575,-0.0002673,15.0000000,0.0000000,0.0959,0.1113
529.4662133,89.8231143,-70.8192214,1.5718780,-0.0002633,15.0000000,0.0000000,0.0962,0.1113
529.7661942,89.5231513,-70.8195341,1.5717996,-0.0002594,15.0000000,0.0000000,0.0965,0.1113
530.0661750,89.2231486,-70.8198234,1.5717223,-0.0002555,15.0000000,0.0000000,0.0968,0.1113
530.3661559,88.9231551,-70.8200898,1.5716463,-0.0002515,15.0000000,0.0000000,0.0970,0.1113
530.6661368,88.6232051,-70.8203335,1.5715714,-0.0002475,15.0000000,0.0000000,0.0973,0.1112
530.9661176,88.3232169,-70.8205549,1.5714978,-0.0002435,15.0000000,0.0000000,0.0975,0.1111
531.2660985,88.0231921,-70.8207545,1.5714253,-0.0002395,15.0000000,0.0000000,0.0977,0.1110
531.5660793,87.7232541,-70.8209324,1.5713541,-0.0002355,15.0000000,0.0000000,0.0978,0.1108
531.8660602,87.4232794,-70.8210892,1.5712841,-0.0002314,15.0000000,0.0000000,0.0980,0.1106
532.1660411,87.1232684,-70.8212252,1.5712153,-0.0002273,15.0000000,0.0000000,0.0981,0.1105
532.4660219,86.8232989,-70.8213407,1.5711477,-0.0002232,15.0000000,0.0000000,0.0982,0.1102
532.7660028,86.5233366,-70.8214361,1.5710813,-0.0002191,15.0000000,0.0000000,0.0984,0.1099
533.0659836,86.2233395,-70.8215118,1.5710162,-0.0002150,15.0000000,0.0000000,0.0985,0.1096
533.3659645,85.9233401,-70.8215682,1.5709523,-0.0002109,15.0000000,0.0000000,0.0985,0.1093
533.6659453,85.6233891,-70.8216055,1.5708897,-0.0002067,15.0000000,0.0000000,0.0985,0.1089
533.9659262,85.3234048,-70.8216243,1.5708283,-0.0002026,15.0000000,0.0000000,0.0985,0.1086
534.2659071,85.0233878,-70.8216248,1.5707682,-0.0001984,15.0000000,0.0000000,0.0985,0.1082
534.5658879,84.7234376,-70.8216075,1.5707093,-0.0001942,15.0000000,0.0000000,0.0985,0.1077
534.8658688,84.4234650,-70.8215727,1.5706517,-0.0001900,15.0000000,0.0000000,0.0985,0.1073
535.1658496,84.1234612,-70.8215208,1.5705953,-0.0001857,15.0000000,0.0000000,0.0984,0.1068
535.4658305,83.8234828,-70.8214523,1.5705402,-0.0001815,15.0000000,0.0000000,0.0983,0.1063
535.7658113,83.5235208,-70.8213673,1.5704864,-0.0001772,15.0000000,0.0000000,0.0982,0.1058
536.0657922,83.2235290,-70.8212665,1.5704339,-0.0001730,15.0000000,0.0000000,0.0982,0.1053
536.3657731,82.9235253,-70.8211500,1.5703826,-0.0001687,15.0000000,0.0000000,0.0981,0.1048
536.6657539,82.6235727,-70.8210184,1.5703327,-0.0001644,15.0000000,0.0000000,0.0979,0.1042
536.9657348,82.3235918,-70.8208720,1.5702840,-0.0001601,15.0000000,0.0000000,0.0978,0.1036
537.2657156,82.0235832,-70.8207112,1.5702367,-0.0001558,15.0000000,0.0000000,0.0976,0.1030
537.5656965,81.7236214,-70.8205363,1.5701906,-0.0001514,15.0000000,0.0000000,0.0974,0.1024
537.8656773,81.4236503,-70.8203479,1.5701458,-0.0001471,15.0000000,0.0000000,0.0972,0.1017
538.1656582,81.1236530,-70.8201462,1.5701024,-0.0001427,15.0000000,0.0000000,0.0970,0.1011
538.4656391,80.8236676,-70.8199316,1.5700602,-0.0001383,15.0000000,0.0000000,0.0968,0.1004
538.7656199,80.5237051,-70.8197047,1.5700194,-0.0001340,15.0000000,0.0000000,0.0966,0.0997
539.0656008,80.2237179,-70.8194656,1.5699798,-0.0001296,15.0000000,0.0000000,0.0963,0.0991
539.3655816,79.9237119,-70.8192149,1.5699416,-0.0001252,15.0000000,0.0000000,0.0961,0.0984
539.6655625,79.6237569,-70.8189530,1.5699047,-0.0001208,15.0000000,0.0000000,0.0959,0.0976
539.9655433,79.3237786,-70.8186801,1.5698692,-0.0001163,15.0000000,0.0000000,0.0956,0.0969
540.2655242,79.0237777,-70.8183968,1.5698349,-0.0001119,15.0000000,0.0000000,0.0954,0.0962
540.5655051,78.7238063,-70.8181035,1.5698020,-0.0001075,15.0000000,0.0000000,0.0951,0.0954
540.8654859,78.4238358,-70.8178004,1.5697705,-0.0001030,15.0000000,0.0000000,0.0947,0.0946
541.1654668,78.1238442,-70.8174881,1.5697402,-0.0000985,15.0000000,0.0000000,0.0944,0.0939
541.4654476,77.8238540,-70.8171669,1.5697113,-0.0000941,15.0000000,0.0000000,0.0941,0.0931
541.7654285,77.5238902,-70.8168373,1.5696838,-0.0000896,15.0000000,0.0000000,0.0937,0.0923
542.0654093,77.2239066,-70.8164996,1.5696576,-0.0000851,15.0000000,0.0000000,0.0934,0.0915
542.3653902,76.9239040,-70.8161542,1.5696327,-0.0000806,15.0000000,0.0000000,0.0930,0.0907
542.6653711,76.6239423,-70.8158016,1.5696092,-0.0000761,15.0000000,0.0000000,0.0927,0.0899
542.9653519,76.3239657,-70.8154421,1.5695870,-0.0000716,15.0000000,0.0000000,0.0923,0.0891
543.2653328,76.0239714,-70.8150762,1.5695662,-0.0000671,15.0000000,0.0000000,0.0920,0.0883
543.5653136,75.7239928,-70.8147043,1.5695468,-0.0000626,15.0000000,0.0000000,0.0916,0.0875
543.8652945,75.4240220,-70.8143267,1.5695287,-0.0000580,15.0000000,0.0000000,0.0912,0.0867
544.1652753,75.1240349,-70.8139439,1.5695120,-0.0000535,15.0000000,0.0000000,0.0908,0.0858
544.4652562,74.8240425,-70.8135562,1.5694966,-0.0000490,15.0000000,0.0000000,0.0905,0.0850
544.7652371,74.5240762,-70.8131642,1.5694826,-0.0000444,15.0000000,0.0000000,0.0901,0.0842
545.0652179,74.2240952,-70.8127682,1.5694699,-0.0000399,15.0000000,0.0000000,0.0897,0.0833
545.3651988,73.9241001,-70.8123685,1.5694587,-0.0000353,15.0000000,0.0000000,0.0893,0.0825
545.6651796,73.6241290,-70.8119658,1.5694487,-0.0000308,15.0000000,0.0000000,0.0889,0.0817
545.9651605,73.3241529,-70.8115602,1.5694402,-0.0000262,15.0000000,0.0000000,0.0885,0.0809
546.2651413,73.0241641,-70.8111523,1.5694330,-0.0000216,15.0000000,0.0000000,0.0880,0.0800
546.5651222,72.7241811,-70.8107424,1.5694272,-0.0000170,15.0000000,0.0000000,0.0876,0.0792
546.8651031,72.4242086,-70.8103310,1.5694228,-0.0000125,15.0000000,0.0000000,0.0872,0.0784
547.1650839,72.1242250,-70.8099185,1.5694198,-0.0000079,15.0000000,0.0000000,0.0868,0.0776
547.4650648,71.8242332,-70.8095052,1.5694181,-0.0000033,15.0000000,0.0000000,0.0865,0.0768
547.7650456,71.5242631,-70.8090917,1.5694178,0.0000013,15.0000000,0.0000000,0.0868,0.0768
548.0650265,71.2242834,-70.8086783,1.5694189,0.0000059,15.0000000,0.0000000,0.0872,0.0768
548.3650074,70.9242946,-70.8082654,1.5694213,0.0000105,15.0000000,0.0000000,0.0876,0.0768
548.6649882,70.6243170,-70.8078535,1.5694251,0.0000151,15.0000000,0.0000000,0.0882,0.0771
548.9649691,70.3243400,-70.8074429,1.5694303,0.0000197,15.0000000,0.0000000,0.0890,0.0775
549.2649499,70.0243554,-70.8070341,1.5694369,0.0000243,15.0000000,0.0000000,0.0898,0.0779
549.5649308,69.7243710,-70.8066275,1.5694449,0.0000289,15.0000000,0.0000000,0.0906,0.0783
549.8649116,69.4243955,-70.8062234,1.5694543,0.0000335,15.0000000,0.0000000,0.0913,0.0787
550.1648925,69.1244140,-70.8058224,1.5694650,0.0000381,15.0000000,0.0000000,0.0921,0.0791
550.4648734,68.8244269,-70.8054248,1.5694771,0.0000427,15.0000000,0.0000000,0.0928,0.0795
550.7648542,68.5244506,-70.8050311,1.5694906,0.0000473,15.0000000,0.0000000,0.0936,0.0799
551.0648351,68.2244708,-70.8046416,1.5695055,0.0000519,15.0000000,0.0000000,0.0943,0.0803
551.3648159,67.9244870,-70.8042567,1.5695217,0.0000565,15.0000000,0.0000000,0.0950,0.0807
551.6647968,67.6245060,-70.8038770,1.5695394,0.0000611,15.0000000,0.0000000,0.0957,0.0810
551.9647776,67.3245268,-70.8035027,1.5695584,0.0000657,15.0000000,0.0000000,0.0963,0.0814
552.2647585,67.0245450,-70.8031344,1.5695788,0.0000703,15.0000000,0.0000000,0.0970,0.0818
552.5647394,66.7245623,-70.8027724,1.5696005,0.0000749,15.0000000,0.0000000,0.0977,0.0821
552.8647202,66.4245825,-70.8024171,1.5696237,0.0000795,15.0000000,0.0000000,0.0983,0.0825
553.1647011,66.1246016,-70.8020690,1.5696482,0.0000841,15.0000000,0.0000000,0.0989,0.0828
553.4646819,65.8246202,-70.8017284,1.5696741,0.0000887,15.0000000,0.0000000,0.0995,0.0832
553.7646628,65.5246386,-70.8013959,1.5697014,0.0000933,15.0000000,0.0000000,0.1001,0.0835
554.0646436,65.2246574,-70.8010717,1.5697301,0.0000979,15.0000000,0.0000000,0.1007,0.0838
554.3646245,64.9246771,-70.8007563,1.5697602,0.0001025,15.0000000,0.0000000,0.1012,0.0842
554.6646054,64.6246958,-70.8004501,1.5697916,0.0001070,15.0000000,0.0000000,0.1018,0.0845
554.9645862,64.3247131,-70.8001536,1.5698244,0.0001116,15.0000000,0.0000000,0.1023,0.0847
555.2645671,64.0247327,-70.7998671,1.5698585,0.0001162,15.0000000,0.0000000,0.1028,0.0850
555.5645479,63.7247548,-70.7995911,1.5698941,0.0001207,15.0000000,0.0000000,0.1033,0.0853
555.8645288,63.4247693,-70.7993260,1.5699310,0.0001253,15.0000000,0.0000000,0.1037,0.0856
556.1645096,63.1247878,-70.7990721,1.5699693,0.0001299,15.0000000,0.0000000,0.1041,0.0859
556.4644905,62.8248106,-70.7988299,1.5700089,0.0001345,15.0000000,0.0000000,0.1046,0.0862
556.7644714,62.5248269,-70.7985998,1.5700500,0.0001390,15.0000000,0.0000000,0.1049,0.0865
557.0644522,62.2248429,-70.7983822,1.5700923,0.0001434,15.0000000,0.0000000,0.1053,0.0868
557.3644331,61.9248648,-70.7981776,1.5701360,0.0001478,15.0000000,0.0000000,0.1056,0.0872
557.6644139,61.6248864,-70.7979862,1.5701810,0.0001524,15.0000000,0.0000000,0.1060,0.0874
557.9643948,61.3248989,-70.7978086,1.5702275,0.0001574,15.0000000,0.0000000,0.1062,0.0875
558.2643756,61.0249186,-70.7976451,1.5702755,0.0001625,15.0000000,0.0000000,0.1065,0.0875
558.5643565,60.7249462,-70.7974963,1.5703250,0.0001675,15.0000000,0.0000000,0.1067,0.0875
558.8643374,60.4249563,-70.7973624,1.5703752,0.0001666,15.0000000,0.0000000,0.1069,0.0876
559.1643182,60.1249727,-70.7972435,1.5704250,0.0001653,15.0000000,0.0000000,0.1071,0.0877
559.4642991,59.8249984,-70.7971396,1.5704743,0.0001639,15.0000000,0.0000000,0.1073,0.0878
559.7642799,59.5250162,-70.7970503,1.5705234,0.0001639,15.0000000,0.0000000,0.1074,0.0879
560.0642608,59.2250288,-70.7969758,1.5705727,0.0001650,15.0000000,0.0000000,0.1074,0.0879
560.3642416,58.9250514,-70.7969162,1.5706224,0.0001662,15.0000000,0.0000000,0.1075,0.0880
560.6642225,58.6250787,-70.7968715,1.5706724,0.0001668,15.0000000,0.0000000,0.1076,0.0880
560.9642034,58.3250873,-70.7968418,1.5707221,0.0001647,15.0000000,0.0000000,0.1075,0.0880
561.2641842,58.0251061,-70.7968270,1.5707712,0.0001626,15.0000000,0.0000000,0.1075,0.0881
561.5641651,57.7251353,-70.7968267,1.5708197,0.0001606,15.0000000,0.0000000,0.1075,0.0881
561.8641459,57.4251473,-70.7968409,1.5708674,0.0001570,15.0000000,0.0000000,0.1074,0.0881
562.1641268,57.1251622,-70.7968693,1.5709139,0.0001530,15.0000000,0.0000000,0.1072,0.0880
562.4641076,56.8251876,-70.7969114,1.5709592,0.0001490,15.0000000,0.0000000,0.1071,0.0880
562.7640885,56.5252089,-70.7969669,1.5710033,0.0001451,15.0000000,0.0000000,0.1070,0.0879
563.0640694,56.2252197,-70.7970354,1.5710463,0.0001414,15.0000000,0.0000000,0.1067,0.0879
563.3640502,55.9252412,-70.7971167,1.5710882,0.0001377,15.0000000,0.0000000,0.1065,0.0878
563.6640311,55.6252723,-70.7972104,1.5711289,0.0001340,15.0000000,0.0000000,0.1063,0.0877
563.9640119,55.3252789,-70.7973162,1.5711686,0.0001303,15.0000000,0.0000000,0.1060,0.0876
564.2639928,55.0252963,-70.7974336,1.5712071,0.0001265,15.0000000,0.0000000,0.1057,0.0875
564.5639737,54.7253246,-70.7975625,1.5712445,0.0001228,15.0000000,0.0000000,0.1055,0.0873
564.8639545,54.4253396,-70.7977024,1.5712807,0.0001190,15.0000000,0.0000000,0.1051,0.0872
565.1639354,54.1253529,-70.7978530,1.5713159,0.0001153,15.0000000,0.0000000,0.1048,0.0870
565.4639162,53.8253773,-70.7980140,1.5713499,0.0001115,15.0000000,0.0000000,0.1044,0.0869
565.7638971,53.5254022,-70.7981850,1.5713828,0.0001078,15.0000000,0.0000000,0.1040,0.0867
566.0638779,53.2254111,-70.7983658,1.5714146,0.0001041,15.0000000,0.0000000,0.1036,0.0866
566.3638588,52.9254314,-70.7985558,1.5714452,0.0001003,15.0000000,0.0000000,0.1032,0.0865
566.6638397,52.6254629,-70.7987550,1.5714748,0.0000966,15.0000000,0.0000000,0.1027,0.0863
566.9638205,52.3254710,-70.7989628,1.5715032,0.0000929,15.0000000,0.0000000,0.1023,0.0861
567.2638014,52.0254870,-70.7991790,1.5715305,0.0000892,15.0000000,0.0000000,0.1018,0.0858
567.5637822,51.7255145,-70.7994031,1.5715567,0.0000855,15.0000000,0.0000000,0.1013,0.0855
567.8637631,51.4255327,-70.7996350,1.5715818,0.0000817,15.0000000,0.0000000,0.1008,0.0853
568.1637439,51.1255442,-70.7998743,1.5716058,0.0000780,15.0000000,0.0000000,0.1002,0.0851
568.4637248,50.8255675,-70.8001206,1.5716286,0.0000743,15.0000000,0.0000000,0.0997,0.0848
568.7637057,50.5255962,-70.8003735,1.5716503,0.0000706,15.0000000,0.0000000,0.0991,0.0846
569.0636865,50.2256032,-70.8006328,1.5716710,0.0000669,15.0000000,0.0000000,0.0985,0.0843
569.3636674,49.9256221,-70.8008981,1.5716905,0.0000632,15.0000000,0.0000000,0.0979,0.0840
569.6636482,49.6256530,-70.8011692,1.5717089,0.0000595,15.0000000,0.0000000,0.0974,0.0838
569.9636291,49.3256639,-70.8014455,1.5717262,0.0000558,15.0000000,0.0000000,0.0967,0.0835
570.2636099,49.0256783,-70.8017269,1.5717424,0.0000521,15.0000000,0.0000000,0.0961,0.0832
570.5635908,48.7257049,-70.8020130,1.5717575,0.0000485,15.0000000,0.0000000,0.0955,0.0829
570.8635717,48.4257266,-70.8023035,1.5717715,0.0000448,15.0000000,0.0000000,0.0948,0.0826
571.1635525,48.1257362,-70.8025980,1.5717843,0.0000411,15.0000000,0.0000000,0.0942,0.0823
571.4635334,47.8257583,-70.8028962,1.5717961,0.0000374,15.0000000,0.0000000,0.0935,0.0820
571.7635142,47.5257912,-70.8031977,1.5718068,0.0000337,15.0000000,0.0000000,0.0928,0.0817
572.0634951,47.2257960,-70.8035023,1.5718164,0.0000301,15.0000000,0.0000000,0.0921,0.0815
572.3634759,46.9258134,-70.8038096,1.5718248,0.0000264,15.0000000,0.0000000,0.0914,0.0812
572.6634568,46.6258436,-70.8041192,1.5718322,0.0000227,15.0000000,0.0000000,0.0907,0.0809
572.9634377,46.3258576,-70.8044310,1.5718385,0.0000191,15.0000000,0.0000000,0.0900,0.0806
573.2634185,46.0258702,-70.8047444,1.5718437,0.0000154,15.0000000,0.0000000,0.0893,0.0803
573.5633994,45.7258957,-70.8050592,1.5718478,0.0000118,15.0000000,0.0000000,0.0886,0.0799
573.8633802,45.4259211,-70.8053751,1.5718507,0.0000081,15.0000000,0.0000000,0.0878,0.0796
574.1633611,45.1259288,-70.8056917,1.5718526,0.0000045,15.0000000,0.0000000,0.0871,0.0793
574.4633419,44.8259495,-70.8060087,1.5718534,0.0000009,15.0000000,0.0000000,0.0863,0.0790
574.7633228,44.5259836,-70.8063258,1.5718531,-0.0000028,15.0000000,0.0000000,0.0856,0.0786
575.0633037,44.2259892,-70.8066427,1.5718518,-0.0000064,15.0000000,0.0000000,0.0852,0.0786
575.3632845,43.9260050,-70.8069589,1.5718493,-0.0000100,15.0000000,0.0000000,0.0849,0.0787
575.6632654,43.6260343,-70.8072743,1.5718457,-0.0000137,15.0000000,0.0000000,0.0845,0.0788
575.9632462,43.3260516,-70.8075884,1.5718411,-0.0000173,15.0000000,0.0000000,0.0845,0.0792
576.2632271,43.0260623,-70.8079010,1.5718354,-0.0000209,15.0000000,0.0000000,0.0848,0.0800
576.5632079,42.7260867,-70.8082117,1.5718286,-0.0000245,15.0000000,0.0000000,0.0851,0.0807
576.8631888,42.4261161,-70.8085202,1.5718207,-0.0000281,15.0000000,0.0000000,0.0854,0.0815
577.1631697,42.1261215,-70.8088262,1.5718117,-0.0000317,15.0000000,0.0000000,0.0857,0.0822
577.4631505,41.8261408,-70.8091293,1.5718016,-0.0000353,15.0000000,0.0000000,0.0860,0.0830
577.7631314,41.5261741,-70.8094292,1.5717905,-0.0000389,15.0000000,0.0000000,0.0863,0.0837
578.0631122,41.2261826,-70.8097256,1.5717783,-0.0000425,15.0000000,0.0000000,0.0866,0.0845
578.3630931,40.9261967,-70.8100182,1.5717650,-0.0000461,15.0000000,0.0000000,0.0869,0.0852
578.6630739,40.6262250,-70.8103067,1.5717506,-0.0000497,15.0000000,0.0000000,0.0872,0.0860
578.9630548,40.3262458,-70.8105907,1.5717352,-0.0000533,15.0000000,0.0000000,0.0875,0.0867
579.2630357,40.0262545,-70.8108698,1.5717186,-0.0000569,15.0000000,0.0000000,0.0878,0.0874
579.5630165,39.7262776,-70.8111439,1.5717011,-0.0000604,15.0000000,0.0000000,0.0881,0.0882
579.8629974,39.4263111,-70.8114125,1.5716824,-0.0000640,15.0000000,0.0000000,0.0883,0.0889
580.1629782,39.1263142,-70.8116754,1.5716627,-0.0000676,15.0000000,0.0000000,0.0886,0.0896
580.4629591,38.8263319,-70.8119322,1.5716419,-0.0000711,15.0000000,0.0000000,0.0888,0.0903
580.7629400,38.5263644,-70.8121826,1.5716200,-0.0000747,15.0000000,0.0000000,0.0890,0.0910
581.0629208,38.2263759,-70.8124263,1.5715971,-0.0000782,15.0000000,0.0000000,0.0893,0.0917
581.3629017,37.9263882,-70.8126629,1.5715731,-0.0000818,15.0000000,0.0000000,0.0895,0.0924
581.6628825,37.6264153,-70.8128922,1.5715480,-0.0000853,15.0000000,0.0000000,0.0897,0.0931
581.9628634,37.3264398,-70.8131138,1.5715219,-0.0000888,15.0000000,0.0000000,0.0900,0.0938
582.2628442,37.0264463,-70.8133274,1.5714947,-0.0000924,15.0000000,0.0000000,0.0902,0.0944
582.5628251,36.7264680,-70.8135327,1.5714665,-0.0000959,15.0000000,0.0000000,0.0904,0.0951
582.8628060,36.4265050,-70.8137293,1.5714372,-0.0000994,15.0000000,0.0000000,0.0906,0.0957
583.1627868,36.1265066,-70.8139170,1.5714068,-0.0001029,15.0000000,0.0000000,0.0908,0.0964
583.4627677,35.8265227,-70.8140955,1.5713754,-0.0001065,15.0000000,0.0000000,0.0910,0.0970
583.7627485,35.5265542,-70.8142643,1.5713429,-0.0001100,15.0000000,0.0000000,0.0911,0.0976
584.0627294,35.2265689,-70.8144233,1.5713094,-0.0001135,15.0000000,0.0000000,0.0913,0.0982
584.3627102,34.9265792,-70.8145721,1.5712749,-0.0001170,15.0000000,0.0000000,0.0915,0.0987
584.6626911,34.6266052,-70.8147103,1.5712392,-0.0001205,15.0000000,0.0000000,0.0917,0.0993
584.9626720,34.3266335,-70.8148377,1.5712026,-0.0001240,15.0000000,0.0000000,0.0919,0.0999
585.2626528,34.0266379,-70.8149539,1.5711649,-0.0001274,15.0000000,0.0000000,0.0920,0.1004
585.5626337,33.7266581,-70.8150587,1.5711261,-0.0001309,15.0000000,0.0000000,0.0920,0.1009
585.8626145,33.4266943,-70.8151517,1.5710863,-0.0001344,15.0000000,0.0000000,0.0921,0.1014
586.1625954,33.1266987,-70.8152326,1.5710455,-0.0001379,15.0000000,0.0000000,0.0921,0.1019
586.4625762,32.8267130,-70.8153011,1.5710036,-0.0001413,15.0000000,0.0000000,0.0922,0.1023
586.7625571,32.5267435,-70.8153568,1.5709607,-0.0001448,15.0000000,0.0000000,0.0922,0.1028
587.0625380,32.2267617,-70.8153996,1.5709167,-0.0001483,15.0000000,0.0000000,0.0923,0.1032
587.3625188,31.9267701,-70.8154290,1.5708717,-0.0001517,15.0000000,0.0000000,0.0923,0.1036
587.6624997,31.6267948,-70.8154447,1.5708257,-0.0001552,15.0000000,0.0000000,0.0923,0.1040
587.9624805,31.3268270,-70.8154465,1.5707787,-0.0001586,15.0000000,0.0000000,0.0924,0.1044
588.2624614,31.0268293,-70.8154340,1.5707306,-0.0001620,15.0000000,0.0000000,0.0924,0.1047
588.5624422,30.7268480,-70.8154069,1.5706814,-0.0001655,15.0000000,0.0000000,0.0924,0.1050
588.8624231,30.4268833,-70.8153650,1.5706313,-0.0001689,15.0000000,0.0000000,0.0924,0.1053
589.1624040,30.1268907,-70.8153078,1.5705801,-0.0001723,15.0000000,0.0000000,0.0923,0.1056
589.4623848,29.8269034,-70.8152351,1.5705279,-0.0001757,15.0000000,0.0000000,0.0922,0.1058
589.7623657,29.5269329,-70.8151467,1.5704747,-0.0001791,15.0000000,0.0000000,0.0921,0.1061
590.0623465,29.2269545,-70.8150421,1.5704204,-0.0001825,15.0000000,0.0000000,0.0920,0.1063
590.3623274,28.9269611,-70.8149211,1.5703652,-0.0001859,15.0000000,0.0000000,0.0918,0.1064
590.6623082,28.6269845,-70.8147833,1.5703089,-0.0001893,15.0000000,0.0000000,0.0917,0.1066
590.9622891,28.3270207,-70.8146285,1.5702516,-0.0001927,15.0000000,0.0000000,0.0916,0.1067
591.2622700,28.0270210,-70.8144564,1.5701933,-0.0001961,15.0000000,0.0000000,0.0914,0.1068
591.5622508,27.7270383,-70.8142666,1.5701339,-0.0001995,15.0000000,0.0000000,0.0913,0.1069
591.8622317,27.4270728,-70.8140589,1.5700736,-0.0002028,15.0000000,0.0000000,0.0911,0.1069
592.1622125,27.1270834,-70.8138329,1.5700122,-0.0002062,15.0000000,0.0000000,0.0909,0.1069
592.4621934,26.8270945,-70.8135884,1.5699499,-0.0002096,15.0000000,0.0000000,0.0907,0.1069
592.7621742,26.5271229,-70.8133250,1.5698865,-0.0002129,15.0000000,0.0000000,0.0905,0.1068
593.0621551,26.2271482,-70.8130424,1.5698221,-0.0002163,15.0000000,0.0000000,0.0903,0.1068
593.3621360,25.9271530,-70.8127404,1.5697568,-0.0002196,15.0000000,0.0000000,0.0899,0.1066
593.6621168,25.6271753,-70.8124186,1.5696904,-0.0002230,15.0000000,0.0000000,0.0895,0.1065
593.9620977,25.3272151,-70.8120768,1.5696230,-0.0002263,15.0000000,0.0000000,0.0891,0.1063
594.2620785,25.0272141,-70.8117145,1.5695546,-0.0002296,15.0000000,0.0000000,0.0887,0.1061
594.5620594,24.7272302,-70.8113317,1.5694852,-0.0002330,15.0000000,0.0000000,0.0883,0.1059
594.8620402,24.4272639,-70.8109278,1.5694148,-0.0002363,15.0000000,0.0000000,0.0879,0.1056
595.1620211,24.1272777,-70.8105027,1.5693435,-0.0002396,15.0000000,0.0000000,0.0875,0.1053
595.4620020,23.8272875,-70.8100561,1.5692711,-0.0002428,15.0000000,0.0000000,0.0870,0.1049
595.7619828,23.5273150,-70.8095876,1.5691978,-0.0002461,15.0000000,0.0000000,0.0866,0.1045
596.0619637,23.2273439,-70.8090969,1.5691235,-0.0002494,15.0000000,0.0000000,0.0862,0.1042
596.3619445,22.9273474,-70.8085838,1.5690481,-0.0002528,15.0000000,0.0000000,0.0856,0.1036
596.6619254,22.6273687,-70.8080479,1.5689718,-0.0002562,15.0000000,0.0000000,0.0851,0.1031
596.9619063,22.3274079,-70.8074891,1.5688944,-0.0002596,15.0000000,0.0000000,0.0846,0.1026
597.2618871,22.0274100,-70.8069068,1.5688161,-0.0002625,15.0000000,0.0000000,0.0840,0.1020
597.5618680,21.7274250,-70.8063009,1.5687369,-0.0002653,15.0000000,0.0000000,0.0834,0.1014
597.8618488,21.4274581,-70.8056711,1.5686569,-0.0002681,15.0000000,0.0000000,0.0827,0.1008
598.1618297,21.1274754,-70.8050172,1.5685762,-0.0002687,15.0000000,0.0000000,0.0821,0.1001
598.4618105,20.8274842,-70.8043391,1.5684958,-0.0002675,15.0000000,0.0000000,0.0814,0.0993
598.7617914,20.5275110,-70.8036370,1.5684157,-0.0002664,15.0000000,0.0000000,0.0807,0.0985
599.0617723,20.2275435,-70.8029110,1.5683362,-0.0002570,15.0000000,0.0000000,0.0800,0.0978
599.3617531,19.9275458,-70.8021620,1.5682654,-0.0002156,15.0000000,0.0000000,0.0792,0.0968
599.6617340,19.6275663,-70.8013937,1.5682069,-0.0001741,15.0000000,0.0000000,0.0785,0.0959
599.9617148,19.3276053,-70.8006097,1.5681609,-0.0001327,15.0000000,0.0000000,0.0777,0.0950
600.2616957,19.0276131,-70.7998136,1.5681251,-0.0001083,15.0000000,0.0000000,0.0769,0.0939
600.5616765,18.7276291,-70.7990077,1.5680959,-0.0000869,15.0000000,0.0000000,0.0761,0.0928
600.8616574,18.4276600,-70.7981941,1.5680730,-0.0000655,15.0000000,0.0000000,0.0753,0.0917
601.1616383,18.1276847,-70.7973745,1.5680562,-0.0000488,15.0000000,0.0000000,0.0747,0.0907
601.4616191,17.8277003,-70.7965505,1.5680434,-0.0000370,15.0000000,0.0000000,0.0750,0.0905
601.7616000,17.5277240,-70.7957232,1.5680340,-0.0000252,15.0000000,0.0000000,0.0752,0.0902
602.0615808,17.2277514,-70.7948936,1.5680283,-0.0000128,15.0000000,0.0000000,0.0754,0.0900
602.3615617,16.9277725,-70.7940629,1.5680268,0.0000033,15.0000000,0.0000000,0.0767,0.0906
602.6615425,16.6277938,-70.7932325,1.5680302,0.0000194,15.0000000,0.0000000,0.0781,0.0915
602.9615234,16.3278131,-70.7924039,1.5680385,0.0000355,15.0000000,0.0000000,0.0796,0.0923
603.2615043,16.0278412,-70.7915784,1.5680514,0.0000507,15.0000000,0.0000000,0.0811,0.0931
603.5614851,15.7278659,-70.7907575,1.5680689,0.0000656,15.0000000,0.0000000,0.0827,0.0940
603.8614660,15.4278811,-70.7899425,1.5680908,0.0000805,15.0000000,0.0000000,0.0842,0.0948
604.1614468,15.1279037,-70.7891347,1.5681171,0.0000955,15.0000000,0.0000000,0.0858,0.0957
604.4614277,14.8279372,-70.7883356,1.5681481,0.0001108,15.0000000,0.0000000,0.0874,0.0964
604.7614085,14.5279540,-70.7875464,1.5681836,0.0001261,15.0000000,0.0000000,0.0890,0.0972
605.0613894,14.2279569,-70.7867685,1.5682238,0.0001414,15.0000000,0.0000000,0.0906,0.0979
605.3613703,13.9280047,-70.7860034,1.5682685,0.0001567,15.0000000,0.0000000,0.0923,0.0987
605.6613511,13.6280285,-70.7852524,1.5683178,0.0001720,15.0000000,0.0000000,0.0939,0.0994
605.9613320,13.3280257,-70.7845168,1.5683717,0.0001874,15.0000000,0.0000000,0.0956,0.1001
606.2613128,13.0280654,-70.7837982,1.5684302,0.0002029,15.0000000,0.0000000,0.0972,0.1009
606.5612937,12.7281016,-70.7830978,1.5684934,0.0002184,15.0000000,0.0000000,0.0988,0.1016
606.8612745,12.4281040,-70.7824170,1.5685612,0.0002339,15.0000000,0.0000000,0.1004,0.1023
607.1612554,12.1281161,-70.7817572,1.5686338,0.0002496,15.0000000,0.0000000,0.1020,0.1030
607.4612363,11.8281703,-70.7811200,1.5687110,0.0002654,15.0000000,0.0000000,0.1036,0.1036
607.7612171,11.5281834,-70.7805066,1.5687930,0.0002812,15.0000000,0.0000000,0.1052,0.1042
608.0611980,11.2281536,-70.7799185,1.5688797,0.0002970,15.0000000,0.0000000,0.1067,0.1048
608.3611788,10.9282314,-70.7793573,1.5689712,0.0003132,15.0000000,0.0000000,0.1082,0.1054
608.6611597,10.6282609,-70.7788241,1.5690676,0.0003294,15.0000000,0.0000000,0.1097,0.1060
608.9611405,10.3282394,-70.7783205,1.5691689,0.0003455,15.0000000,0.0000000,0.1111,0.1066
609.2611214,10.0282819,-70.7778481,1.5692749,0.0003619,15.0000000,0.0000000,0.1126,0.1071
609.5611023,9.7283334,-70.7774083,1.5693860,0.0003785,15.0000000,0.0000000,0.1139,0.1075
609.8610831,9.4283266,-70.7770025,1.5695020,0.0003951,15.0000000,0.0000000,0.1152,0.1078
610.1610640,9.1283183,-70.7766322,1.5696230,0.0004118,15.0000000,0.0000000,0.1165,0.1082
610.4610448,8.8283977,-70.7762991,1.5697491,0.0004288,15.0000000,0.0000000,0.1177,0.1085
610.7610257,8.5284114,-70.7760045,1.5698803,0.0004459,15.0000000,0.0000000,0.1188,0.1088
611.0610065,8.2283569,-70.7757500,1.5700166,0.0004629,15.0000000,0.0000000,0.1200,0.1090
611.3609874,7.9284505,-70.7755372,1.5701581,0.0004805,15.0000000,0.0000000,0.1210,0.1092
611.6609683,7.6284907,-70.7753677,1.5703049,0.0004981,15.0000000,0.0000000,0.1219,0.1094
611.9609491,7.3284552,-70.7752429,1.5704570,0.0005157,15.0000000,0.0000000,0.1229,0.1096
612.2609300,7.0284885,-70.7751646,1.5706143,0.0005337,15.0000000,0.0000000,0.1238,0.1097
612.5609108,6.7285613,-70.7751342,1.5707771,0.0005519,15.0000000,0.0000000,0.1244,0.1097
612.8608917,6.4285509,-70.7751536,1.5709455,0.0005702,15.0000000,0.0000000,0.1251,0.1097
613.1608726,6.1285080,-70.7752243,1.5711193,0.0005885,15.0000000,0.0000000,0.1258,0.1097
613.4608534,5.8286198,-70.7753479,1.5712986,0.0006075,15.0000000,0.0000000,0.1263,0.1095
613.7608343,5.5286407,-70.7755262,1.5714837,0.0006264,15.0000000,0.0000000,0.1266,0.1094
614.0608151,5.2285682,-70.7757609,1.5716745,0.0006453,15.0000000,0.0000000,0.1270,0.1092
614.3607960,4.9286626,-70.7760536,1.5718709,0.0006649,15.0000000,0.0000000,0.1273,0.1089
614.6607768,4.6287214,-70.7764061,1.5720733,0.0006846,15.0000000,0.0000000,0.1274,0.1085
614.9607577,4.3286791,-70.7768204,1.5722817,0.0007043,15.0000000,0.0000000,0.1274,0.1081
615.2607386,4.0286860,-70.7772980,1.5724960,0.0007244,15.0000000,0.0000000,0.1275,0.1077
615.5607194,3.7287896,-70.7778406,1.5727163,0.0007449,15.0000000,0.0000000,0.1272,0.1071
615.8607003,3.4287842,-70.7784504,1.5729428,0.0007654,15.0000000,0.0000000,0.1269,0.1065
616.1606811,3.1286859,-70.7791293,1.5731756,0.0007859,15.0000000,0.0000000,0.1266,0.1060
616.4606620,2.8288413,-70.7798784,1.5734145,0.0008076,15.0000000,0.0000000,0.1261,0.1055
616.7606428,2.5288799,-70.7807004,1.5736600,0.0008292,15.0000000,0.0000000,0.1254,0.1051
617.0606237,2.2287989,-70.7815974,1.5739121,0.0008507,15.0000000,0.0000000,0.1248,0.1048
617.3606046,1.9288728,-70.7825705,1.5741705,0.0008726,15.0000000,0.0000000,0.1240,0.1041
617.6605854,1.6289627,-70.7836221,1.5744355,0.0008946,15.0000000,0.0000000,0.1229,0.1025
617.9605663,1.3289251,-70.7847546,1.5747072,0.0009166,15.0000000,0.0000000,0.1218,0.1010
618.2605471,1.0288797,-70.7859696,1.5749856,0.0009394,15.0000000,0.0000000,0.1207,0.0994
618.5605280,0.7290287,-70.7872684,1.5752711,0.0009648,15.0000000,0.0000000,0.1192,0.0980
618.8605088,0.4290420,-70.7886545,1.5755643,0.0009901,15.0000000,0.0000000,0.1177,0.0967
619.1604897,0.1289168,-70.7901305,1.5758652,0.0010153,15.0000000,0.0000000,0.1162,0.0953
619.4604706,-0.1709263,-70.7916962,1.5761715,0.0010259,15.0000000,0.0000000,0.1144,0.0938
619.7604514,-0.4708540,-70.7933547,1.5764805,0.0010344,15.0000000,0.0000000,0.1124,0.0921
620.0604323,-0.7709285,-70.7951071,1.5767921,0.0010428,15.0000000,0.0000000,0.1104,0.0904
620.3604131,-1.0709045,-70.7969528,1.5771084,0.0010822,15.0000000,0.0000000,0.1083,0.0886
620.6603940,-1.3707612,-70.7988953,1.5774439,0.0011555,15.0000000,0.0000000,0.1058,0.0866
620.9603748,-1.6707768,-70.8009429,1.5778016,0.0012285,15.0000000,0.0000000,0.1033,0.0846
621.2603557,-1.9709161,-70.8031019,1.5781812,0.0013005,15.0000000,0.0000000,0.1008,0.0826
621.5603366,-2.2706861,-70.8053751,1.5785804,0.0013629,15.0000000,0.0000000,0.0980,0.0803
621.8603174,-2.5706306,-70.8077721,1.5789986,0.0014251,15.0000000,0.0000000,0.0951,0.0779
622.1602983,-2.8707547,-70.8102990,1.5794356,0.0014870,15.0000000,0.0000000,0.0922,0.0755
622.4602791,-3.1706428,-70.8129574,1.5798869,0.0015093,15.0000000,0.0000000,0.0905,0.0742
622.7602600,-3.4705002,-70.8157513,1.5803397,0.0015109,15.0000000,0.0000000,0.0929,0.0769
623.0602408,-3.7705526,-70.8186829,1.5807933,0.0015124,15.0000000,0.0000000,0.0953,0.0795
623.3602217,-4.0706394,-70.8217511,1.5812473,0.0015105,15.0000000,0.0000000,0.0976,0.0822
623.6602026,-4.3703942,-70.8249516,1.5816982,0.0014982,15.0000000,0.0000000,0.1007,0.0855
623.9601834,-4.6703587,-70.8282891,1.5821458,0.0014859,15.0000000,-6.8577579,0.1040,0.0889
624.2601643,-4.9705382,-70.8317629,1.5825900,0.0014734,14.8622208,-9.9953384,0.1073,0.0923
624.5601451,-5.2703218,-70.8353647,1.5830299,0.0014609,14.6590855,-9.8876752,0.1108,0.0957
624.8601260,-5.5701826,-70.8390987,1.5834661,0.0014483,14.4553298,-9.7810644,0.1146,0.0993
625.1601068,-5.8702728,-70.8429660,1.5838988,0.0014356,14.2509051,-9.6756556,0.1184,0.1029
625.4600877,-6.1702935,-70.8469617,1.5843276,0.0014221,14.0457564,-9.5715308,0.1222,0.1064
625.7600686,-6.4700347,-70.8510815,1.5847517,0.0014071,13.8398238,-9.4683957,0.1263,0.1101
626.0600494,-6.7700193,-70.8553313,1.5851716,0.0013921,13.6330498,-9.3662411,0.1305,0.1138
626.3600303,-7.0702526,-70.8597101,1.5855874,0.0013771,13.4253738,-9.2641153,0.1347,0.1175
626.6600111,-7.3699262,-70.8642046,1.5859986,0.0013675,13.2167525,-9.1629493,0.1392,0.1212
626.9599920,-7.6697891,-70.8688249,1.5864073,0.0013583,13.0071183,-9.0628142,0.1438,0.1250
627.2599729,-7.9699140,-70.8735716,1.5868136,0.0013490,12.7963974,-8.9655492,0.1485,0.1287
627.5599537,-8.2698683,-70.8784370,1.5872161,0.0013279,12.5844666,-8.8711843,0.1531,0.1325
627.8599346,-8.5695924,-70.8834180,1.5876090,0.0012933,12.3711935,-8.7774981,0.1582,0.1363
628.1599154,-8.8695923,-70.8885200,1.5879918,0.0012587,12.1564907,-8.6844890,0.1633,0.1401
628.4598963,-9.1698738,-70.8937402,1.5883647,0.0012242,11.9402640,-8.5800566,0.1684,0.1439
628.7598771,-9.4694498,-70.8990596,1.5887396,0.0012788,11.7227215,-8.4773597,0.1738,0.1476
629.0598580,-9.7693107,-70.9044990,1.5891313,0.0013333,11.5037432,-8.3763850,0.1796,0.1514
629.3598389,-10.0694596,-70.9100638,1.5895397,0.0013874,11.2831998,-8.3313055,0.1853,0.1552
629.6598197,-10.3693482,-70.9157468,1.5899291,0.0009932,11.0594816,-8.3306543,0.1911,0.1590
629.9598006,-10.6690287,-70.9215137,1.5901058,0.0001867,10.8311615,-8.1848942,0.1967,0.1628
630.2597814,-10.9690342,-70.9273037,1.5900413,-0.0006155,10.6020487,-8.0064612,0.2023,0.1666
630.5597623,-11.2693695,-70.9330446,1.5897366,-0.0014060,10.3730356,-7.8620568,0.2079,0.1705
630.8597431,-11.5693351,-70.9386552,1.5892325,-0.0019547,10.1431225,-7.7237026,0.2133,0.1745
631.1597240,-11.8694032,-70.9440916,1.5885628,-0.0025093,9.9120637,-7.5908767,0.2185,0.1787
631.4597049,-12.1693123,-70.9492992,1.5877258,-0.0030741,9.6796060,-7.4087502,0.2236,0.1830
631.7596857,-12.4698597,-70.9542376,1.5866661,-0.0042691,9.4472115,-7.1893938,0.2288,0.1872
632.0596666,-12.7706442,-70.9587915,1.5851153,-0.0060501,9.2160970,-6.9824471,0.2327,0.1904
632.3596474,-13.0704115,-70.9627850,1.5830280,-0.0078865,8.9859470,-6.7808176,0.2366,0.1936
632.6596283,-13.3691447,-70.9660591,1.5803880,-0.0098705,8.7566553,-6.4884011,0.2405,0.1968
632.9596091,-13.6715551,-70.9684561,1.5768821,-0.0133434,8.5314841,-6.2121100,0.2426,0.1987
633.2595900,-13.9719905,-70.9696284,1.5723319,-0.0169821,8.3101861,-5.9495825,0.2431,0.1995
633.5595709,-14.2701634,-70.9692753,1.5667019,-0.0208233,8.0925689,-5.7758641,0.2436,0.2003
633.8595517,-14.5715785,-70.9670416,1.5599329,-0.0236672,7.8755554,-5.6502972,0.2434,0.2007
634.1595326,-14.8732866,-70.9626516,1.5524427,-0.0260176,7.6573110,-5.5278553,0.2381,0.1986
634.4595134,-15.1716940,-70.9559778,1.5442998,-0.0285886,7.4376011,-5.4649401,0.2327,0.1964
634.7594943,-15.4705470,-70.9467394,1.5353874,-0.0303353,7.2138170,-5.4646284,0.2273,0.1942
635.0594751,-15.7735713,-70.9346145,1.5262397,-0.0299970,6.9828782,-5.5148664,0.2148,0.1877
635.3594560,-16.0722190,-70.9199614,1.5173167,-0.0296915,6.7418008,-5.5615636,0.2003,0.1801
635.6594369,-16.3684750,-70.9027977,1.5085582,-0.0289406,6.4896189,-5.6248044,0.1859,0.1725
635.9594177,-16.6719450,-70.8825990,1.5002955,-0.0253224,6.2241856,-5.7953762,0.1672,0.1581
636.2593986,-16.9703894,-70.8604448,1.4933040,-0.0213271,5.9383063,-5.9550257,0.1455,0.1390
636.5593794,-17.2656279,-70.8366443,1.4875895,-0.0189822,5.6294489,-5.6827273,0.1238,0.1198
636.8593603,-17.5677194,-70.8103886,1.4799914,-0.0312719,5.3180143,-5.3980476,0.1231,0.1153
637.1593411,-17.8653963,-70.7816896,1.4687364,-0.0440906,5.0042636,-4.9154116,0.1400,0.1229
637.4593220,-18.1614985,-70.7491934,1.4532362,-0.0691441,4.7003825,-3.6686527,0.1570,0.1304
637.7593029,-18.4611082,-70.7096038,1.4221742,-0.1372505,4.4601059,-2.5184346,0.2000,0.1721
638.0592837,-18.7554766,-70.6582635,1.3704767,-0.2094586,4.2873745,-1.6591634,0.2553,0.2300
638.3592646,-19.0464051,-70.5885321,1.2975606,-0.2697256,4.1696697,-1.0635684,0.3107,0.2879
638.6592454,-19.3325058,-70.4949756,1.2096784,-0.3148002,4.0924375,-0.3327001,0.3536,0.4285
638.9592263,-19.6060262,-70.3759491,1.1086378,-0.3625208,4.0679771,-0.3280088,0.3963,0.5703
639.2592071,-19.8660201,-70.2278635,0.9975003,-0.3669294,4.0437167,-0.3278058,0.4256,0.7519
639.5591880,-20.1086523,-70.0518397,0.8895315,-0.3533662,4.0193251,-0.0325855,0.4381,0.9829
639.8591689,-20.3312330,-69.8511842,0.7853394,-0.3421995,4.0168923,0.1548941,0.4506,1.2139
