s_m,x_m,y_m,psi_rad,kappa_radpm,vx_mps,ax_mps2,w_tr_right_m,w_tr_left_m
0.0000000,-8.0142263,7.0198495,2.9855856,0.3467896,3.8771376,-1.0532926,1.5812,0.4200
0.2998290,-8.0445733,6.7369569,3.0840921,0.3511045,3.7948097,-0.9608277,1.3780,0.6122
0.5996580,-8.0455126,6.4352046,-3.0886259,0.3845661,3.7181195,-0.2739334,1.1748,0.8043
0.8994870,-8.0093834,6.1245682,-2.9601134,0.4392340,3.6959635,-0.2739334,0.9829,0.9958
1.1993160,-7.9381892,5.8398235,-2.8338994,0.4220926,3.6736739,0.0328493,0.7983,1.1867
1.4991450,-7.8299391,5.5610396,-2.7088987,0.4147936,3.6763539,0.1227906,0.6137,1.3776
1.7989740,-7.6851906,5.2933956,-2.5827319,0.4149552,3.6863546,0.0885751,0.5363,1.4646
2.0988030,-7.5139859,5.0528065,-2.4673072,0.3468496,3.6935518,0.9945886,0.4889,1.5227
2.3986319,-7.3182888,4.8302149,-2.3778713,0.2584387,3.7734253,2.0346233,0.4414,1.5808
2.6984609,-7.1010671,4.6187517,-2.3115541,0.1812238,3.9317701,2.8884922,0.4200,1.6115
2.9982899,-6.8712602,4.4185766,-2.2664030,0.1205819,4.1461939,3.5823472,0.4200,1.6196
3.2981189,-6.6409247,4.2324502,-2.2363165,0.0831614,4.3976251,4.0039167,0.4200,1.6277
3.5979479,-6.4031613,4.0498837,-2.2166661,0.0484097,4.6626267,4.5116055,0.4200,1.6359
3.8977769,-6.1602596,3.8689524,-2.2069992,0.0157700,4.9442399,4.8097826,0.4225,1.6321
4.1976059,-5.9181204,3.6904863,-2.2056361,0.0003991,5.2277846,4.7519439,0.4249,1.6282
4.4974349,-5.6774096,3.5131670,-2.2058798,-0.0020177,5.4935665,4.6948007,0.4274,1.6244
4.7972639,-5.4357608,3.3349313,-2.2068434,-0.0043953,5.7440881,4.6383446,0.4286,1.6206
5.0970929,-5.1936864,3.1558871,-2.2085238,-0.0067680,5.9813016,4.5825675,0.4262,1.6168
5.3969219,-4.9518529,2.9762872,-2.2106073,-0.0064270,6.2067658,4.5274611,0.4237,1.6129
5.6967509,-4.7106808,2.7964539,-2.2123690,-0.0052920,6.4217497,4.4730173,0.4213,1.6090
5.9965799,-4.4706557,2.6168812,-2.2137897,-0.0041893,6.6273034,4.4192283,0.4242,1.5966
6.2964089,-4.2323104,2.4380990,-2.2148751,-0.0030945,6.8243077,4.3660860,0.4331,1.5745
6.5962378,-3.9896223,2.2556892,-2.2157897,-0.0029605,7.0135108,4.3135829,0.4419,1.5524
6.8960668,-3.7491697,2.0746225,-2.2166653,-0.0028567,7.1955548,4.2617111,0.4508,1.5303
7.1958958,-3.5112539,1.8951470,-2.2175011,-0.0027518,7.3709957,4.2104630,0.4536,1.5264
7.4957248,-3.2735098,1.7154946,-2.2183103,-0.0027674,7.5403193,4.1598312,0.4545,1.5281
7.7955538,-3.0321569,1.5327968,-2.2191985,-0.0031018,7.7039530,4.1098083,0.4554,1.5298
8.0953828,-2.7933922,1.3517070,-2.2201784,-0.0034389,7.8622752,4.0603869,0.4567,1.5327
8.3952118,-2.5569721,1.1720132,-2.2212496,-0.0037756,8.0156231,4.0115599,0.4597,1.5411
8.6950408,-2.3177360,0.9897571,-2.2223888,-0.0036799,8.1642990,3.9633200,0.4627,1.5496
8.9948698,-2.0786312,0.8071828,-2.2234546,-0.0034020,8.3085748,3.9156601,0.4656,1.5580
9.2946988,-1.8413975,0.6256540,-2.2244270,-0.0031052,8.4486964,3.8685734,0.4665,1.5656
9.5945278,-1.6045514,0.4440735,-2.2253053,-0.0027486,8.5848875,3.8220530,0.4664,1.5729
9.8943568,-1.3656626,0.2606158,-2.2260598,-0.0022571,8.7173515,3.7760919,0.4662,1.5802
10.1941858,-1.1281576,0.0779648,-2.2266600,-0.0017453,8.8462750,3.7306835,0.4653,1.5869
10.4940148,-0.8918234,-0.1039821,-2.2271020,-0.0012161,8.9718290,3.6858212,0.4625,1.5921
10.7938438,-0.6538018,-0.2873642,-2.2273704,-0.0005550,9.0941711,3.6414984,0.4596,1.5972
11.0936727,-0.4162062,-0.4704810,-2.2274339,0.0001337,9.2134467,3.5977085,0.4567,1.6023
11.3935017,-0.1791838,-0.6531410,-2.2272898,0.0008306,9.3297907,3.5544453,0.4522,1.6050
11.6933307,0.0580696,-0.8358844,-2.2269301,0.0016055,9.4433282,3.5117023,0.4475,1.6074
11.9931597,0.2956759,-1.0187173,-2.2263232,0.0024424,9.5541754,3.4694733,0.4428,1.6098
12.2929887,0.5333546,-1.2013292,-2.2254665,0.0032729,9.6624409,3.4277520,0.4373,1.6103
12.5928177,0.7711374,-1.3836505,-2.2243644,0.0040437,9.7682262,3.3865326,0.4312,1.6091
12.8926467,1.0087337,-1.5653747,-2.2230675,0.0046243,9.8716262,3.3458087,0.4251,1.6080
13.1924757,1.2470850,-1.7471540,-2.2215969,0.0051833,9.9727301,3.3055746,0.4211,1.6042
13.4923047,1.4864218,-1.9290967,-2.2199576,0.0057170,10.0716215,3.2658243,0.4282,1.5867
13.7921337,1.7245871,-2.1095194,-2.2182937,0.0053074,10.1683793,3.2265521,0.4352,1.5692
14.0919627,1.9636017,-2.2899888,-2.2167838,0.0047782,10.2630778,3.1877520,0.4422,1.5517
14.3917917,2.2037509,-2.4707749,-2.2154257,0.0042598,10.3557871,3.1494186,0.4471,1.5406
14.6916207,2.4435816,-2.6508403,-2.2142135,0.0038982,10.4465736,3.1115461,0.4510,1.5319
14.9914497,2.6830317,-2.8301823,-2.2130786,0.0036897,10.5355002,3.0741291,0.4550,1.5233
15.2912786,2.9234510,-3.0098356,-2.2120018,0.0034870,10.6226263,3.0371620,0.4602,1.5184
15.5911076,3.1645883,-3.1896321,-2.2109828,0.0032867,10.7080086,3.0006394,0.4690,1.5245
15.8909366,3.4044090,-3.3680797,-2.2100343,0.0030601,10.7917008,2.9645560,0.4778,1.5306
16.1907656,3.6450416,-3.5467893,-2.2091505,0.0028381,10.8737540,2.9289066,0.4866,1.5367
16.4905946,3.8864457,-3.7257530,-2.2083305,0.0026202,10.9542169,2.8936858,0.4922,1.5384
16.7904236,4.1273233,-3.9040329,-2.2075762,0.0024188,11.0331360,2.8588886,0.4968,1.5385
17.0902526,4.3681548,-4.0820086,-2.2068805,0.0022281,11.1105556,2.8245098,0.5013,1.5387
17.3900816,4.6096182,-4.2602021,-2.2062401,0.0020407,11.1865180,2.7905444,0.5060,1.5387
17.6899106,4.8514262,-4.4384211,-2.2056548,0.0018570,11.2610637,2.7569875,0.5110,1.5381
17.9897396,5.0924573,-4.6158604,-2.2051256,0.0016796,11.3342316,2.7238341,0.5160,1.5374
18.2895686,5.3339826,-4.7934762,-2.2046484,0.0015046,11.4060587,2.6910794,0.5210,1.5367
18.5893976,5.5759598,-4.9712560,-2.2042226,0.0013317,11.4765806,2.6587185,0.5245,1.5340
18.8892266,5.8175998,-5.1486394,-2.2038485,0.0011659,11.5458315,2.6267468,0.5271,1.5302
19.1890556,6.0592101,-5.3258711,-2.2035234,0.0010044,11.6138441,2.5951596,0.5297,1.5264
19.4888845,6.3011407,-5.5032258,-2.2032462,0.0008444,11.6806499,2.5639522,0.5320,1.5223
19.7887135,6.5432511,-5.6806179,-2.2030165,0.0006865,11.7462793,2.5331201,0.5315,1.5150
20.0885425,6.7849804,-5.8576542,-2.2028336,0.0005347,11.8107613,2.5026588,0.5309,1.5076
20.3883715,7.0269010,-6.0347712,-2.2026960,0.0003837,11.8741240,2.4725637,0.5304,1.5003
20.6882005,7.2689709,-6.2119546,-2.2026034,0.0002334,11.9363945,2.4428306,0.5360,1.4855
20.9880295,7.5109739,-6.3890630,-2.2025556,0.0000868,11.9975988,2.4134550,0.5472,1.4640
21.2878585,7.7529299,-6.5661273,-2.2025512,-0.0000574,12.0577620,2.3844327,0.5584,1.4425
21.5876875,7.9949081,-6.7432143,-2.2025900,-0.0002015,12.1169084,2.3557593,0.5696,1.4210
21.8875165,8.2368776,-6.9203173,-2.2026721,-0.0003454,12.1750613,2.3274308,0.5763,1.4097
22.1873455,8.4789192,-7.0975116,-2.2027966,-0.0004849,12.2322435,2.2994429,0.5828,1.3990
22.4871745,8.7208565,-7.2746835,-2.2029630,-0.0006249,12.2884767,2.2717916,0.5893,1.3882
22.7870035,8.9626474,-7.4518179,-2.2031714,-0.0007656,12.3437822,2.2444728,0.5973,1.3830
23.0868325,9.2045666,-7.6291316,-2.2034221,-0.0009056,12.3981803,2.2174825,0.6079,1.3870
23.3866615,9.4465164,-7.8065688,-2.2037147,-0.0010453,12.4516909,2.1908167,0.6184,1.3911
23.6864905,9.6881914,-7.9839211,-2.2040492,-0.0011863,12.5043331,2.1644717,0.6290,1.3952
23.9863194,9.9295747,-8.1611913,-2.2044257,-0.0013285,12.5561256,2.1384434,0.6353,1.3960
24.2861484,10.1715865,-8.3390713,-2.2048451,-0.0014645,12.6070862,2.1127281,0.6406,1.3961
24.5859774,10.4131940,-8.5168179,-2.2053050,-0.0016022,12.6572326,2.0873221,0.6459,1.3962
24.8858064,10.6543565,-8.6944158,-2.2058057,-0.0017418,12.7065816,2.0622216,0.6508,1.3963
25.1856354,10.8957863,-8.8724049,-2.2063500,-0.0018919,12.7551497,2.0374229,0.6548,1.3960
25.4854644,11.1373792,-9.0507262,-2.2069421,-0.0020522,12.8029529,2.0129224,0.6587,1.3957
25.7852934,11.3783865,-9.2288446,-2.2075815,-0.0022154,12.8500065,1.9887166,0.6627,1.3955
26.0851224,11.6188219,-9.4067870,-2.2082690,-0.0023791,12.8963257,1.9648018,0.6642,1.3938
26.3849514,11.8604089,-9.5858473,-2.2089970,-0.0024631,12.9419251,1.9411746,0.6648,1.3917
26.6847804,12.1012803,-9.7646534,-2.2097487,-0.0025489,12.9868190,1.9178316,0.6654,1.3895
26.9846094,12.3414142,-9.9431967,-2.2105245,-0.0026365,13.0310210,1.8947692,0.6652,1.3868
27.2844384,12.5819859,-10.1223602,-2.2113218,-0.0026467,13.0745448,1.8719842,0.6619,1.3823
27.5842674,12.8226822,-10.3019137,-2.2121092,-0.0025972,13.1174034,1.8494731,0.6587,1.3778
27.8840964,13.0626463,-10.4812122,-2.2128796,-0.0025458,13.1596096,1.8272328,0.6555,1.3734
28.1839253,13.3021829,-10.6604758,-2.2136334,-0.0024970,13.2011757,1.8052599,0.6603,1.3591
28.4837543,13.5426379,-10.8407082,-2.2143802,-0.0024734,13.2421138,1.7835512,0.6675,1.3418
28.7835833,13.7824377,-11.0207276,-2.2151182,-0.0024485,13.2824357,1.7621036,0.6748,1.3246
29.0834123,14.0216069,-11.2005480,-2.2158470,-0.0024224,13.3221529,1.7409139,0.6807,1.3102
29.3832413,14.2613597,-11.3810798,-2.2165696,-0.0023919,13.3612766,1.7199791,0.6837,1.3020
29.6830703,14.5009348,-11.5617473,-2.2172824,-0.0023590,13.3998175,1.6992959,0.6866,1.2939
29.9828993,14.7399486,-11.7422568,-2.2179839,-0.0023247,13.4377865,1.6788615,0.6896,1.2858
30.2827283,14.9789140,-11.9229913,-2.2186752,-0.0022911,13.4751939,1.6586728,0.6953,1.2932
30.5825573,15.2182142,-12.1042377,-2.2193583,-0.0022597,13.5120496,1.6387269,0.7014,1.3025
30.8823863,15.4570270,-12.2853696,-2.2200307,-0.0022270,13.5483638,1.6190208,0.7075,1.3117
31.1822153,15.6953834,-12.4664060,-2.2206923,-0.0021932,13.5841459,1.5995517,0.7095,1.3175
31.4820443,15.9343624,-12.6481632,-2.2213459,-0.0021605,13.6194054,1.5803168,0.7072,1.3198
31.7818733,16.1729297,-12.8298516,-2.2219887,-0.0021267,13.6541515,1.5613131,0.7049,1.3221
32.0817023,16.4111122,-13.0114867,-2.2226205,-0.0020918,13.6883932,1.5425380,0.7028,1.3248
32.3815313,16.6494570,-13.1934822,-2.2232426,-0.0020577,13.7221391,1.5239886,0.7030,1.3304
32.6813602,16.8877381,-13.3756618,-2.2238547,-0.0020235,13.7553980,1.5056623,0.7032,1.3361
32.9811892,17.1257122,-13.5578357,-2.2244560,-0.0019884,13.7881782,1.4875563,0.7034,1.3417
33.2810182,17.3635738,-13.7401484,-2.2250465,-0.0019530,13.8204878,1.4696681,0.7023,1.3471
33.5808472,17.6015305,-13.9227552,-2.2256271,-0.0019183,13.8523348,1.4519950,0.7008,1.3524
33.8806762,17.8392595,-14.1054046,-2.2261969,-0.0018827,13.8837272,1.4345345,0.6992,1.3576
34.1805052,18.0767877,-14.2881130,-2.2267557,-0.0018463,13.9146725,1.4172839,0.6950,1.3607
34.4803342,18.3143836,-14.4710830,-2.2273041,-0.0018111,13.9451782,1.4002407,0.6863,1.3599
34.7801632,18.5518325,-14.6541452,-2.2278417,-0.0017752,13.9752518,1.3834025,0.6775,1.3590
35.0799922,18.7891605,-14.8373157,-2.2283685,-0.0017386,14.0049002,1.3667668,0.6688,1.3582
35.3798212,19.0263733,-15.0205946,-2.2288842,-0.0017025,14.0341306,1.3503311,0.6619,1.3603
35.6796502,19.2635085,-15.2040069,-2.2293892,-0.0016664,14.0629499,1.3340931,0.6551,1.3623
35.9794792,19.5006026,-15.3875769,-2.2298833,-0.0016296,14.0913647,1.3180503,0.6482,1.3644
36.2793082,19.7375764,-15.5712389,-2.2303663,-0.0015928,14.1193817,1.3022004,0.6454,1.3586
36.5791372,19.9743647,-15.7549382,-2.2308383,-0.0015565,14.1470072,1.2865412,0.6450,1.3483
36.8789661,20.2111915,-15.9388444,-2.2312995,-0.0015197,14.1742477,1.2710702,0.6447,1.3380
37.1787951,20.4480714,-16.1229651,-2.2317498,-0.0014824,14.2011093,1.2557853,0.6454,1.3294
37.4786241,20.6844799,-16.3068878,-2.2321884,-0.0014461,14.2275981,1.2406842,0.6493,1.3255
37.7784531,20.9210054,-16.4910662,-2.2326164,-0.0014094,14.2537200,1.2257647,0.6532,1.3216
38.0782821,21.1576739,-16.6755168,-2.2330338,-0.0013723,14.2794808,1.2110246,0.6572,1.3176
38.3781111,21.3939354,-16.8598064,-2.2334395,-0.0013357,14.3048864,1.1964618,0.6590,1.3289
38.6779401,21.6301246,-17.0441917,-2.2338342,-0.0012992,14.3299421,1.1820740,0.6606,1.3422
38.9777691,21.8665333,-17.2288967,-2.2342185,-0.0012624,14.3546537,1.1678593,0.6622,1.3554
39.2775981,22.1028159,-17.4136473,-2.2345916,-0.0012257,14.3790263,1.1538156,0.6606,1.3657
39.5774271,22.3386325,-17.5981731,-2.2349532,-0.0011895,14.4030654,1.1399407,0.6557,1.3731
39.8772561,22.5747428,-17.7830644,-2.2353045,-0.0011531,14.4267760,1.1262326,0.6508,1.3806
40.1770851,22.8111720,-17.9683375,-2.2356454,-0.0011166,14.4501634,1.1126894,0.6462,1.3883
40.4769141,23.0466171,-18.1529668,-2.2359741,-0.0010807,14.4732323,1.0993091,0.6434,1.3985
40.7767431,23.2823881,-18.3379748,-2.2362926,-0.0010449,14.4959879,1.0860896,0.6406,1.4087
41.0765721,23.5185490,-18.5234084,-2.2366009,-0.0010089,14.5184347,1.0730292,0.6379,1.4189
41.3764010,23.7541718,-18.7085347,-2.2368979,-0.0009733,14.5405776,1.0601257,0.6302,1.4245
41.6762300,23.9895602,-18.8935880,-2.2371840,-0.0009380,14.5624211,1.0473775,0.6200,1.4279
41.9760590,24.2254064,-19.0791084,-2.2374602,-0.0009027,14.5839699,1.0347825,0.6098,1.4313
42.2758880,24.4613971,-19.2648461,-2.2377260,-0.0008675,14.6052283,1.0223390,0.6001,1.4352
42.5757170,24.6963570,-19.4498714,-2.2379802,-0.0008328,14.6262007,1.0100452,0.5917,1.4410
42.8755460,24.9318388,-19.6354028,-2.2382247,-0.0007982,14.6468914,0.9978992,0.5834,1.4468
43.1753750,25.1678663,-19.8214559,-2.2384594,-0.0007638,14.6673047,0.9858992,0.5751,1.4526
43.4752040,25.4028845,-20.0068007,-2.2386829,-0.0007297,14.6874446,0.9740435,0.5697,1.4543
43.7750330,25.6379495,-20.1922656,-2.2388963,-0.0006958,14.7073153,0.9623304,0.5654,1.4547
44.0748620,25.8736198,-20.3782880,-2.2391002,-0.0006622,14.7269206,0.9507582,0.5610,1.4550
44.3746910,26.1092584,-20.5643614,-2.2392940,-0.0006288,14.7462647,-7.6672590,0.5578,1.4526
44.6745200,26.3438512,-20.7496807,-2.2394770,-0.0005956,14.5895369,-10.0314446,0.5583,1.4413
44.9743490,26.5791049,-20.9355903,-2.2396507,-0.0005628,14.3819036,-9.9220252,0.5589,1.4300
45.2741780,26.8150419,-21.1221046,-2.2398150,-0.0005302,14.1735433,-9.8134410,0.5594,1.4188
45.5740069,27.0496680,-21.3076433,-2.2399687,-0.0004978,13.9644056,-9.7056834,0.5584,1.4247
45.8738359,27.2844429,-21.4933564,-2.2401130,-0.0004658,13.7544368,-9.5987488,0.5568,1.4384
46.1736649,27.5199515,-21.6797035,-2.2402481,-0.0004341,13.5435802,-9.4926641,0.5552,1.4521
46.4734939,27.7555367,-21.8661611,-2.2403738,-0.0004026,13.3317746,-9.3874825,0.5532,1.4654
46.7733229,27.9897681,-22.0515931,-2.2404894,-0.0003710,13.1189533,-9.2831125,0.5473,1.4751
47.0731519,28.2247793,-22.2376850,-2.2405959,-0.0003398,12.9050472,-9.1795544,0.5414,1.4848
47.3729809,28.4605914,-22.4244502,-2.2406935,-0.0003091,12.6899822,-9.0767700,0.5356,1.4945
47.6728099,28.6952293,-22.6103209,-2.2407815,-0.0002790,12.4736800,-8.9747844,0.5306,1.5051
47.9726389,28.9296722,-22.7960690,-2.2408605,-0.0002494,12.2560553,-8.8736196,0.5264,1.5166
48.2724679,29.1649566,-22.9825124,-2.2409310,-0.0002203,12.0370160,-8.7732977,0.5222,1.5282
48.5722969,29.4009908,-23.1695754,-2.2409930,-0.0001915,11.8164621,-8.6743494,0.5181,1.5397
48.8721259,29.6347934,-23.3548916,-2.2410453,-0.0001591,11.5942715,-8.5761649,0.5108,1.5484
49.1719549,29.8694735,-23.5409215,-2.2410881,-0.0001271,11.3703284,-8.4787477,0.5029,1.5563
49.4717839,30.1050506,-23.7276771,-2.2411216,-0.0000958,11.1445062,-8.3816401,0.4949,1.5643
49.7716128,30.3403214,-23.9142009,-2.2411460,-0.0000689,10.9166799,-8.2845749,0.4866,1.5718
50.0714418,30.5743173,-24.0997219,-2.2411636,-0.0000495,10.6867202,-8.1884316,0.4744,1.5755
50.3712708,30.8092429,-24.2859856,-2.2411756,-0.0000304,10.4544599,-8.0932071,0.4622,1.5792
50.6710998,31.0451183,-24.4730060,-2.2411819,-0.0000118,10.2197150,-7.9949551,0.4500,1.5829
50.9709288,31.2797063,-24.6590067,-2.2411802,0.0000335,9.9824013,-7.8944620,0.4410,1.5834
51.2707578,31.5139123,-24.8447007,-2.2411611,0.0000938,9.7424000,-7.7958274,0.4393,1.5768
51.5705868,31.7490807,-25.0311470,-2.2411241,0.0001528,9.4994489,-7.6990007,0.4375,1.5701
51.8704158,31.9852204,-25.2183457,-2.2410693,0.0002106,9.2532568,-7.5651444,0.4358,1.5635
52.1702448,32.2191506,-25.4037623,-2.2409373,0.0007513,9.0047911,-7.4316060,0.4330,1.5595
52.4700738,32.4535080,-25.5894320,-2.2406195,0.0013714,8.7538472,-7.3060802,0.4292,1.5583
52.7699028,32.6890074,-25.7758490,-2.2401163,0.0019759,8.4999230,-7.1882263,0.4254,1.5572
53.0697318,32.9257532,-25.9630237,-2.2394308,0.0025637,8.2424640,-7.0502816,0.4216,1.5561
53.3695608,33.1604546,-26.1482808,-2.2385147,0.0035682,7.9818830,-6.9211413,0.4200,1.5632
53.6693898,33.3960612,-26.3338441,-2.2372921,0.0045877,7.7175215,-6.8000078,0.4200,1.5762
53.9692188,33.6322319,-26.5193249,-2.2357581,0.0056344,7.4486549,-6.6679185,0.4200,1.5893
54.2690477,33.8687756,-26.7044519,-2.2338986,0.0070802,7.1752344,-6.3612415,0.4200,1.6023
54.5688767,34.1071791,-26.8901524,-2.2309487,0.0124754,6.9043044,-6.0859663,0.4200,1.6117
54.8687057,34.3451959,-27.0741160,-2.2263576,0.0181006,6.6347510,-5.8372804,0.4200,1.6189
55.1685347,34.5826181,-27.2555684,-2.2200682,0.0240693,6.3654968,-5.5694099,0.4200,1.6262
55.4683637,34.8213026,-27.4352750,-2.2118863,0.0316348,6.0975247,-5.1806850,0.4200,1.6335
55.7681927,35.0665260,-27.6162025,-2.2003765,0.0440992,5.8372227,-4.8254261,0.4200,1.6292
56.0680217,35.3108685,-27.7914851,-2.1851039,0.0577248,5.5838664,-4.4980332,0.4200,1.6215
56.3678507,35.5544650,-27.9599463,-2.1658216,0.0727868,5.3368794,-4.0573429,0.4200,1.6138
56.6676797,35.8059614,-28.1258562,-2.1409897,0.0946298,5.1038480,-3.4821377,0.4200,1.6070
56.9675087,36.0655427,-28.2865326,-2.1075731,0.1251344,4.8950151,-2.8762591,0.4200,1.6070
57.2673377,36.3248007,-28.4337504,-2.0651396,0.1605322,4.7155488,-2.2130131,0.4200,1.6070
57.5671667,36.5845582,-28.5653896,-2.0125687,0.2011680,4.5726742,-1.7800068,0.4200,1.6070
57.8669957,36.8691921,-28.6887719,-1.9454508,0.2327338,4.4544309,-1.1930977,0.4519,1.5751
58.1668247,37.1525600,-28.7883307,-1.8699462,0.2713750,4.3733859,-0.3789954,0.4940,1.5330
58.4666536,37.4333420,-28.8623084,-1.7846463,0.3174731,4.3473252,-0.3789954,0.5362,1.4908
58.7664826,37.7394433,-28.9132421,-1.6883692,0.2929458,4.3211073,0.1556882,0.6389,1.3678
59.0663116,38.0399416,-28.9358626,-1.6051842,0.2593133,4.3318966,0.7575901,0.7544,1.2277
59.3661406,38.3268138,-28.9354739,-1.5351266,0.2304432,4.3840191,0.3549317,0.8999,1.0780
59.6659696,38.6363161,-28.9136977,-1.4677981,0.1950862,4.4082265,-2.3992754,1.0942,0.9124
59.9657986,38.9264041,-28.8763217,-1.4214572,0.1145797,4.2419001,-3.5083049,1.2914,0.7262
60.2656276,39.2119335,-28.8288767,-1.3868360,0.1768631,3.9862179,-2.2903260,1.4935,0.5066
60.5654566,39.5019295,-28.7652333,-1.3177651,0.2756019,3.8100552,-2.0634119,1.6069,0.4200
60.8652856,39.7901754,-28.6771395,-1.2288981,0.3165016,3.6440608,-1.5404229,1.6626,0.4200
61.1651146,40.0604921,-28.5656269,-1.1270354,0.3809935,3.5150324,-0.8584282,1.4109,0.6416
61.4649436,40.3294914,-28.4165297,-0.9985621,0.4542826,3.4410302,-0.8098172,1.0668,0.9299
61.7647726,40.5717089,-28.2347741,-0.8546781,0.4771339,3.3697293,-0.7815368,0.8113,1.1634
62.0646016,40.7827992,-28.0224731,-0.7092794,0.4994087,3.2994577,-0.2636910,0.5951,1.3727
62.3644306,40.9610060,-27.7787715,-0.5507099,0.5547431,3.2754079,-0.2125833,0.4424,1.5279
62.6642596,41.0949313,-27.5121268,-0.3798971,0.5659940,3.2558899,-0.2125833,0.4330,1.5612
62.9640885,41.1820118,-27.2274545,-0.2151137,0.5400358,3.2362543,0.1339935,0.4237,1.5946
63.2639175,41.2225294,-26.9289131,-0.0558375,0.5169487,3.2486447,0.3326437,0.4200,1.5951
63.5637465,41.2169207,-26.6323093,0.0893634,0.4344561,3.2792019,1.1125839,0.4200,1.5743
63.8635755,41.1732900,-26.3391197,0.2002705,0.3167604,3.3793986,2.1534733,0.4200,1.5535
64.1634045,41.1003087,-26.0447759,0.2808200,0.2178169,3.5653446,2.9762668,0.4302,1.5315
64.4632335,41.0078345,-25.7557379,0.3348028,0.1469032,3.8074170,3.5797259,0.4466,1.5087
64.7630625,40.9043119,-25.4759924,0.3718138,0.1016747,4.0795877,3.9740736,0.4630,1.4859
65.0628915,40.7915187,-25.1975646,0.3958344,0.0586193,4.3618941,4.5031628,0.4900,1.4607
65.3627205,40.6732463,-24.9198246,0.4072453,0.0178296,4.6611670,4.8643086,0.5338,1.4315
65.6625495,40.5546405,-24.6467978,0.4122985,0.0161017,4.9642119,4.8058142,0.5776,1.4024
65.9623785,40.4341267,-24.3729844,0.4168430,0.0142671,5.2464506,4.7480232,0.6214,1.3732
66.2622075,40.3115547,-24.0976968,0.4208566,0.0123664,5.5111192,4.6909271,0.6564,1.3458
66.5620365,40.1891700,-23.8255662,0.4243643,0.0115929,5.7606759,4.6345177,0.6905,1.3185
66.8618655,40.0661385,-23.5545086,0.4278093,0.0115490,5.9970419,4.5787865,0.7246,1.2912
67.1616944,39.9408371,-23.2809660,0.4312744,0.0114805,6.2217536,4.5237256,0.7555,1.2642
67.4615234,39.8135804,-23.0056794,0.4347399,0.0111518,6.4360629,4.4693268,0.7765,1.2379
67.7613524,39.6884763,-22.7373337,0.4376149,0.0083022,6.6410070,4.4155821,0.7976,1.2117
68.0611814,39.5613968,-22.4665012,0.4396915,0.0056097,6.8374566,4.3624837,0.8187,1.1854
68.3610104,39.4326043,-22.1932185,0.4409965,0.0030548,7.0261519,4.3100239,0.8356,1.1603
68.6608394,39.3041098,-21.9212142,0.4414778,-0.0005061,7.2077286,4.2581948,0.8474,1.1367
68.9606684,39.1769580,-21.6519349,0.4405896,-0.0054215,7.3827374,4.2069891,0.8591,1.1130
69.2604974,39.0492911,-21.3804271,0.4382460,-0.0101712,7.5516598,4.1563991,0.8709,1.0894
69.5603264,38.9216033,-21.1067022,0.4344725,-0.0147919,7.7149196,3.9260042,0.8744,1.0720
69.8601554,38.7961090,-20.8345151,0.4292786,-0.0201768,7.8660183,3.5107807,0.8710,1.0598
70.1599844,38.6725699,-20.5622564,0.4223800,-0.0259580,7.9987194,3.0562069,0.8676,1.0477
70.4598134,38.5506486,-20.2879121,0.4137234,-0.0317045,8.1124713,2.5936943,0.8643,1.0355
70.7596424,38.4309504,-20.0114975,0.4033076,-0.0374537,8.2077719,2.1258864,0.8748,1.0407
71.0594714,38.3149077,-19.7350356,0.3912272,-0.0431217,8.2850664,1.6635082,0.8944,1.0572
71.3593004,38.2024743,-19.4571583,0.3774435,-0.0488611,8.3450501,1.2007999,0.9140,1.0738
71.6591293,38.0940295,-19.1774147,0.3619056,-0.0547389,8.3880826,0.3590553,0.9336,1.0903
71.9589583,37.9901805,-18.8958881,0.3445778,-0.0607814,8.4009071,-2.8656822,0.9139,1.1117
72.2587873,37.8912837,-18.6119740,0.3255672,-0.0655728,8.2980004,-2.6063688,0.8761,1.1352
72.5586163,37.7981067,-18.3264873,0.3051453,-0.0704835,8.2032848,-2.3325145,0.8382,1.1588
72.8584453,37.7111858,-18.0397459,0.2832517,-0.0757098,8.1175840,-2.0432531,0.8004,1.1824
73.1582743,37.6310139,-17.7519333,0.2598094,-0.0812372,8.0417608,-1.9191123,0.7605,1.2225
73.4581033,37.5570285,-17.4589937,0.2348134,-0.0843001,7.9698875,-1.7655844,0.7203,1.2658
73.7579323,37.4908364,-17.1657026,0.2089461,-0.0878471,7.9031866,-1.5799479,0.6800,1.3091
74.0577613,37.4327393,-16.8725141,0.1820956,-0.0919091,7.8430180,-1.4037599,0.6378,1.3529
74.3575903,37.3827733,-16.5781749,0.1539988,-0.0958101,7.7891691,-1.3788569,0.5789,1.3999
74.6574193,37.3405957,-16.2775520,0.1247090,-0.0972729,7.7359106,-1.3099935,0.5200,1.4470
74.9572483,37.3076000,-15.9787695,0.0951579,-0.0994660,7.6849700,-1.1921113,0.4612,1.4940
75.2570773,37.2837799,-15.6825484,0.0651746,-0.1024595,7.6383182,-1.1560958,0.4407,1.5221
75.5569063,37.2688648,-15.3821191,0.0339532,-0.1040752,7.5928021,-1.1560958,0.4551,1.5329
75.8567352,37.2633484,-15.0779150,0.0023135,-0.1040293,7.5470114,-1.0674304,0.4696,1.5436
76.1565642,37.2673115,-14.7790745,-0.0288747,-0.1048237,7.5044845,-1.0327453,0.4804,1.5554
76.4563932,37.2802816,-14.4864780,-0.0598084,-0.1065829,7.4631089,-1.0533944,0.4640,1.5742
76.7562222,37.3038102,-14.1783394,-0.0925248,-0.1050720,7.4206683,-0.8901990,0.4476,1.5930
77.0560512,37.3364098,-13.8785313,-0.1240422,-0.1040542,7.3846126,-0.7679020,0.4312,1.6118
77.3558802,37.3769873,-13.5889815,-0.1544131,-0.1038320,7.3533682,-0.6987362,0.4266,1.6140
77.6557092,37.4287076,-13.2879529,-0.1856011,-0.0987275,7.3248223,-0.3729576,0.4237,1.6138
77.9555382,37.4888659,-12.9913330,-0.2141143,-0.0891576,7.3095400,0.1649221,0.4207,1.6137
78.2553672,37.5541271,-12.7081557,-0.2382900,-0.0766000,7.3163017,0.8263056,0.4247,1.6043
78.5551962,37.6289458,-12.4145521,-0.2606085,-0.0722846,7.3500865,1.0115504,0.4309,1.5922
78.8550252,37.7089309,-12.1268107,-0.2813071,-0.0653494,7.3912351,1.3344102,0.4370,1.5800
79.1548542,37.7931504,-11.8449828,-0.2989675,-0.0575351,7.4451693,1.6992245,0.4489,1.5691
79.4546832,37.8832827,-11.5616308,-0.3173857,-0.0657693,7.5132882,1.1553470,0.4631,1.5587
79.7545122,37.9800087,-11.2769636,-0.3379314,-0.0702166,7.5592534,0.8417564,0.4773,1.5482
80.0543411,38.0811551,-10.9985384,-0.3591822,-0.0741017,7.5925673,0.5722265,0.4996,1.5274
80.3541701,38.1886871,-10.7216316,-0.3818301,-0.0780630,7.6151309,0.3102063,0.5274,1.4996
80.6539991,38.3063043,-10.4386628,-0.4061405,-0.0803113,7.6273348,0.1611530,0.5551,1.4719
80.9538281,38.4254977,-10.1703613,-0.4301555,-0.0835164,7.6336671,-0.0353143,0.5862,1.4408
81.2536571,38.5533520,-9.9007234,-0.4555314,-0.0864270,7.6322799,-0.2026665,0.6223,1.4047
81.5534861,38.6922450,-9.6265729,-0.4824613,-0.0887075,7.6243141,-0.3222961,0.6584,1.3686
81.8533151,38.8323973,-9.3672939,-0.5086356,-0.0886323,7.6116292,-0.2969188,0.6963,1.3311
82.1531441,38.9809259,-9.1089839,-0.5350357,-0.0886428,7.5999243,-0.2781713,0.7535,1.2787
82.4529731,39.1398281,-8.8489683,-0.5621068,-0.0890927,7.5889420,-0.2859499,0.8107,1.2262
82.7528021,39.3030629,-8.5973452,-0.5888143,-0.0884009,7.5776361,-0.2275101,0.8679,1.1738
83.0526311,39.4711401,-8.3526491,-0.6148593,-0.0871755,7.5686287,-0.1425172,0.9299,1.1116
83.3524601,39.6482779,-8.1086577,-0.6410375,-0.0865641,7.5629808,-0.0983823,0.9947,1.0438
83.6522891,39.8336325,-7.8669553,-0.6673798,-0.0862743,7.5590795,-0.0755365,1.0595,0.9759
83.9521181,40.0199579,-7.6365648,-0.6926033,-0.0840759,7.5560828,0.0547956,1.1241,0.9085
84.2519471,40.2139749,-7.4085892,-0.7175135,-0.0824350,7.5582568,0.1451134,1.1846,0.8464
84.5517760,40.4153657,-7.1835054,-0.7422288,-0.0813076,7.5640111,0.2007031,1.2451,0.7844
84.8516050,40.6214303,-6.9642581,-0.7665140,-0.0795886,7.5719626,0.2870599,1.3056,0.7224
85.1514340,40.8310024,-6.7516717,-0.7898717,-0.0769681,7.5833209,0.4206041,1.3581,0.6689
85.4512630,41.0465487,-6.5428756,-0.8126253,-0.0747368,7.5999325,0.5250106,1.3981,0.6289
85.7510920,41.2676794,-6.3381038,-0.8348600,-0.0728734,7.6206168,0.6033843,1.4381,0.5889
86.0509210,41.4920784,-6.1392459,-0.8563223,-0.0699212,7.6443198,0.7422761,1.4782,0.5488
86.3507500,41.7203887,-5.9453108,-0.8767737,-0.0666626,7.6733785,0.8940933,1.5006,0.5175
86.6505790,41.9529457,-5.7556402,-0.8963212,-0.0636510,7.7082350,1.0265389,1.5132,0.4911
86.9504080,42.1893310,-5.5702577,-0.9150199,-0.0608742,7.7480617,1.1417135,1.5259,0.4647
87.2502370,42.4288641,-5.3893584,-0.9327091,-0.0569248,7.7921176,1.3261040,1.5385,0.4382
87.5500660,42.6713521,-5.2126519,-0.9492012,-0.0530291,7.8429781,1.5045218,1.5436,0.4312
87.8498950,42.9163819,-5.0399929,-0.9645301,-0.0492674,7.9002851,1.6733718,1.5474,0.4274
88.1497240,43.1638410,-4.8710352,-0.9787420,-0.0455518,7.9635391,1.8394498,1.5512,0.4236
88.4495530,43.4147372,-4.7047120,-0.9918447,-0.0415095,8.0324962,2.0278933,1.5543,0.4205
88.7493819,43.6669515,-4.5420087,-1.0037023,-0.0375068,8.1078381,2.2161561,1.5476,0.4272
89.0492109,43.9200870,-4.3827113,-1.0143252,-0.0335283,8.1893818,2.4064828,1.5409,0.4339
89.3490399,44.1755337,-4.2255187,-1.0238050,-0.0298993,8.2770188,2.5777832,1.5342,0.4406
89.6488689,44.4337551,-4.0698050,-1.0323504,-0.0267760,8.3698763,2.7193709,1.5256,0.4492
89.9486979,44.6917551,-3.9170440,-1.0399097,-0.0236406,8.4667303,2.8677642,1.5127,0.4621
90.2485269,44.9491638,-3.7670796,-1.0464822,-0.0204731,8.5676834,3.0251387,1.4998,0.4750
90.5483559,45.2106104,-3.6169116,-1.0522792,-0.0182662,8.6729031,3.1176229,1.4870,0.4878
90.8481849,45.4727429,-3.4682630,-1.0575052,-0.0164074,8.7800202,3.1892755,1.4756,0.5075
91.1480139,45.7333773,-3.3221550,-1.0621235,-0.0144927,8.8882636,3.2708116,1.4651,0.5312
91.4478429,45.9933604,-3.1778841,-1.0661351,-0.0122933,8.9979219,3.3811219,1.4546,0.5549
91.7476719,46.2585713,-3.0319672,-1.0692833,-0.0084658,9.1098910,3.6331808,1.4439,0.5782
92.0475009,46.5217832,-2.8880228,-1.0712239,-0.0044334,9.2286933,3.5920699,1.4287,0.5948
92.3473299,46.7830227,-2.7456056,-1.0719208,-0.0002160,9.3446666,3.5488745,1.4135,0.6114
92.6471589,47.0467109,-2.6018713,-1.0713060,0.0043964,9.4578488,3.5061984,1.3984,0.6280
92.9469879,47.3106876,-2.4575248,-1.0692514,0.0092923,9.5683554,3.3132972,1.3857,0.6413
93.2468168,47.5725104,-2.3134065,-1.0657253,0.0143327,9.6716219,0.3983045,1.3748,0.6522
93.5466458,47.8334836,-2.1682957,-1.0606851,0.0192403,9.6839618,-5.6861193,1.3639,0.6631
93.8464748,48.0959638,-2.0203623,-1.0542453,0.0235268,9.5062816,-5.3155900,1.3548,0.6722
94.1463038,48.3559393,-1.8714091,-1.0465431,0.0279038,9.3371223,-4.9637853,1.3528,0.6742
94.4461328,48.6133015,-1.7210888,-1.0375648,0.0323593,9.1763435,-4.6418929,1.3508,0.6762
94.7459618,48.8718834,-1.5666756,-1.0271604,0.0367334,9.0233991,-4.3367376,1.3489,0.6781
95.0457908,49.1277810,-1.4100063,-1.0154769,0.0411552,8.8781289,-4.0471173,1.3584,0.6664
95.3456198,49.3806122,-1.2508986,-1.0025174,0.0456167,8.7403825,-3.7731187,1.3696,0.6527
95.6454488,49.6324217,-1.0875898,-0.9881534,0.0500930,8.6099771,-3.5115483,1.3808,0.6391
95.9452778,49.8818590,-0.9204372,-0.9724363,0.0546028,8.4868120,-3.2615297,1.3966,0.6181
96.2451068,50.1276621,-0.7498254,-0.9554209,0.0591353,8.3707930,-3.0127859,1.4153,0.5925
96.5449358,50.3706872,-0.5746856,-0.9370161,0.0638135,8.2621749,-2.7607130,1.4340,0.5668
96.8447648,50.6109094,-0.3944798,-0.9171216,0.0686855,8.1613755,-2.5171359,1.4589,0.5438
97.1445938,50.8467563,-0.2098437,-0.8958189,0.0735548,8.0683722,-2.2724291,1.4936,0.5248
97.4444227,51.0783229,-0.0201872,-0.8730711,0.0785381,7.9834798,-2.0049620,1.5282,0.5059
97.7442517,51.3059812,0.1754054,-0.8486869,0.0839397,7.9078226,-1.7426725,1.5613,0.4864
98.0440807,51.5283212,0.3763750,-0.8227253,0.0892911,7.8414699,-1.4966740,1.5870,0.4645
98.3439097,51.7450185,0.5830390,-0.7951995,0.0943766,7.7840323,-1.3781137,1.6127,0.4426
98.6437387,51.9559776,0.7959025,-0.7664601,0.0973881,7.7307672,-1.2683095,1.6385,0.4206
98.9435677,52.1606720,1.0148710,-0.7368348,0.1002459,7.6814197,-1.1691798,1.6134,0.4215
99.2433967,52.3588558,1.2400766,-0.7063557,0.1029105,7.6356467,-1.1691798,1.5868,0.4230
99.5432257,52.5495348,1.4705181,-0.6765815,0.0951929,7.5895977,-0.6384225,1.5602,0.4245
99.8430547,52.7338928,1.7067113,-0.6493826,0.0863576,7.5643346,-0.0887535,1.5402,0.4445
100.1428837,52.9125533,1.9482549,-0.6247610,0.0775594,7.5608159,0.4198686,1.5225,0.4707
100.4427127,53.0848663,2.1928912,-0.6030975,0.0666004,7.5774477,1.0245303,1.5047,0.4969
100.7425417,53.2523615,2.4410512,-0.5849154,0.0548901,7.6178791,1.6508707,1.4729,0.5304
101.0423707,53.4163285,2.6928262,-0.5701608,0.0433630,7.6825803,2.2570295,1.4270,0.5710
101.3421997,53.5766353,2.9461310,-0.5588880,0.0316623,7.7701664,2.8776371,1.3811,0.6117
101.6420287,53.7341797,3.2003754,-0.5512008,0.0197818,7.8804241,3.5261883,1.3340,0.6557
101.9418576,53.8908111,3.4565264,-0.5470196,0.0081148,8.0134631,4.0122542,1.2827,0.7123
102.2416866,54.0469261,3.7132392,-0.5463220,-0.0038435,8.1622038,3.9640059,1.2314,0.7690
102.5415156,54.2024126,3.9682375,-0.5494628,-0.0171332,8.3065407,3.4341678,1.1800,0.8257
102.8413446,54.3598606,4.2235003,-0.5565594,-0.0301299,8.4295874,2.4340720,1.1132,0.8985
103.1411736,54.5203260,4.4784603,-0.5675548,-0.0427999,8.5157240,1.4420242,1.0437,0.9739
103.4410026,54.6819986,4.7281862,-0.5821562,-0.0552692,8.5663456,0.4726505,0.9743,1.0493
103.7408316,54.8486386,4.9765208,-0.6004627,-0.0669982,8.5828728,-0.4127259,0.9048,1.1222
104.0406606,55.0216274,5.2234414,-0.6223152,-0.0777701,8.5684427,-1.1820300,0.8353,1.1917
104.3404896,55.1989288,5.4644151,-0.6464917,-0.0811032,8.5269805,-1.3550400,0.7657,1.2613
104.6403186,55.3814791,5.7003428,-0.6705212,-0.0800790,8.4792002,-1.1992053,0.6961,1.3309
104.9401476,55.5712358,5.9337864,-0.6945159,-0.0795105,8.4366891,-1.0867381,0.6304,1.3966
105.2399766,55.7675253,6.1637675,-0.7185251,-0.0793499,8.3979791,-1.0105255,0.5648,1.4622
105.5398056,55.9671745,6.3866779,-0.7423031,-0.0797116,8.3618229,-0.9755814,0.4993,1.5277
105.8396346,56.1727048,6.6053988,-0.7663924,-0.0809539,8.3267681,-1.0033511,0.4572,1.5698
106.1394635,56.3835623,6.8191255,-0.7909960,-0.0830914,8.2905609,-1.0895011,0.4450,1.5820
106.4392925,56.6002313,7.0280764,-0.8158663,-0.0796098,8.2510649,-0.7850833,0.4328,1.5942
106.7391215,56.8217289,7.2316848,-0.8386581,-0.0719151,8.2224869,-0.2179335,0.4206,1.6064
107.0389505,57.0465085,7.4295285,-0.8590583,-0.0643477,8.2145362,0.3047278,0.4630,1.5558
107.3387795,57.2741213,7.6222249,-0.8771329,-0.0569645,8.2256512,0.7888640,0.5081,1.5020
107.6386085,57.5073773,7.8129474,-0.8932951,-0.0502147,8.2543556,1.2123236,0.5533,1.4482
107.9384375,57.7422731,7.9991715,-0.9072705,-0.0429465,8.2982748,1.6617389,0.6161,1.3750
108.2382665,57.9787171,8.1817273,-0.9189626,-0.0352732,8.3581003,2.1349963,0.6980,1.2809
108.5380955,58.2180779,8.3625658,-0.9280065,-0.0238164,8.4343410,2.8791825,0.7799,1.1868
108.8379245,58.4590359,8.5419248,-0.9331565,-0.0104514,8.5360783,3.7772732,0.8621,1.0930
109.1377535,58.6998659,8.7200183,-0.9342688,0.0030668,8.6677393,3.7933883,0.9545,1.0076
109.4375825,58.9407178,8.8984725,-0.9313258,0.0158096,8.7979793,0.6739134,1.0470,0.9221
109.7374115,59.1826731,9.0795082,-0.9250377,0.0259051,8.8209159,-4.7573437,1.1395,0.8367
110.0372405,59.4213872,9.2610433,-0.9156813,0.0366320,8.6577005,-3.9544275,1.2229,0.7511
110.3370694,59.6557578,9.4433582,-0.9031094,0.0482354,8.5196523,-3.4902062,1.3012,0.6654
110.6368984,59.8930751,9.6334811,-0.8872626,0.0556577,8.3959243,-3.0266134,1.3796,0.5797
110.9367274,60.1246451,9.8254933,-0.8693857,0.0633490,8.2871353,-2.5166568,1.4415,0.5265
111.2365564,60.3490334,10.0188309,-0.8493801,0.0719140,8.1955768,-2.2116334,1.4778,0.5237
111.5363854,60.5737201,10.2209876,-0.8266222,0.0775914,8.1142624,-1.9982185,1.5142,0.5209
111.8362144,60.7930889,10.4278596,-0.8025750,0.0819593,8.0400875,-1.7714717,1.5491,0.5096
112.1360434,61.0035120,10.6362652,-0.7776278,0.0865599,7.9737526,-1.7589201,1.5801,0.4766
112.4358724,61.2105250,10.8520646,-0.7518347,0.0828490,7.9073371,-2.0438997,1.6111,0.4436
112.7357014,61.4125126,11.0733052,-0.7286001,0.0717034,7.8294533,-2.8045448,1.6194,0.4280
113.0355304,61.6090372,11.2980264,-0.7092165,0.0577846,7.7213063,-3.7027679,1.5707,0.4561
113.3353594,61.7991728,11.5233168,-0.6925111,0.0600762,7.5761585,-3.4445778,1.5219,0.4841
113.6351884,61.9867842,11.7537885,-0.6736610,0.0662364,7.4385891,-3.3812417,1.4547,0.5321
113.9350174,62.1742717,11.9936821,-0.6529617,0.0691813,7.3010287,-3.0993092,1.3436,0.6273
114.2348464,62.3521096,12.2313006,-0.6316184,0.0764361,7.1726211,-2.6679491,1.2325,0.7225
114.5346754,62.5253842,12.4741626,-0.6072792,0.0868995,7.0602151,-2.1715937,1.1261,0.8177
114.8345043,62.6952811,12.7260019,-0.5790957,0.0989175,6.9673828,-1.8225076,1.0392,0.9125
115.1343333,62.8571738,12.9822359,-0.5474094,0.1080905,6.8885080,-1.6118382,0.9523,1.0073
115.4341623,63.0092572,13.2412753,-0.5140405,0.1144530,6.8179902,-1.2833424,0.8655,1.1022
115.7339913,63.1522474,13.5052382,-0.4784268,0.1232278,6.7613182,-0.9058600,0.7940,1.1830
116.0338203,63.2849432,13.7734358,-0.4399488,0.1328250,6.7210281,-0.9058600,0.7236,1.2629
116.3336493,63.4073308,14.0475029,-0.4000401,0.1326469,6.6804949,-0.8148656,0.6532,1.3427
116.6334783,63.5183841,14.3253006,-0.3607023,0.1298913,6.6438220,-0.6186160,0.5972,1.4060
116.9333073,63.6187584,14.6077388,-0.3224848,0.1247179,6.6158456,-0.3365599,0.5533,1.4554
117.2331363,63.7078035,14.8904106,-0.2893704,0.0961572,6.6005752,0.9369801,0.5095,1.5047
117.5329653,63.7893316,15.1776399,-0.2653064,0.0652548,6.6430008,2.2353920,0.4670,1.5523
117.8327943,63.8661223,15.4698728,-0.2501110,0.0356441,6.7431395,3.4674365,0.4536,1.5637
118.1326233,63.9392128,15.7607815,-0.2435417,0.0087272,6.8955933,4.3464731,0.4403,1.5751
118.4324523,64.0110688,16.0500530,-0.2446236,-0.0157291,7.0820621,1.9410315,0.4270,1.5866
118.7322813,64.0849833,16.3417407,-0.2529098,-0.0391940,7.1637671,-3.9478642,0.4200,1.5948
119.0321102,64.1628288,16.6343598,-0.2682638,-0.0619747,6.9965842,-3.1554344,0.4200,1.5997
119.3319392,64.2450350,16.9219149,-0.2895645,-0.0804990,6.8600298,-2.3794484,0.4200,1.6045
119.6317682,64.3344044,17.2082080,-0.3165312,-0.0993939,6.7552316,-1.5878133,0.4200,1.6093
119.9315972,64.4323935,17.4920450,-0.3492788,-0.1188021,6.6843855,-1.1569001,0.4300,1.5908
120.2314262,64.5404599,17.7723191,-0.3873074,-0.1301558,6.6322896,-1.0849936,0.4414,1.5690
120.5312552,64.6593200,18.0480478,-0.4268707,-0.1334680,6.5830570,-0.9820959,0.4528,1.5472
120.8310842,64.7889282,18.3183775,-0.4674650,-0.1374376,6.5381739,-0.8470543,0.4681,1.5288
121.1309132,64.9292361,18.5825443,-0.5092512,-0.1420462,6.4992134,-0.8470543,0.4935,1.5194
121.4307422,65.0816038,18.8422288,-0.5519171,-0.1411285,6.4600180,-0.7264196,0.5188,1.5099
121.7305712,65.2443863,19.0944892,-0.5941680,-0.1404015,6.4262142,-0.6261856,0.5442,1.5005
122.0304002,65.4169663,19.3387262,-0.6361178,-0.1402180,6.3969314,-0.5584251,0.5550,1.4905
122.3302292,65.6002111,19.5762284,-0.6781474,-0.1394006,6.3707039,-0.4715822,0.5598,1.4803
122.6300582,65.7940967,19.8068609,-0.7198659,-0.1375938,6.3484707,-0.3536703,0.5646,1.4701
122.9298872,65.9961478,20.0279638,-0.7608839,-0.1363829,6.3317453,-0.2716914,0.5723,1.4587
123.2297162,66.2056051,20.2392144,-0.8013595,-0.1358281,6.3188667,-0.2240503,0.5923,1.4424
123.5295451,66.4275659,20.4455691,-0.8421531,-0.1334124,6.3082266,-0.1069783,0.6124,1.4261
123.8293741,66.6557014,20.6411426,-0.8819474,-0.1315301,6.3031399,-0.0223510,0.6324,1.4098
124.1292031,66.8890220,20.8257455,-0.9208816,-0.1302927,6.3020766,0.0288257,0.6364,1.3973
124.4290321,67.1325104,21.0034033,-0.9599306,-0.1284071,6.3034479,0.1011465,0.6354,1.3859
124.7288611,67.3831069,21.1717728,-0.9983491,-0.1261464,6.3082572,0.1821049,0.6343,1.3746
125.0286901,67.6363968,21.3283792,-1.0356356,-0.1243353,6.3169066,0.2384090,0.6313,1.3736
125.3285191,67.8965333,21.4761632,-1.0726060,-0.1226414,6.3282125,0.2856026,0.6254,1.3873
125.6283481,68.1655127,21.6160966,-1.1094618,-0.1204470,6.3417298,0.3494183,0.6196,1.4009
125.9281771,68.4346824,21.7439677,-1.1450326,-0.1182756,6.3582284,0.4077614,0.6107,1.4163
126.2280061,68.7079575,21.8621761,-1.1799551,-0.1165849,6.3774278,0.4426989,0.5860,1.4410
126.5278351,68.9902196,21.9727056,-1.2151027,-0.1151329,6.3982071,0.4658701,0.5614,1.4657
126.8276641,69.2711099,22.0716426,-1.2490561,-0.1127146,6.4200013,0.5277756,0.5367,1.4904
127.1274931,69.5554424,22.1611788,-1.2823755,-0.1126250,6.4446025,0.4894771,0.5169,1.4917
127.4273221,69.8457908,22.2419258,-1.3169030,-0.1162968,6.4673348,0.2969543,0.4972,1.4925
127.7271510,70.1354038,22.3117065,-1.3519281,-0.1186001,6.4810872,0.1759286,0.4776,1.4933
128.0269800,70.4273395,22.3712079,-1.3877984,-0.1234076,6.4892209,-0.0411460,0.4599,1.5062
128.3268090,70.7222157,22.4200973,-1.4253946,-0.1274875,6.4873195,-0.2093085,0.4426,1.5213
128.6266380,71.0205217,22.4579380,-1.4638465,-0.1275814,6.4776385,-0.1947293,0.4252,1.5364
128.9264670,71.3136068,22.4837889,-1.5021326,-0.1333931,6.4686189,-0.4206687,0.4227,1.5340
129.2262960,71.6117468,22.4982740,-1.5425162,-0.1364057,6.4490908,-0.5072570,0.4266,1.5241
129.5261250,71.9186229,22.5005341,-1.5842759,-0.1350388,6.4254643,-0.4032328,0.4305,1.5141
129.8259540,72.2095803,22.4908554,-1.6239598,-0.1377463,6.4066208,-0.4768604,0.4313,1.5101
130.1257830,72.5079640,22.4687573,-1.6656353,-0.1408253,6.3842648,-0.5572319,0.4285,1.5129
130.4256120,72.8133455,22.4329710,-1.7094270,-0.1439894,6.3580412,-0.6313823,0.4257,1.5157
130.7254410,73.1048750,22.3860015,-1.7513410,-0.1387515,6.3281968,-0.3595178,0.4231,1.5192
131.0252700,73.3969099,22.3265149,-1.7918960,-0.1336818,6.3111399,-0.1233523,0.4222,1.5304
131.3250990,73.6918536,22.2539599,-1.8319333,-0.1301852,6.3052770,0.0270327,0.4213,1.5416
131.6249280,73.9813457,22.1705372,-1.8704106,-0.1222174,6.3065623,0.3415004,0.4204,1.5528
131.9247570,74.2633024,22.0780165,-1.9046555,-0.1088398,6.3227772,0.8471675,0.4262,1.5584
132.2245859,74.5457617,21.9750386,-1.9355366,-0.0968253,6.3628235,1.2681031,0.4381,1.5592
132.5244149,74.8283612,21.8625239,-1.9633165,-0.0860393,6.4223011,1.6241015,0.4499,1.5599
132.8242439,75.1018971,21.7454008,-1.9865482,-0.0694791,6.4976808,2.2199487,0.4617,1.5607
133.1240729,75.3741924,21.6220643,-2.0048380,-0.0530703,6.5993232,2.8153812,0.4569,1.5664
133.4239019,75.6465270,21.4934409,-2.0184592,-0.0375282,6.7260190,3.3950445,0.4488,1.5732
133.7237309,75.9181297,21.3613782,-2.0275264,-0.0222276,6.8756962,4.0011536,0.4406,1.5799
134.0235599,76.1859859,21.2289327,-2.0316508,-0.0054563,7.0480154,4.3038532,0.4328,1.5862
134.3233889,76.4545532,21.0955881,-2.0308125,0.0110025,7.2287870,3.1159790,0.4334,1.5827
134.6232179,76.7241785,20.9628262,-2.0250513,0.0273225,7.3568936,-4.8352700,0.4340,1.5791
134.9230469,76.9949754,20.8322375,-2.0144375,0.0427913,7.1571206,-4.1910989,0.4346,1.5756
135.2228759,77.2671063,20.7052854,-1.9994331,0.0571887,6.9793373,-3.5853090,0.4348,1.5736
135.5227049,77.5410867,20.5831541,-1.9800793,0.0719141,6.8235760,-3.0015515,0.4334,1.5774
135.8225339,77.8170912,20.4671864,-1.9562964,0.0870410,6.6903875,-2.5954209,0.4320,1.5812
136.1223629,78.0973067,20.3579503,-1.9281383,0.0988542,6.5730450,-2.2743825,0.4306,1.5851
136.4221918,78.3808569,20.2570221,-1.8968629,0.1090956,6.4684673,-1.9296996,0.4433,1.5731
136.7220208,78.6662234,20.1658675,-1.8625515,0.1201004,6.3783939,-1.5554427,0.4766,1.5384
137.0218498,78.9530977,20.0854559,-1.8250355,0.1318629,6.3048533,-1.4490442,0.5098,1.5036
137.3216788,79.2475412,20.0152861,-1.7842266,0.1370981,6.2355629,-1.3308143,0.5431,1.4688
137.6215078,79.5431974,19.9576529,-1.7421246,0.1426551,6.1712406,-1.1560590,0.6007,1.4011
137.9213368,79.8382697,19.9131431,-1.6985525,0.1496019,6.1148157,-1.0001810,0.6688,1.3191
138.2211658,80.1350982,19.8818519,-1.6527432,0.1559506,6.0655754,-0.9976381,0.7370,1.2372
138.5209948,80.4397218,19.8641322,-1.6049833,0.1574050,6.0160587,-0.9789240,0.8103,1.1534
138.8208238,80.7399276,19.8610090,-1.5572329,0.1610714,5.9670716,-0.8301980,0.9168,1.0578
139.1206528,81.0341621,19.8720625,-1.5089556,0.1673073,5.9252096,-0.8139877,1.0233,0.9622
139.4204818,81.3388117,19.8988407,-1.4572022,0.1698517,5.8838758,-0.8074086,1.1299,0.8666
139.7203108,81.6391231,19.9409905,-1.4053884,0.1721691,5.8425872,-0.7180538,1.2240,0.7618
140.0201398,81.9277644,19.9967743,-1.3541601,0.1767634,5.8056213,-0.6678758,1.3140,0.6541
140.3199688,82.2207240,20.0695881,-1.3000469,0.1801545,5.7710260,-0.6678758,1.4041,0.5463
140.6197977,82.5119716,20.1591070,-1.2451637,0.1798573,5.7362221,-0.5779122,1.4703,0.4847
140.9196267,82.7861794,20.2597762,-1.1927927,0.1785140,5.7059350,-0.4649008,1.5183,0.4586
141.2194557,83.0606615,20.3771440,-1.1420130,0.1528296,5.6814534,0.4195228,1.5663,0.4324
141.5192847,83.3296061,20.5067443,-1.1042848,0.0966550,5.7035501,2.2034175,1.5785,0.4339
141.8191137,83.5926322,20.6428609,-1.0854818,0.0360795,5.8182283,4.0997977,1.5579,0.4603
142.1189427,83.8471204,20.7793682,-1.0697426,0.0710079,6.0257993,2.6935377,1.5374,0.4868
142.4187717,84.1092835,20.9270640,-1.0446186,0.0934665,6.1583649,1.6947032,1.5114,0.5156
142.7186007,84.3696579,21.0834813,-1.0146440,0.1014682,6.2403285,1.2677398,1.4803,0.5467
143.0184297,84.6129935,21.2397818,-0.9848778,0.1045570,6.3009452,1.0527276,1.4492,0.5778
143.3182587,84.8632619,21.4117356,-0.9524945,0.1089007,6.3508415,0.7988672,1.4254,0.6049
143.6180877,85.1143976,21.5969918,-0.9177242,0.1117567,6.3884454,0.6205339,1.4147,0.6249
143.9179167,85.3434902,21.7779892,-0.8872509,0.0976405,6.4175028,1.1528522,1.4040,0.6450
144.2177457,85.5728967,21.9702661,-0.8597409,0.0866650,6.4711405,1.5310930,1.3932,0.6650
144.5175747,85.8017257,22.1725188,-0.8346337,0.0781395,6.5416964,1.7979517,1.3856,0.6733
144.8174037,86.0231599,22.3777860,-0.8125448,0.0655391,6.6235902,2.2448889,1.3782,0.6808
145.1172326,86.2378328,22.5847843,-0.7954526,0.0493546,6.7244415,2.8614984,1.3708,0.6883
145.4170616,86.4511348,22.7966410,-0.7828922,0.0343870,6.8508418,3.4448880,1.3619,0.6961
145.7168906,86.6632816,23.0117697,-0.7746599,0.0202126,6.9999849,4.0269702,1.3489,0.7047
146.0167196,86.8737160,23.2277698,-0.7708047,0.0050525,7.1703970,4.2689587,1.3359,0.7132
146.3165486,87.0833625,23.4436180,-0.7716252,-0.0105489,7.3467345,0.8569252,1.3229,0.7218
146.6163776,87.2928970,23.6579853,-0.7771706,-0.0265653,7.3816238,-4.7950246,1.3070,0.7335
146.9162066,87.5027547,23.8692962,-0.7875602,-0.0433998,7.1842185,-4.4919903,1.2878,0.7487
147.2160356,87.7209037,24.0834736,-0.8019781,-0.0508799,6.9942360,-4.1771927,1.2685,0.7639
147.5158646,87.9396317,24.2916678,-0.8185806,-0.0593259,6.8128152,-3.8268048,1.2493,0.7792
147.8156936,88.1583444,24.4925528,-0.8376338,-0.0693103,6.6422644,-3.5497330,1.2092,0.8178
148.1155226,88.3821754,24.6897658,-0.8599194,-0.0784056,6.4800502,-3.5098859,1.1581,0.8689
148.4153516,88.6166736,24.8867469,-0.8845482,-0.0824838,6.3155617,-3.4772255,1.1069,0.9201
148.7151806,88.8501621,25.0731456,-0.9098272,-0.0867915,6.1482659,-3.4528870,1.0558,0.9712
149.0150096,89.0825173,25.2490889,-0.9357777,-0.0913400,5.9775097,-3.0045429,0.9677,1.0640
149.3148385,89.3315775,25.4269906,-0.9662051,-0.1083397,5.8248540,-2.5482563,0.8774,1.1591
149.6146675,89.5814634,25.5933718,-1.0014569,-0.1265860,5.6921738,-2.1246927,0.7871,1.2543
149.9144965,89.8322112,25.7470511,-1.0413393,-0.1445543,5.5791355,-1.8036844,0.7088,1.3375
150.2143255,90.0962026,25.8936176,-1.0873528,-0.1597204,5.4813465,-1.4946261,0.6450,1.4058
150.5141545,90.3655139,26.0266161,-1.1375608,-0.1746176,5.3989717,-1.1843331,0.5813,1.4741
150.8139835,90.6376423,26.1438035,-1.1914977,-0.1893885,5.3327948,-1.0025688,0.5226,1.5309
151.1138125,90.9205250,26.2471266,-1.2501907,-0.1995750,5.2761256,-0.8551149,0.4876,1.5335
151.4136415,91.2077949,26.3329256,-1.3113673,-0.2083403,5.2273057,-0.7288375,0.4526,1.5360
151.7134705,91.4976787,26.4001964,-1.3745598,-0.2160973,5.1853324,-0.6629060,0.4200,1.5387
152.0132995,91.7940604,26.4490891,-1.4403178,-0.2215281,5.1468588,-0.6106971,0.4200,1.5433
152.3131285,92.0922188,26.4781141,-1.5074322,-0.2263509,5.1111589,-0.5773629,0.4200,1.5479
152.6129575,92.3912798,26.4868745,-1.5757929,-0.2304148,5.0771769,-0.5430239,0.4211,1.5504
152.9127865,92.6903448,26.4750001,-1.6453699,-0.2344553,5.0450071,-0.5043382,0.4357,1.5253
153.2126155,92.9883458,26.4421072,-1.7162958,-0.2385718,5.0149443,-0.5043382,0.4503,1.5002
153.5124445,93.2828873,26.3880835,-1.7880875,-0.2369334,4.9847002,-0.3854129,0.4611,1.4821
153.8122734,93.5717021,26.3137496,-1.8565887,-0.2222107,4.9614635,0.0363960,0.4465,1.5107
154.1121024,93.8571199,26.2196652,-1.9210759,-0.2068593,4.9636625,0.4093358,0.4318,1.5392
154.4119314,94.1349973,26.1085342,-1.9804817,-0.1880855,4.9883270,0.8207944,0.4200,1.5654
154.7117604,94.4046397,25.9827355,-2.0330132,-0.1650649,5.0374202,1.3025103,0.4200,1.5817
155.0115894,94.6713082,25.8418758,-2.0793894,-0.1426696,5.1143585,1.7437071,0.4200,1.5980
155.3114184,94.9301611,25.6906245,-2.1182878,-0.1119795,5.2155816,2.4083999,0.4260,1.6048
155.6112474,95.1819753,25.5319675,-2.1458717,-0.0739480,5.3522432,3.3071874,0.4537,1.5766
155.9110764,95.4336171,25.3655057,-2.1627860,-0.0386746,5.5344095,4.2011778,0.4814,1.5485
156.2109054,95.6827939,25.1964522,-2.1692065,-0.0016645,5.7575132,4.6352482,0.5142,1.5163
156.5107344,95.9292383,25.0290782,-2.1635543,0.0392162,5.9940406,-1.0159283,0.5760,1.4616
156.8105634,96.1799892,24.8630409,-2.1458323,0.0783012,5.9430054,-2.8546650,0.6377,1.4069
157.1103924,96.4354552,24.7024037,-2.1165941,0.1136438,5.7971967,-2.1097245,0.6994,1.3522
157.4102214,96.6928629,24.5524337,-2.0787523,0.1403376,5.6870359,-1.3738974,0.8165,1.2277
157.7100504,96.9581715,24.4124261,-2.0326627,0.1668276,5.6141347,-0.6245453,0.9343,1.1022
158.0098793,97.2319625,24.2850789,-1.9783511,0.1926535,5.5806805,-0.6245453,1.0522,0.9768
158.3097083,97.5095012,24.1744719,-1.9225736,0.1780491,5.5470245,-0.0955131,1.1899,0.8256
158.6095373,97.7936309,24.0784596,-1.8715210,0.1628182,5.5418594,0.3836075,1.3344,0.6655
158.9093663,98.0828152,23.9962693,-1.8245293,0.1501902,5.5625749,0.7322791,1.4789,0.5055
159.2091953,98.3759487,23.9270795,-1.7816018,0.1316784,5.6019065,1.2384485,1.5505,0.4215
159.5090243,98.6712538,23.8696152,-1.7455617,0.1079641,5.6678040,1.8875620,1.5385,0.4248
159.8088533,98.9668464,23.8219830,-1.7167305,0.0846437,5.7667923,2.5182031,1.5266,0.4281
160.1086823,99.2628041,23.7819547,-1.6947167,0.0669104,5.8962661,2.9766167,1.5063,0.4412
160.4085113,99.5613177,23.7477904,-1.6748791,0.0649335,6.0457345,2.8936498,1.4500,0.4965
160.7083403,99.8592093,23.7195526,-1.6558896,0.0618033,6.1875768,2.8660222,1.3937,0.5518
161.0081693,100.1576280,23.6968169,-1.6379919,0.0576417,6.3249300,2.8918238,1.3374,0.6070
161.3079983,100.4546222,23.6794239,-1.6204528,0.0603389,6.4605607,2.6445139,1.2680,0.6825
161.6078273,100.7536311,23.6673065,-1.6020270,0.0627199,6.5821462,2.4138718,1.1975,0.7597
161.9076563,101.0551332,23.6607713,-1.5828153,0.0646004,6.6911991,2.2098649,1.1270,0.8369
162.2074853,101.3534930,23.6600766,-1.5634153,0.0651105,6.7894999,2.0741706,1.0508,0.9184
162.5073142,101.6518005,23.6651768,-1.5439845,0.0651445,6.8804870,1.9666332,0.9714,1.0025
162.8071432,101.9527711,23.6762045,-1.5243579,0.0651891,6.9656593,1.8639965,0.8919,1.0867
163.1069722,102.2537834,23.6931591,-1.5047205,0.0646523,7.0454361,1.7953579,0.8185,1.1680
163.4068012,102.5505253,23.7156351,-1.4857692,0.0627577,7.1214304,1.8002500,0.7632,1.2409
163.7066302,102.8491716,23.7438979,-1.4671947,0.0611222,7.1968260,1.7955609,0.7078,1.3139
164.0064592,103.1494079,23.7778976,-1.4489428,0.0597280,7.2712466,1.7818699,0.6525,1.3868
164.3062882,103.4459384,23.8168649,-1.4315024,0.0564516,7.3443543,1.8733534,0.6005,1.4300
164.6061172,103.7419126,23.8608576,-1.4151568,0.0528523,7.4204387,1.9855979,0.5493,1.4651
164.9059462,104.0384877,23.9097579,-1.3997757,0.0495375,7.5002394,2.0852595,0.4982,1.5002
165.2057752,104.3348262,23.9631691,-1.3853249,0.0464908,7.5831414,2.1734364,0.4572,1.5278
165.5056042,104.6288893,24.0204234,-1.3718154,0.0437383,7.6685952,2.2485739,0.4495,1.5309
165.8054332,104.9225672,24.0816115,-1.3590781,0.0412177,7.7560123,2.3141874,0.4418,1.5340
166.1052622,105.2155053,24.1464367,-1.3470635,0.0389046,7.8449632,2.3715138,0.4341,1.5370
166.4050912,105.5081098,24.2147944,-1.3355253,0.0387662,7.9350832,2.2963901,0.4293,1.5502
166.7049201,105.7998801,24.2865564,-1.3236608,0.0402274,8.0213835,2.1213737,0.4262,1.5696
167.0047491,106.0900063,24.3616402,-1.3113711,0.0418116,8.1002897,1.9407388,0.4232,1.5890
167.3045781,106.3782420,24.4400957,-1.2986282,0.0435276,8.1718096,1.7541561,0.4201,1.6084
167.6044071,106.6677529,24.5229570,-1.2854130,0.0442116,8.2359192,1.6408761,0.4221,1.6090
167.9042361,106.9551604,24.6093650,-1.2720484,0.0448479,8.2954403,1.5338556,0.4242,1.6091
168.2040651,107.2403889,24.6993137,-1.2585431,0.0454614,8.3506957,1.4313800,0.4264,1.6092
168.5038941,107.5248369,24.7932910,-1.2448224,0.0462522,8.4019318,1.3193197,0.4299,1.6010
168.8037231,107.8089645,24.8915589,-1.2307548,0.0473368,8.4488815,1.1894373,0.4362,1.5776
169.1035521,108.0907554,24.9935241,-1.2164028,0.0484525,8.4909866,1.0609354,0.4424,1.5541
169.4033811,108.3701255,25.0992181,-1.2017599,0.0495985,8.5283675,0.9339967,0.4486,1.5306
169.7032101,108.6498524,25.2098259,-1.1866924,0.0505659,8.5611407,0.8240878,0.4911,1.4856
170.0030391,108.9272539,25.3244178,-1.1713720,0.0515243,8.5899535,0.7184706,0.5440,1.4344
170.3028681,109.2019682,25.4428973,-1.1558125,0.0524932,8.6149950,0.6157232,0.5969,1.3832
170.6026971,109.4752069,25.5658690,-1.1399363,0.0534804,8.6363975,0.5153001,0.6500,1.3357
170.9025260,109.7472656,25.6935993,-1.1237104,0.0544968,8.6542686,0.4164536,0.7040,1.3000
171.2023550,110.0163659,25.8253537,-1.1072271,0.0555318,8.6686847,0.3200616,0.7579,1.2642
171.5021840,110.2824278,25.9611458,-1.0904823,0.0565837,8.6797478,0.2263102,0.8119,1.2285
171.8020130,110.5480581,26.1024477,-1.0732989,0.0576414,8.6875619,0.1360755,0.8660,1.1653
172.1018420,110.8104360,26.2479039,-1.0558455,0.0587167,8.6922569,0.0484956,0.9201,1.0934
172.4016710,111.0694572,26.3975148,-1.0381190,0.0598073,8.6939295,-0.0362279,0.9743,1.0215
172.7015000,111.3264899,26.5521809,-1.0200489,0.0604997,8.6926800,-0.0868119,1.0422,0.9399
173.0013290,111.5809547,26.7116653,-1.0018171,0.0609195,8.6896852,-0.1143195,1.1409,0.8367
173.3011580,111.8317675,26.8753179,-0.9835083,0.0613503,8.6857398,-0.1412736,1.2396,0.7336
173.6009870,112.0793581,27.0434305,-0.9651031,0.0611565,8.6808617,-0.1197681,1.3382,0.6305
173.9008160,112.3249016,27.2167922,-0.9470853,0.0587247,8.6767241,0.0691430,1.4122,0.5668
174.2006450,112.5667109,27.3939860,-0.9298477,0.0562701,8.6791130,0.2507737,1.4833,0.5077
174.5004740,112.8048710,27.5747502,-0.9133921,0.0538002,8.6877719,0.4257178,1.5545,0.4486
174.8003030,113.0412887,27.7602689,-0.8976566,0.0508633,8.7024517,0.6292799,1.5901,0.4263
175.1001320,113.2744695,27.9490720,-0.8828505,0.0478244,8.7241056,0.8338165,1.5923,0.4386
175.3999609,113.5043251,28.1407004,-0.8689977,0.0447488,8.7527152,1.0354996,1.5946,0.4509
175.6997899,113.7320933,28.3358236,-0.8560299,0.0417871,8.7881152,1.2239948,1.5876,0.4686
175.9996189,113.9576286,28.5339907,-0.8439185,0.0388842,8.8297762,1.4049268,1.5330,0.5140
176.2994479,114.1803019,28.7342916,-0.8327131,0.0359327,8.8773545,1.5878718,1.4784,0.5594
176.5992769,114.4007560,28.9369298,-0.8223981,0.0330088,8.9308232,1.7677700,1.4237,0.6048
176.8991059,114.6198201,29.1423285,-0.8129053,0.0302032,8.9899756,1.9382686,1.3786,0.6513
177.1989349,114.8365906,29.3492990,-0.8042803,0.0273429,9.0543889,2.1143486,1.3353,0.6981
177.4987639,115.0513210,29.5577092,-0.7965320,0.0244451,9.1241353,2.2955035,1.2921,0.7448
177.7985929,115.2651795,29.7683427,-0.7895912,0.0217922,9.1992588,2.4587501,1.2424,0.7914
178.0984219,115.4774062,29.9801198,-0.7834608,0.0190950,9.2790501,2.6292869,1.1866,0.8378
178.3982509,115.6882387,30.1929270,-0.7781492,0.0163621,9.3636234,2.8071757,1.1308,0.8842
178.6980799,115.8980858,30.4068278,-0.7736471,0.0137031,9.4530836,2.9834838,1.0819,0.9278
178.9979089,116.1071003,30.6216372,-0.7699385,0.0110404,9.5472435,3.1658017,1.0595,0.9602
179.2977379,116.3155306,30.8372693,-0.7670293,0.0083595,9.6461525,3.3562180,1.0370,0.9926
179.5975668,116.5231158,31.0531168,-0.7647983,0.0072504,9.7499149,3.3936997,1.0146,1.0251
179.8973958,116.7301509,31.2693355,-0.7626012,0.0074245,9.8537252,3.3320054,0.9730,1.0502
180.1972248,116.9372055,31.4865398,-0.7603497,0.0075779,9.9545951,3.2618976,0.9294,1.0746
180.4970538,117.1437563,31.7042044,-0.7580524,0.0077818,10.0523622,3.1872432,0.8858,1.0990
180.7968828,117.3489744,31.9214782,-0.7556723,0.0081432,10.1469819,3.0968379,0.8664,1.1249
181.0967118,117.5544166,32.1400542,-0.7531770,0.0084911,10.2380802,3.0080038,0.8632,1.1517
181.3965408,117.7600891,32.3599972,-0.7505694,0.0088250,10.3257958,2.9209135,0.8600,1.1786
181.6963698,117.9633451,32.5785090,-0.7479064,0.0090210,10.4102646,2.8490927,0.8495,1.2046
181.9961988,118.1668245,32.7984477,-0.7451747,0.0092120,10.4920012,2.7783988,0.8201,1.2282
182.2960278,118.3705104,33.0198347,-0.7423753,0.0093980,10.5711011,2.7088563,0.7908,1.2519
182.5958568,118.5726052,33.2407385,-0.7395450,0.0094729,10.6476554,2.6525195,0.7615,1.2756
182.8956858,118.7739740,33.4621056,-0.7367067,0.0094973,10.7220880,2.6027493,0.7447,1.2940
183.1955148,118.9754663,33.6848797,-0.7338498,0.0095252,10.7946250,2.5533750,0.7287,1.3121
183.4953438,119.1763604,33.9082738,-0.7309859,0.0094991,10.8653155,2.5111731,0.7127,1.3302
183.7951728,119.3756299,34.1311327,-0.7281702,0.0093395,10.9343919,2.4857466,0.6958,1.3451
184.0950017,119.5749227,34.3552762,-0.7253918,0.0091888,11.0023417,2.4601758,0.6782,1.3577
184.3948307,119.7742065,34.5806594,-0.7226490,0.0090466,11.0691819,2.4344610,0.6606,1.3704
184.6946597,119.9717634,34.8053127,-0.7199844,0.0087470,11.1349285,2.4291202,0.6436,1.3851
184.9944887,120.1690110,35.0308022,-0.7174111,0.0084338,11.2001461,2.4264582,0.6287,1.4084
185.2943177,120.3661738,35.2573488,-0.7149240,0.0081307,11.2649154,2.4234796,0.6139,1.4318
185.5941467,120.5626087,35.4841745,-0.7125333,0.0077621,11.3292355,2.4298249,0.5990,1.4552
185.8939757,120.7580710,35.7109403,-0.7102788,0.0073003,11.3933595,2.4492375,0.5899,1.4608
186.1938047,120.9534097,35.9385679,-0.7081572,0.0068477,11.4576327,2.4684903,0.5826,1.4607
186.4936337,121.1486202,36.1669948,-0.7061666,0.0064033,11.5220483,2.4876580,0.5752,1.4607
186.7934627,121.3426790,36.3949560,-0.7043370,0.0058120,11.5866017,2.5275828,0.5640,1.4663
187.0932917,121.5365625,36.6235162,-0.7026842,0.0052182,11.6518250,2.5689874,0.5434,1.4854
187.3931207,121.7303492,36.8526884,-0.7012065,0.0046307,11.7177446,2.5465467,0.5229,1.5044
187.6929497,121.9236895,37.0819782,-0.6999038,0.0040659,11.7827245,2.5159239,0.5023,1.5235
187.9927787,122.1165193,37.3112292,-0.6987667,0.0035263,11.8465729,2.4856693,0.4941,1.5325
188.2926076,122.3093204,37.5409385,-0.6977897,0.0029904,11.9093174,2.4557786,0.4890,1.5389
188.5924366,122.5021204,37.7710655,-0.6969719,0.0024578,11.9709844,2.4262473,0.4840,1.5453
188.8922656,122.6942628,38.0007652,-0.6962198,0.0026091,12.0315995,2.3970711,0.4759,1.5507
189.1920946,122.8863831,38.2308036,-0.6954083,0.0028058,12.0911873,2.3682458,0.4591,1.5534
189.4919236,123.0785247,38.4612614,-0.6945371,0.0030009,12.1497715,2.3397671,0.4422,1.5562
189.7917526,123.2703268,38.6917334,-0.6936079,0.0032012,12.2073751,2.3116309,0.4253,1.5589
190.0915816,123.4616406,38.9220676,-0.6926182,0.0034086,12.2640204,2.2838330,0.4286,1.5650
190.3914106,123.6530011,39.1529375,-0.6915655,0.0036118,12.3197287,1.9808216,0.4411,1.5726
190.6912396,123.8444303,39.3844004,-0.6904507,0.0038104,12.3678426,-8.2890881,0.4537,1.5802
190.9910686,124.0348242,39.6151578,-0.6892059,0.0045859,12.1652337,-8.0923311,0.4648,1.5875
191.2908976,124.2251269,39.8464506,-0.6877046,0.0054361,11.9641247,-7.9074020,0.4578,1.5919
191.5907266,124.4154893,40.0785862,-0.6859468,0.0062715,11.7642911,-7.6793024,0.4509,1.5963
191.8905556,124.6051816,40.3107949,-0.6839248,0.0075020,11.5669179,-7.3510995,0.4439,1.6007
192.1903846,124.7933229,40.5421721,-0.6813705,0.0096110,11.3747722,-7.0563258,0.4376,1.6044
192.4902136,124.9816687,40.7751640,-0.6781879,0.0116133,11.1872276,-6.7953984,0.4322,1.6070
192.7900425,125.1703531,41.0102472,-0.6744013,0.0134842,11.0035970,-6.7962431,0.4269,1.6096
193.0898715,125.3563180,41.2438258,-0.6705093,0.0114155,10.8168260,-7.0125903,0.4215,1.6122
193.3897005,125.5414717,41.4780174,-0.6676464,0.0077925,10.6206671,-7.3853761,0.4244,1.6082
193.6895295,125.7273541,41.7142629,-0.6658315,0.0043072,10.4100850,-7.7090148,0.4305,1.6016
193.9893585,125.9141062,41.9522500,-0.6650413,0.0009386,10.1856319,-7.8782214,0.4367,1.5950
194.2891875,126.0983573,42.1872182,-0.6650655,-0.0010859,9.9510230,-7.6041289,0.4428,1.5885
194.5890165,126.2834078,42.4230482,-0.6656893,-0.0030719,9.7192069,-7.3507265,0.4452,1.5892
194.8888455,126.4691120,42.6592626,-0.6669100,-0.0050546,9.4897345,-7.1354061,0.4475,1.5901
195.1886745,126.6553463,42.8954116,-0.6687228,-0.0068166,9.2615472,-7.0013865,0.4498,1.5911
195.4885035,126.8420429,43.1311631,-0.6709163,-0.0077782,9.0320440,-6.8728162,0.4524,1.5917
195.7883325,127.0289268,43.3660208,-0.6734006,-0.0087850,8.8009363,-6.7491874,0.4563,1.5906
196.0881615,127.2158494,43.5996616,-0.6761865,-0.0098479,8.5679214,-6.7493340,0.4602,1.5896
196.3879905,127.4041703,43.8336404,-0.6791685,-0.0089050,8.3283843,-6.7744514,0.4640,1.5885
196.6878195,127.5938758,44.0680685,-0.6813444,-0.0055096,8.0808187,-6.9510256,0.4619,1.5865
196.9876484,127.7828121,44.3007571,-0.6824768,-0.0020253,7.8186567,-7.0514442,0.4496,1.5827
197.2874774,127.9705870,44.5317302,-0.6825476,0.0015756,7.5434036,-6.8351922,0.4373,1.5789
197.5873064,128.1608972,44.7660360,-0.6816330,0.0042367,7.2666471,-6.6532834,0.4250,1.5751
197.8871354,128.3505759,45.0001760,-0.6799930,0.0066705,6.9867350,-6.4864135,0.4259,1.5754
198.1869644,128.5380870,45.2325903,-0.6776233,0.0092262,6.7025992,-6.3577127,0.4360,1.5787
198.4867934,128.7241476,45.4645095,-0.6744963,0.0113526,6.4118938,-6.3533105,0.4460,1.5819
198.7866224,128.9125110,45.7008942,-0.6711782,0.0105820,6.1075829,-6.3467964,0.4560,1.5852
199.0864514,129.0985699,45.9359179,-0.6681355,0.0097003,5.7876301,-6.3366310,0.4614,1.5834
199.3862804,129.2827306,46.1699333,-0.6653907,0.0087179,5.4494817,-5.8344356,0.4663,1.5810
199.6861094,129.4681698,46.4070540,-0.6610110,0.0263732,5.1184162,-5.2195028,0.4712,1.5787
199.9859384,129.6519368,46.6459617,-0.6489561,0.0538877,4.8029437,-4.7236504,0.4718,1.5776
200.2857674,129.8302546,46.8857226,-0.6285430,0.0831276,4.4984101,-4.1074221,0.4634,1.5791
200.5855964,130.0028854,47.1303700,-0.5984648,0.1265417,4.2157615,-2.9738946,0.4549,1.5805
200.8854254,130.1688837,47.3864626,-0.5475408,0.2093113,3.9986655,-1.7501582,0.4465,1.5820
201.1852544,130.3152807,47.6471555,-0.4710762,0.3045174,3.8652075,-0.2960356,0.4386,1.5770
201.4850833,130.4351066,47.9144628,-0.3666138,0.4064405,3.8421750,-0.2960356,0.4307,1.5712
201.7849123,130.5269783,48.2053861,-0.2464597,0.3808367,3.8190036,0.1531021,0.4229,1.5653
202.0847413,130.5837719,48.4999237,-0.1356207,0.3587140,3.8310048,0.4409820,0.4433,1.5458
202.3845703,130.6083494,48.7930144,-0.0324074,0.3443651,3.8653636,0.5552091,0.4805,1.5181
202.6843993,130.6027311,49.0937128,0.0687547,0.3241252,3.9081929,0.7430240,0.5177,1.4904
202.9842283,130.5684141,49.3900148,0.1598258,0.2835182,3.9647865,-1.2553339,0.6119,1.3901
203.2840573,130.5089550,49.6836818,0.2371089,0.2363602,3.8686898,-2.0464573,0.7365,1.2512
203.5838863,130.4280900,49.9695081,0.3178518,0.3078018,3.7066948,-1.3001273,0.8665,1.0993
203.8837153,130.3202728,50.2493422,0.4214228,0.3826992,3.5999937,-0.6078828,1.0443,0.8329
204.1835443,130.1798631,50.5170784,0.5481071,0.4481545,3.5490045,-0.5245103,1.2220,0.5665
204.4833733,130.0066684,50.7624572,0.6807103,0.4394624,3.5044124,-0.7847418,1.3802,0.4900
204.7832023,129.8021482,50.9830592,0.8155771,0.4616380,3.4366160,-0.2340240,1.5098,0.4375
205.0830313,129.5714137,51.1712508,0.9602663,0.5141390,3.4161375,-0.2340240,1.2468,0.6974
205.3828603,129.3110209,51.3247655,1.1158816,0.5133406,3.3955354,-0.1498528,0.9884,0.9536
205.6826892,129.0333711,51.4351425,1.2686697,0.5079383,3.3822774,-0.0401209,0.8012,1.1507
205.9825182,128.7436507,51.5020223,1.4188350,0.4986180,3.3787189,0.0789805,0.6141,1.3478
206.2823472,128.4476831,51.5259235,1.5588196,0.4428288,3.3857204,0.6939333,0.5387,1.4371
206.5821762,128.1484480,51.5104697,1.6832257,0.3880406,3.4466252,1.1521585,0.4766,1.5135
206.8820052,127.8506246,51.4597777,1.7931131,0.3349273,3.5454374,1.5378464,0.4418,1.5466
207.1818342,127.5641478,51.3814688,1.8769883,0.2308918,3.6731878,2.6141693,0.4313,1.5409
207.4816632,127.2805622,51.2824521,1.9316262,0.1343932,3.8807108,3.6740464,0.4208,1.5353
207.7814922,126.9993670,51.1712594,1.9585821,0.0471779,4.1548872,4.8393784,0.4564,1.5122
208.0813212,126.7236011,51.0568426,1.9680503,0.0162560,4.4905522,4.8956205,0.4961,1.4875
208.3811502,126.4474784,50.9407008,1.9683193,-0.0143219,4.8063247,4.8367495,0.5343,1.4636
208.6809792,126.1692533,50.8250770,1.9595118,-0.0438835,5.0991325,4.3375647,0.5481,1.4513
208.9808082,125.8942248,50.7145513,1.9464577,-0.0424938,5.3481032,4.2110087,0.5619,1.4391
209.2806372,125.6153481,50.6065541,1.9342509,-0.0391157,5.5791911,4.1582180,0.5756,1.4269
209.5804662,125.3316962,50.5005279,1.9229382,-0.0355890,5.7983516,4.1292521,0.5766,1.4218
209.8802951,125.0525134,50.3995505,1.9129630,-0.0314773,6.0080796,4.1398927,0.5769,1.4171
210.1801241,124.7713461,50.3008238,1.9041973,-0.0274015,6.2112431,4.1692100,0.5771,1.4125
210.4799531,124.4851728,50.2029766,1.8964989,-0.0235547,6.4093401,4.2085904,0.5788,1.4124
210.7797821,124.2000081,50.1077343,1.8899491,-0.0201359,6.6032837,4.2476095,0.5814,1.4152
211.0796111,123.9181558,50.0154828,1.8844180,-0.0172087,6.7934136,4.2803337,0.5840,1.4180
211.3794401,123.6319749,49.9234405,1.8796593,-0.0144895,6.9797711,4.3171605,0.5855,1.4211
211.6792691,123.3416364,49.8314644,1.8756374,-0.0119561,7.1628224,4.2711359,0.5759,1.4279
211.9790981,123.0589374,49.7430340,1.8723738,-0.0101361,7.3394308,4.2197745,0.5663,1.4346
212.2789271,122.7735900,49.6547195,1.8695975,-0.0084745,7.5098380,4.1690308,0.5567,1.4414
212.5787561,122.4850442,49.5662193,1.8672777,-0.0069167,7.6744810,4.1188972,0.5467,1.4465
212.8785851,122.1962384,49.4782997,1.8654060,-0.0055923,7.8337468,4.0693665,0.5360,1.4491
213.1784141,121.9115241,49.3921504,1.8638784,-0.0046886,7.9879795,4.0204315,0.5253,1.4518
213.4782431,121.6245014,49.3057413,1.8626026,-0.0038324,8.1374874,3.9720849,0.5146,1.4544
213.7780721,121.3354143,49.2190742,1.8615702,-0.0030161,8.2825475,3.9243197,0.5116,1.4610
214.0779011,121.0476467,49.1330885,1.8607684,-0.0024115,8.4234104,3.8771288,0.5138,1.4702
214.3777300,120.7612809,49.0477477,1.8601106,-0.0019941,8.5603034,3.8305055,0.5160,1.4793
214.6775590,120.4736519,48.9622176,1.8595730,-0.0015917,8.6934336,3.7844428,0.5181,1.4885
214.9773880,120.1850031,48.8765346,1.8591528,-0.0012012,8.8229903,3.7389340,0.5095,1.4985
215.2772170,119.8972840,48.7912414,1.8588398,-0.0009188,8.9491474,3.6939725,0.4968,1.5089
215.5770460,119.6098874,48.7061301,1.8585986,-0.0006910,9.0720648,3.6495516,0.4841,1.5192
215.8768750,119.3222057,48.6209992,1.8584251,-0.0004666,9.1918901,3.6056649,0.4713,1.5296
216.1767040,119.0344777,48.5358984,1.8583185,-0.0002438,9.3087598,3.5623060,0.4631,1.5376
216.4765330,118.7461529,48.4506444,1.8582739,-0.0000620,9.4228007,3.5194684,0.4559,1.5449
216.7763620,118.4580557,48.3654636,1.8582810,0.0001097,9.5341309,3.4771460,0.4487,1.5523
217.0761910,118.1706596,48.2804798,1.8583398,0.0002838,9.6428600,3.4353326,0.4415,1.5597
217.3760200,117.8842197,48.1957522,1.8584511,0.0004619,9.7490909,3.3940219,0.4360,1.5652
217.6758490,117.5947055,48.1100642,1.8586948,0.0012037,9.8529197,3.3532080,0.4306,1.5706
217.9756780,117.3062920,48.0245881,1.8591792,0.0020222,9.9544364,3.3128849,0.4252,1.5760
218.2755070,117.0196437,47.9394458,1.8599100,0.0028721,10.0537258,3.2730467,0.4200,1.5812
218.5753359,116.7342184,47.8544002,1.8608956,0.0036839,10.1508675,3.2336876,0.4204,1.5808
218.8751649,116.4443091,47.7676773,1.8620379,0.0038666,10.2459366,3.1948018,0.4207,1.5805
219.1749939,116.1566770,47.6812702,1.8632268,0.0040509,10.3390041,3.1563836,0.4211,1.5801
219.4748229,115.8712364,47.5951441,1.8644621,0.0042362,10.4301369,3.1184273,0.4218,1.5790
219.7746519,115.5850036,47.5083840,1.8657520,0.0043383,10.5193986,3.0809275,0.4234,1.5759
220.0744809,115.2964612,47.4205139,1.8670562,0.0043084,10.6068492,3.0438787,0.4250,1.5728
220.3743099,115.0099608,47.3328600,1.8683418,0.0042719,10.6925458,3.0072754,0.4266,1.5696
220.6741389,114.7254169,47.2454076,1.8696072,0.0042286,10.7765427,2.9711122,0.4290,1.5715
220.9739679,114.4377708,47.1566028,1.8708774,0.0042179,10.8588914,2.9353839,0.4320,1.5771
221.2737969,114.1506016,47.0675459,1.8721450,0.0042131,10.9396412,2.9000852,0.4349,1.5828
221.5736259,113.8652335,46.9786524,1.8734029,0.0042032,11.0188388,2.8652110,0.4379,1.5884
221.8734549,113.5802278,46.8894791,1.8746553,0.0041701,11.0965290,2.8307562,0.4453,1.5744
222.1732839,113.2927308,46.7991318,1.8758978,0.0040744,11.1727544,2.7967157,0.4528,1.5598
222.4731129,113.0068593,46.7089106,1.8771039,0.0039712,11.2475559,2.7630846,0.4603,1.5451
222.7729419,112.7225270,46.6188038,1.8782721,0.0038603,11.3209726,2.7298579,0.4684,1.5373
223.0727708,112.4360308,46.5276470,1.8794117,0.0037134,11.3930418,2.6970307,0.4773,1.5391
223.3725998,112.1499151,46.4362596,1.8805028,0.0035505,11.4637994,2.6645983,0.4862,1.5410
223.6724288,111.8651307,46.3449634,1.8815393,0.0033799,11.5332799,2.6325559,0.4951,1.5428
223.9722578,111.5802010,46.2533029,1.8825235,0.0031859,11.6015162,2.6008988,0.5021,1.5262
224.2720868,111.2940537,46.1609491,1.8834472,0.0029565,11.6685401,2.5696224,0.5090,1.5085
224.5719158,111.0090164,46.0686742,1.8842977,0.0027196,11.7343821,2.5387221,0.5158,1.4907
224.8717448,110.7250019,45.9764752,1.8850735,0.0024755,11.7990715,2.5081934,0.5248,1.4820
225.1715738,110.4389802,45.8833906,1.8857750,0.0021878,11.8626365,2.4780318,0.5357,1.4820
225.4714028,110.1538350,45.7903840,1.8863873,0.0018936,11.9251045,2.4482329,0.5467,1.4820
225.7712318,109.8694833,45.6974578,1.8869090,0.0015935,11.9865016,2.4187924,0.5574,1.4797
226.0710608,109.5844033,45.6041432,1.8873389,0.0012650,12.0468530,2.3897059,0.5660,1.4600
226.3708898,109.2992497,45.5106847,1.8876669,0.0009202,12.1061833,2.3609691,0.5747,1.4403
226.6707188,109.0146541,45.4173222,1.8878904,0.0005712,12.1645159,2.3325779,0.5833,1.4206
226.9705478,108.7300330,45.3238974,1.8880081,0.0002076,12.2218737,2.3045281,0.5930,1.4160
227.2703767,108.4449292,45.2302947,1.8880125,-0.0001788,12.2782786,2.2768157,0.6030,1.4162
227.5702057,108.1601484,45.1368149,1.8879008,-0.0005671,12.3337519,2.2494364,0.6130,1.4165
227.8700347,107.8755645,45.0434534,1.8876726,-0.0009589,12.3883142,2.2223865,0.6227,1.4075
228.1698637,107.5905373,44.9500375,1.8873221,-0.0013782,12.4419854,2.1956618,0.6321,1.3855
228.4696927,107.3056014,44.8567819,1.8868461,-0.0017973,12.4947848,2.1692584,0.6414,1.3636
228.7695217,107.0206810,44.7637014,1.8862446,-0.0022153,12.5467310,2.1431726,0.6501,1.3434
229.0693507,106.7357274,44.6708195,1.8855158,-0.0026522,12.5978423,2.1174005,0.6519,1.3406
229.3691797,106.4506469,44.5781468,1.8846548,-0.0030919,12.6481361,2.0919382,0.6538,1.3378
229.6690087,106.1653589,44.4856991,1.8836620,-0.0035281,12.6976295,2.0667822,0.6557,1.3351
229.9688377,105.8801456,44.3936088,1.8825386,-0.0039757,12.7463389,2.0419287,0.6765,1.3252
230.2686667,105.5949248,44.3018912,1.8812788,-0.0044332,12.7942806,1.9916794,0.7031,1.3132
230.5684957,105.3092768,44.2104548,1.8798813,-0.0048845,12.8408700,1.8880227,0.7297,1.3011
230.8683247,105.0234180,44.1194125,1.8783491,-0.0053308,12.8848791,1.7856974,0.7500,1.2841
231.1681537,104.7380485,44.0290279,1.8766863,-0.0057774,12.9263652,1.6838908,0.7622,1.2606
231.4679827,104.4520478,43.9389877,1.8748880,-0.0062162,12.9653645,1.5840485,0.7743,1.2371
231.7678116,104.1653532,43.8493164,1.8729558,-0.0066465,13.0019446,1.4863524,0.7868,1.2143
232.0676406,103.8795468,43.7605425,1.8709600,-0.0066533,13.0361753,1.4613970,0.8020,1.1977
232.3674696,103.5931681,43.6722161,1.8689711,-0.0066199,13.0697439,1.4436958,0.8173,1.1811
232.6672986,103.3060723,43.5842924,1.8669882,-0.0065885,13.1028214,1.4260088,0.8325,1.1646
232.9671276,103.0192875,43.4970837,1.8650173,-0.0065643,13.1354119,1.4073889,0.8332,1.1573
233.2669566,102.7325512,43.4105056,1.8630540,-0.0065452,13.1674978,1.3882405,0.8286,1.1536
233.5667856,102.4451458,43.3243404,1.8610929,-0.0065269,13.1990707,1.3692869,0.8239,1.1498
233.8666146,102.1574577,43.2387043,1.8591365,-0.0065076,13.2301387,1.3508402,0.8219,1.1463
234.1664436,101.8703649,43.1538546,1.8571920,-0.0064834,13.2607169,1.3335867,0.8247,1.1435
234.4662726,101.5826388,43.0694251,1.8552514,-0.0064602,13.2908355,1.3164528,0.8276,1.1406
234.7661016,101.2942904,42.9854199,1.8533145,-0.0064382,13.3205004,1.2994362,0.8305,1.1377
235.0659306,101.0066369,42.9022193,1.8513902,-0.0064142,13.3497172,1.2830711,0.8405,1.1277
235.3657596,100.7185897,42.8195042,1.8494715,-0.0063907,13.3785033,1.2669054,0.8510,1.1172
235.6655886,100.4299588,42.7372200,1.8475568,-0.0063682,13.4068662,1.2508536,0.8614,1.1068
235.9654175,100.1414253,42.6555593,1.8456506,-0.0063445,13.4348110,1.2353110,0.8707,1.0975
236.2652465,99.8530527,42.5745361,1.8437539,-0.0063195,13.4623516,1.2202968,0.8789,1.0893
236.5650755,99.5641334,42.4939494,1.8418620,-0.0062954,13.4895022,1.2053751,0.8870,1.0812
236.8649045,99.2747821,42.4138312,1.8399754,-0.0062720,13.5162674,1.1906087,0.8951,1.0731
237.1647335,98.9860783,42.3344764,1.8381015,-0.0062456,13.5426527,1.1766554,0.9013,1.0669
237.4645625,98.6968643,42.2555631,1.8362329,-0.0062202,13.5686784,1.1627794,0.9076,1.0606
237.7643915,98.4071506,42.1770940,1.8343696,-0.0061957,13.5943482,1.1489792,0.9139,1.0543
238.0642205,98.1177214,42.0992790,1.8325166,-0.0061693,13.6196658,1.1357953,0.9190,1.0492
238.3640495,97.8282047,42.0220141,1.8306720,-0.0061424,13.6446468,1.1229488,0.9234,1.0448
238.6638785,97.5382242,41.9451972,1.8288333,-0.0061164,13.6693003,1.1101626,0.9278,1.0404
238.9637075,97.2480381,41.8688955,1.8270019,-0.0060903,13.6936295,1.0976300,0.9319,1.0363
239.2635365,96.9582097,41.7932532,1.8251819,-0.0060619,13.7176416,1.0857807,0.9344,1.0338
239.5633655,96.6679527,41.7180621,1.8233685,-0.0060343,13.7413532,1.0739776,0.9369,1.0313
239.8631945,96.3772776,41.6433239,1.8215614,-0.0060077,13.7647669,1.0622196,0.9394,1.0288
240.1630234,96.0869362,41.5692289,1.8197655,-0.0059785,13.7878851,1.0511683,0.9460,1.0222
240.4628524,95.7963917,41.4956363,1.8179780,-0.0059493,13.8107247,1.0403230,0.9547,1.0135
240.7626814,95.5054638,41.4224986,1.8161976,-0.0059211,13.8332916,1.0295098,0.9634,1.0048
241.0625104,95.2144428,41.3498868,1.8144258,-0.0058922,13.8555877,1.0190160,0.9736,0.9961
241.3623394,94.9235989,41.2778647,1.8126650,-0.0058614,13.8776212,1.0091039,0.9913,0.9872
241.6621684,94.6324058,41.2062988,1.8109119,-0.0058314,13.8994060,0.9992117,1.0090,0.9782
241.9619974,94.3408744,41.1351903,1.8091664,-0.0058023,13.9209437,0.9893391,1.0267,0.9693
242.2618264,94.0496335,41.0646893,1.8074325,-0.0057702,13.9422358,0.9802336,1.0309,0.9685
242.5616554,93.7581619,40.9946659,1.8057076,-0.0057385,13.9632999,0.9712405,1.0283,0.9717
242.8614844,93.4663859,40.9251001,1.8039909,-0.0057076,13.9841394,0.9622559,1.0257,0.9750
243.1613134,93.1745562,40.8560493,1.8022839,-0.0056758,14.0047556,0.9536300,1.0236,0.9793
243.4611424,92.8827917,40.7875380,1.8005879,-0.0056423,14.0251571,0.9455156,1.0251,0.9900
243.7609714,92.5907564,40.7194841,1.7989009,-0.0056096,14.0453557,0.9373997,1.0265,1.0007
244.0608004,92.2984611,40.6518879,1.7972228,-0.0055777,14.0653524,0.9292824,1.0279,1.0114
244.3606294,92.0063561,40.5848501,1.7955564,-0.0055426,14.0851478,0.9219677,1.0189,1.0138
244.6604583,91.7140462,40.5182763,1.7939000,-0.0055079,14.1047600,0.9147026,1.0035,1.0112
244.9602873,91.4215097,40.4521590,1.7922532,-0.0054741,14.1241907,0.9074272,0.9881,1.0087
245.2601163,91.1289168,40.3865335,1.7906168,-0.0054392,14.1434405,0.9005302,0.9761,1.0054
245.5599453,90.8363162,40.3214073,1.7889919,-0.0054026,14.1625181,0.8941001,0.9946,0.9955
245.8597743,90.5435223,40.2567357,1.7873773,-0.0053668,14.1814341,0.8876517,1.0130,0.9856
246.1596033,90.2505461,40.1925181,1.7857729,-0.0053318,14.2001887,0.8811856,1.0315,0.9758
246.4594323,89.9576281,40.1288039,1.7841803,-0.0052933,14.2187823,0.8755406,1.0339,0.9771
246.7592613,89.6645598,40.0655439,1.7825990,-0.0052555,14.2372327,0.8699058,1.0242,0.9868
247.0590903,89.3713426,40.0027352,1.7810286,-0.0052184,14.2555407,0.8642467,1.0145,0.9965
247.3589193,89.0780444,39.9403890,1.7794695,-0.0051799,14.2737064,0.8589749,1.0048,1.0058
247.6587483,88.7846841,39.8785056,1.7779225,-0.0051400,14.2917383,0.8541426,0.9954,1.0029
247.9585773,88.4912081,39.8170701,1.7763872,-0.0051007,14.3096463,0.8492801,0.9860,0.9999
248.2584063,88.1976275,39.7560812,1.7748636,-0.0050621,14.3274302,0.8443886,0.9766,0.9970
248.5582353,87.9039569,39.6955384,1.7733521,-0.0050201,14.3450898,0.8403291,0.9779,1.0004
248.8580642,87.6102041,39.6354395,1.7718531,-0.0049786,14.3626429,0.8362550,0.9900,1.0101
249.1578932,87.3163801,39.5757828,1.7703666,-0.0049377,14.3800896,0.8321475,1.0020,1.0198
249.4577222,87.0224402,39.5165556,1.7688922,-0.0048955,14.3974297,0.8284352,1.0141,1.0295
249.7575512,86.7283919,39.4577556,1.7674308,-0.0048517,14.4146717,0.8251435,1.0040,1.0243
250.0573802,86.4343061,39.3993928,1.7659826,-0.0048085,14.4318247,0.8218149,0.9932,1.0186
250.3572092,86.1401939,39.3414654,1.7645476,-0.0047659,14.4488882,0.8184512,0.9823,1.0129
250.6570382,85.8458327,39.2839258,1.7631251,-0.0047197,14.4658619,0.8159335,0.9769,1.0152
250.9568672,85.5514662,39.2268175,1.7617168,-0.0046741,14.4827636,0.8133818,0.9787,1.0280
251.2566962,85.2571073,39.1701387,1.7603224,-0.0046290,14.4995929,0.8107929,0.9806,1.0409
251.5565252,84.9625868,39.1138525,1.7589412,-0.0045824,14.5163491,0.8086159,0.9824,1.0537
251.8563542,84.6679207,39.0579581,1.7575741,-0.0045343,14.5330411,0.8068395,0.9750,1.0507
252.1561832,84.3732962,39.0024864,1.7562219,-0.0044866,14.5496774,0.8050253,0.9667,1.0459
252.4560122,84.0787137,38.9474328,1.7548844,-0.0044394,14.5662573,0.8031957,0.9584,1.0411
252.7558412,83.7837289,38.8927102,1.7535601,-0.0043886,14.5827808,0.8022034,0.9484,1.0424
253.0556702,83.4888199,38.8384032,1.7522516,-0.0043383,14.5992652,0.8011737,0.9358,1.0537
253.3554991,83.1939984,38.7845086,1.7509589,-0.0042884,14.6157098,0.8001091,0.9231,1.0651
253.6553281,82.8989489,38.7309643,1.7496805,-0.0042368,14.6321142,0.7994852,0.9105,1.0764
253.9551571,82.6037367,38.6777778,1.7484176,-0.0041837,14.6484874,0.7992259,0.9133,1.0844
254.2549861,82.3086468,38.6249955,1.7471714,-0.0041311,14.6648370,0.7989347,0.9187,1.0918
254.5548151,82.0136373,38.5726044,1.7459414,-0.0040785,14.6811625,0.7986841,0.9241,1.0992
254.8546441,81.7181029,38.5204928,1.7447260,-0.0040222,14.6974647,0.7992853,0.9228,1.1049
255.1544731,81.4227262,38.4687763,1.7435282,-0.0039662,14.7137612,0.7998561,0.9083,1.1074
255.4543021,81.1275188,38.4174513,1.7423481,-0.0039106,14.7300512,0.8003998,0.8939,1.1099
255.7541311,80.8319743,38.3664244,1.7411837,-0.0038535,14.7463342,0.8013228,0.8794,1.1123
256.0539601,80.5362935,38.3157259,1.7400364,-0.0037954,14.7626181,0.8024872,0.8642,1.1157
256.3537891,80.2408172,38.2654086,1.7389075,-0.0037376,14.7789076,0.8036389,0.8488,1.1193
256.6536181,79.9454023,38.2154421,1.7377963,-0.0036788,14.7952026,0.8050505,0.8334,1.1230
256.9534471,79.6493967,38.1657115,1.7367019,-0.0036137,14.8115082,0.8078741,0.8249,1.1278
257.2532761,79.3536336,38.1163513,1.7356280,-0.0035489,14.8278529,0.8106613,0.8299,1.1349
257.5531050,79.0581269,38.0673569,1.7345746,-0.0034843,14.8442360,0.8134175,0.8349,1.1421
257.8529340,78.7621125,38.0185960,1.7335375,-0.0034340,14.8606566,0.8130542,0.8399,1.1492
258.1527630,78.4660645,37.9701429,1.7325141,-0.0033887,14.8770518,0.8116155,0.8392,1.1523
258.4525920,78.1702848,37.9220421,1.7315055,-0.0033430,14.8933999,0.8103549,0.8375,1.1547
258.7524210,77.8744674,37.8742393,1.7305105,-0.0033004,14.9097048,0.8084423,0.8359,1.1570
259.0522500,77.5781661,37.8266593,1.7295251,-0.0032664,14.9259534,0.8047034,0.8292,1.1605
259.3520790,77.2821119,37.7794164,1.7285511,-0.0032316,14.9421094,0.8012132,0.8142,1.1658
259.6519080,76.9862933,37.7325049,1.7275884,-0.0031961,14.9581779,0.7979667,0.7992,1.1711
259.9517370,76.6898996,37.6857932,1.7266345,-0.0031624,14.9741642,0.7944101,0.7842,1.1764
260.2515660,76.3936036,37.6393850,1.7256912,-0.0031284,14.9900623,0.4970041,0.7940,1.1818
260.5513950,76.0975124,37.5932933,1.7247589,-0.0030937,15.0000000,0.0000000,0.8061,1.1872
260.8512240,75.8012486,37.5474560,1.7238366,-0.0030610,15.0000000,0.0000000,0.8181,1.1926
261.1510530,75.5047492,37.5018610,1.7229229,-0.0030304,15.0000000,0.0000000,0.8162,1.1960
261.4508820,75.2084241,37.4565683,1.7220191,-0.0029992,15.0000000,0.0000000,0.7986,1.1970
261.7507110,74.9122168,37.4115661,1.7211253,-0.0029678,15.0000000,0.0000000,0.7810,1.1980
262.0505399,74.6155511,37.3667644,1.7202390,-0.0029401,15.0000000,0.0000000,0.7640,1.1992
262.3503689,74.3190276,37.3222515,1.7193616,-0.0029119,15.0000000,0.0000000,0.7699,1.2069
262.6501979,74.0226351,37.2780228,1.7184933,-0.0028831,15.0000000,0.0000000,0.7758,1.2147
262.9500269,73.7260067,37.2340209,1.7176328,-0.0028570,15.0000000,0.0000000,0.7817,1.2224
263.2498559,73.4293200,37.1902702,1.7167797,-0.0028320,15.0000000,0.0000000,0.7735,1.2254
263.5496849,73.1327315,37.1467912,1.7159346,-0.0028064,15.0000000,0.0000000,0.7556,1.2251
263.8495139,72.8361144,37.1035629,1.7150972,-0.0027817,15.0000000,0.0000000,0.7377,1.2248
264.1493429,72.5392992,37.0605585,1.7142663,-0.0027598,15.0000000,0.0000000,0.7255,1.2254
264.4491719,72.2425483,37.0178141,1.7134422,-0.0027374,15.0000000,0.0000000,0.7418,1.2307
264.7490009,71.9458503,36.9753258,1.7126251,-0.0027145,15.0000000,0.0000000,0.7582,1.2360
265.0488299,71.6489616,36.9330568,1.7118140,-0.0026955,15.0000000,0.0000000,0.7746,1.2413
265.3486589,71.3520819,36.8910339,1.7110086,-0.0026764,15.0000000,0.0000000,0.7568,1.2478
265.6484879,71.0552205,36.8492565,1.7102092,-0.0026569,15.0000000,0.0000000,0.7268,1.2546
265.9483169,70.7583030,36.8077124,1.7094154,-0.0026394,15.0000000,0.0000000,0.6969,1.2614
266.2481458,70.4613274,36.7663998,1.7086263,-0.0026237,15.0000000,0.0000000,0.6784,1.2657
266.5479748,70.1643352,36.7253229,1.7078421,-0.0026075,15.0000000,0.0000000,0.6844,1.2645
266.8478038,69.8673182,36.6844793,1.7070628,-0.0025917,15.0000000,0.0000000,0.6904,1.2632
267.1476328,69.5702793,36.6438678,1.7062877,-0.0025793,15.0000000,0.0000000,0.6965,1.2619
267.4474618,69.2731885,36.6034832,1.7055163,-0.0025665,15.0000000,0.0000000,0.7122,1.2710
267.7472908,68.9760338,36.5633228,1.7047487,-0.0025532,15.0000000,0.0000000,0.7290,1.2814
268.0471198,68.6789305,36.5234010,1.7039849,-0.0025433,15.0000000,0.0000000,0.7458,1.2918
268.3469488,68.3817731,36.4837025,1.7032238,-0.0025339,15.0000000,0.0000000,0.7568,1.2971
268.6467778,68.0845164,36.4442206,1.7024654,-0.0025241,15.0000000,0.0000000,0.7613,1.2969
268.9466068,67.7872724,36.4049693,1.7017100,-0.0025158,15.0000000,0.0000000,0.7658,1.2966
269.2464358,67.4900806,36.3659529,1.7009568,-0.0025098,15.0000000,0.0000000,0.7681,1.2966
269.5462648,67.1927537,36.3271463,1.7002052,-0.0025034,15.0000000,0.0000000,0.7282,1.3000
269.8460938,66.8952948,36.2885496,1.6994553,-0.0024968,15.0000000,0.0000000,0.6884,1.3034
270.1459228,66.5981005,36.2502135,1.6987075,-0.0024942,15.0000000,0.0000000,0.6485,1.3067
270.4457517,66.3007356,36.2120814,1.6979602,-0.0024912,15.0000000,0.0000000,0.6339,1.3075
270.7455807,66.0031881,36.1741518,1.6972134,-0.0024879,15.0000000,0.0000000,0.6349,1.3065
271.0454097,65.7058207,36.1364705,1.6964680,-0.0024871,15.0000000,0.0000000,0.6358,1.3056
271.3452387,65.4084500,36.0990141,1.6957225,-0.0024875,15.0000000,0.0000000,0.6367,1.3051
271.6450677,65.1108614,36.0617556,1.6949764,-0.0024874,15.0000000,0.0000000,0.6377,1.3060
271.9448967,64.8132269,36.0247169,1.6942304,-0.0024882,15.0000000,0.0000000,0.6387,1.3069
272.2447257,64.5158828,35.9879396,1.6934843,-0.0024919,15.0000000,0.0000000,0.6398,1.3078
272.5445547,64.2182860,35.9513566,1.6927366,-0.0024953,15.0000000,0.0000000,0.6396,1.3084
272.8443837,63.9204245,35.9149674,1.6919874,-0.0024982,15.0000000,0.0000000,0.6390,1.3090
273.1442127,63.6230177,35.8788599,1.6912381,-0.0025045,15.0000000,0.0000000,0.6385,1.3095
273.4440417,63.3254458,35.8429589,1.6904864,-0.0025111,15.0000000,0.0000000,0.6377,1.3103
273.7438707,63.0275750,35.8072494,1.6897322,-0.0025173,15.0000000,0.0000000,0.6364,1.3116
274.0436997,62.7298358,35.7717837,1.6889764,-0.0025250,15.0000000,0.0000000,0.6350,1.3130
274.3435287,62.4323224,35.7365732,1.6882184,-0.0025348,15.0000000,0.0000000,0.6337,1.3143
274.6433577,62.1344766,35.7015528,1.6874568,-0.0025442,15.0000000,0.0000000,0.6317,1.3163
274.9431866,61.8363157,35.6667261,1.6866917,-0.0025532,15.0000000,0.0000000,0.6296,1.3184
275.2430156,61.5388948,35.6322167,1.6859253,-0.0025661,15.0000000,0.0000000,0.6275,1.3205
275.5428446,61.2411087,35.5978968,1.6851542,-0.0025786,15.0000000,0.0000000,0.6250,1.3230
275.8426736,60.9429457,35.5637672,1.6843785,-0.0025906,15.0000000,0.0000000,0.6221,1.3259
276.1425026,60.6451390,35.5299127,1.6836001,-0.0026047,15.0000000,0.0000000,0.6192,1.3288
276.4423316,60.3474479,35.4963068,1.6828174,-0.0026202,15.0000000,0.0000000,0.6162,1.3318
276.7421606,60.0493484,35.4628918,1.6820292,-0.0026351,15.0000000,0.0000000,0.6126,1.3354
277.0419896,59.7510279,35.4296909,1.6812360,-0.0026502,15.0000000,0.0000000,0.6089,1.3391
277.3418186,59.4534677,35.3968139,1.6804399,-0.0026687,15.0000000,0.0000000,0.6053,1.3427
277.6416476,59.1554685,35.3641296,1.6796371,-0.0026866,15.0000000,0.0000000,0.6010,1.3465
277.9414766,58.8570188,35.3316393,1.6788279,-0.0027040,15.0000000,0.0000000,0.5958,1.3502
278.2413056,58.5591384,35.2994554,1.6780150,-0.0027237,15.0000000,0.0000000,0.5905,1.3540
278.5411346,58.2612771,35.2675193,1.6771960,-0.0027441,15.0000000,-5.9095325,0.5853,1.3577
278.8409636,57.9629359,35.2357801,1.6763697,-0.0027639,14.8814079,-9.7236842,0.5801,1.3630
279.1407925,57.6644266,35.2042734,1.6755371,-0.0027842,14.6841893,-9.6189870,0.5749,1.3685
279.4406215,57.3667409,35.1731048,1.6747001,-0.0028085,14.4864528,-9.5157617,0.5697,1.3740
279.7404505,57.0685474,35.1421366,1.6738546,-0.0028321,14.2881459,-9.4139790,0.5644,1.3800
280.0402795,56.7698354,35.1113712,1.6730007,-0.0028551,14.0892138,-9.3135813,0.5588,1.3867
280.3401085,56.4718241,35.0809357,1.6721420,-0.0028776,13.8895997,-9.2145601,0.5533,1.3934
280.6399375,56.1738184,35.0507604,1.6712768,-0.0028996,13.6892438,-9.1169007,0.5477,1.4001
280.9397665,55.8752675,35.0207920,1.6704035,-0.0029209,13.4880827,-9.0199709,0.5409,1.4071
281.2395955,55.5764864,34.9910651,1.6695233,-0.0029450,13.2860632,-8.9215888,0.5337,1.4143
281.5394245,55.2787097,34.9617037,1.6686361,-0.0029851,13.0831791,-8.8247598,0.5265,1.4215
281.8392535,54.9803619,34.9325553,1.6677353,-0.0030243,12.8793531,-8.7294493,0.5192,1.4288
282.1390825,54.6814321,34.9036239,1.6668212,-0.0030627,12.6745040,-8.6408024,0.5111,1.4369
282.4389115,54.3831677,34.8750332,1.6659011,-0.0030666,12.4684212,-8.5560973,0.5031,1.4449
282.7387405,54.0850576,34.8467336,1.6649852,-0.0030503,12.2609459,-8.4720927,0.4951,1.4529
283.0385695,53.7863508,34.8186529,1.6640725,-0.0030340,12.0519889,-8.3923931,0.4865,1.4615
283.3383985,53.4871687,34.7908024,1.6631636,-0.0029915,11.8413627,-8.3689376,0.4775,1.4705
283.6382274,53.1894035,34.7633476,1.6623379,-0.0025317,11.6275264,-8.3407548,0.4686,1.4794
283.9380564,52.8909975,34.7360617,1.6616478,-0.0020750,11.4104238,-8.3078944,0.4597,1.4883
284.2378854,52.5919090,34.7089012,1.6610927,-0.0016222,11.1899899,-8.2876533,0.4488,1.4974
284.5377144,52.2930960,34.6819120,1.6606834,-0.0010287,10.9656791,-8.2799355,0.4379,1.5065
284.8375434,51.9947869,34.6550604,1.6604883,-0.0002763,10.7368984,-8.1617878,0.4269,1.5156
285.1373724,51.6960132,34.6281919,1.6605174,0.0004697,10.5065078,-7.9894448,0.4260,1.5188
285.4372014,51.3969601,34.6012559,1.6607701,0.0012133,10.2759804,-7.7704284,0.4427,1.5116
285.7370304,51.0979974,34.5742122,1.6613163,0.0025134,10.0466996,-7.5548074,0.4593,1.5044
286.0368594,50.7991871,34.5469549,1.6622819,0.0039258,9.8186492,-7.3521084,0.4759,1.4972
286.3366884,50.5007136,34.5193740,1.6636724,0.0053562,9.5915130,-7.1727703,0.4765,1.5042
286.6365174,50.2022757,34.4913128,1.6654914,0.0066803,9.3646096,-7.0427369,0.4703,1.5173
286.9363464,49.9027692,34.4625490,1.6676332,0.0075615,9.1363384,-6.9185899,0.4641,1.5305
287.2361754,49.6042189,34.4331921,1.6700375,0.0084732,8.9063961,-6.8000791,0.4581,1.5436
287.5360044,49.3068047,34.4031847,1.6727109,0.0094207,8.6744550,-6.7262857,0.4569,1.5573
287.8358333,49.0078452,34.3721711,1.6756381,0.0098547,8.4387617,-6.6770079,0.4557,1.5711
288.1356623,48.7086732,34.3402396,1.6786214,0.0099803,8.1980960,-6.6277946,0.4545,1.5848
288.4354913,48.4111355,34.3075809,1.6816300,0.0101254,7.9520040,-6.5840232,0.4521,1.5952
288.7353203,48.1148311,34.2741499,1.6846723,0.0102026,7.6997536,-6.5840772,0.4483,1.6011
289.0351493,47.8148087,34.2393809,1.6876233,0.0093336,7.4389523,-6.5932407,0.4444,1.6070
289.3349783,47.5167727,34.2039931,1.6902913,0.0084401,7.1682859,-6.5944437,0.4406,1.6129
289.6348073,47.2207495,34.1680862,1.6926717,0.0075204,6.8869377,-6.5945695,0.4449,1.6215
289.9346363,46.9228398,34.1312738,1.6947332,0.0059926,6.5935897,-6.6114814,0.4502,1.6305
290.2344653,46.6244645,34.0938599,1.6962434,0.0040366,6.2857615,-6.6329166,0.4556,1.6395
290.5342943,46.3277854,34.0562942,1.6971496,0.0020115,5.9609828,-6.4985282,0.4576,1.6443
290.8341233,46.0314522,34.0185882,1.6975879,0.0042954,5.6246264,-5.9481791,0.4553,1.6434
291.1339523,45.7327447,33.9800475,1.7015203,0.0218996,5.2980703,-5.5072940,0.4530,1.6426
291.4337813,45.4356832,33.9397287,1.7107768,0.0399471,4.9766511,-5.1673657,0.4499,1.6404
291.7336103,45.1405909,33.8960793,1.7254428,0.0584797,4.6549333,-4.0934618,0.4402,1.6263
292.0334393,44.8414697,33.8459334,1.7515945,0.1192814,4.3833465,-3.0216572,0.4305,1.6122
292.3332682,44.5465251,33.7854486,1.7981412,0.1912052,4.1715424,-1.9359091,0.4208,1.5981
292.6330972,44.2595614,33.7092481,1.8664688,0.2702918,4.0299978,-1.3432903,0.4371,1.5642
292.9329262,43.9757383,33.6088701,1.9573962,0.3217444,3.9287870,-0.9474349,0.4557,1.5286
293.2327552,43.7025563,33.4812743,2.0600372,0.3598992,3.8558048,-0.4046666,0.4742,1.4930
293.5325842,43.4485263,33.3273415,2.1732619,0.4026516,3.8242083,-0.2897887,0.5892,1.3734
293.8324132,43.2129629,33.1428058,2.2979594,0.4152021,3.8014201,-0.2897887,0.7123,1.2467
294.1322422,43.0004904,32.9287248,2.4214278,0.4044546,3.7784945,-0.0607107,0.8578,1.1031
294.4320712,42.8178176,32.6933729,2.5416604,0.4041660,3.7736740,-0.0411462,1.1058,0.8822
294.7319002,42.6627879,32.4339415,2.6638254,0.3960744,3.7704034,0.0843500,1.3538,0.6613
295.0317292,42.5393124,32.1562905,2.7817454,0.3820836,3.7771051,0.2629022,1.4576,0.5409
295.3315582,42.4512844,31.8753260,2.8944055,0.3864157,3.7979171,0.1370174,1.5059,0.4593
295.6313872,42.3945264,31.5782756,3.0095706,0.3579036,3.8087186,0.5172276,1.4754,0.4923
295.9312162,42.3699866,31.2797670,3.1055128,0.2769425,3.8492204,1.5995597,1.3719,0.6314
296.2310452,42.3698645,30.9871857,-3.1110625,0.1946799,3.9718618,2.6124339,1.2267,0.8037
296.5308741,42.3879230,30.6931933,-3.0476584,0.2304573,4.1644031,1.6555779,1.0272,1.0192
296.8307031,42.4267140,30.3944928,-2.9772078,0.2312808,4.2819427,1.3917771,0.8455,1.2131
297.1305321,42.4843750,30.1068966,-2.9097268,0.2394805,4.3783129,1.0248315,0.7358,1.3197
297.4303611,42.5628005,29.8218341,-2.8353564,0.2628593,4.4479402,0.4028054,0.6262,1.4263
297.7301901,42.6687507,29.5299248,-2.7504448,0.2830058,4.4750103,-0.0689795,0.5492,1.4917
298.0300191,42.7911596,29.2641483,-2.6719755,0.2406530,4.4703863,0.7899495,0.4996,1.5226
298.3298481,42.9336851,29.0048829,-2.6083819,0.1911207,4.5230579,1.6797872,0.4499,1.5536
298.6296771,43.0971507,28.7443843,-2.5560678,0.1507027,4.6330714,2.3346588,0.4202,1.5778
298.9295061,43.2685198,28.4974127,-2.5151461,0.1256804,4.7817724,2.6677444,0.4208,1.5917
299.2293351,43.4448672,28.2626033,-2.4804349,0.1112116,4.9462189,2.7885899,0.4214,1.6056
299.5291641,43.6339607,28.0274706,-2.4487677,0.0990888,5.1124634,2.8859444,0.4220,1.6195
299.8289931,43.8350329,27.7923987,-2.4197406,0.0889136,5.2790019,2.9633197,0.4393,1.6015
300.1288221,44.0321076,27.5742019,-2.3945922,0.0825410,5.4447075,2.9586036,0.4608,1.5756
300.4286511,44.2365083,27.3587109,-2.3708635,0.0773995,5.6052645,2.9381256,0.4824,1.5497
300.7284800,44.4495138,27.1443370,-2.3481473,0.0730718,5.7602830,2.9100238,0.5039,1.5238
301.0283090,44.6706763,26.9314521,-2.3262899,0.0694497,5.9098122,2.8740245,0.5600,1.4736
301.3281380,44.8877680,26.7309271,-2.3073729,0.0582785,6.0538675,3.1291861,0.6220,1.4192
301.6279670,45.1102360,26.5324637,-2.2916155,0.0475972,6.2069117,3.3937065,0.6840,1.3649
301.9277960,45.3378276,26.3351911,-2.2787873,0.0377224,6.3687374,3.6565618,0.7461,1.3105
302.2276250,45.5696362,26.1388545,-2.2687457,0.0284948,6.5386163,3.9243925,0.8140,1.2452
302.5274540,45.7998691,25.9471992,-2.2618791,0.0166916,6.7161593,4.3425482,0.8847,1.1745
302.8272830,46.0308223,25.7568945,-2.2587314,0.0044087,6.9073034,4.3432318,0.9555,1.1037
303.1271120,46.2628243,25.5662410,-2.2592205,-0.0076364,7.0933274,4.2910035,1.0263,1.0329
303.4269410,46.4948076,25.3747090,-2.2633203,-0.0196217,7.2724430,1.2034253,1.0951,0.9614
303.7267700,46.7259938,25.1815291,-2.2709957,-0.0309845,7.3218899,-4.8944604,1.1603,0.8887
304.0265990,46.9553393,24.9862242,-2.2819592,-0.0418697,7.1186424,-4.4082492,1.2256,0.8159
304.3264280,47.1815150,24.7886477,-2.2962200,-0.0531931,6.9304854,-3.9429333,1.2908,0.7431
304.6262570,47.4034931,24.5884072,-2.3138840,-0.0650982,6.7577523,-3.5528252,1.3544,0.6726
304.9260860,47.6216544,24.3837615,-2.3351839,-0.0762629,6.5982373,-3.3885347,1.3971,0.6299
305.2259149,47.8384771,24.1708467,-2.3593581,-0.0829731,6.4424199,-3.2116583,1.4397,0.5873
305.5257439,48.0479865,23.9545129,-2.3854569,-0.0905037,6.2911746,-3.0201241,1.4823,0.5447
305.8255729,48.2494323,23.7348841,-2.4136626,-0.0989533,6.1455542,-2.8251135,1.5250,0.5020
306.1254019,48.4427990,23.5112072,-2.4442936,-0.1080645,6.0061414,-2.7852716,1.5469,0.4801
306.4252309,48.6358213,23.2727375,-2.4782512,-0.1134953,5.8654517,-2.7198679,1.5670,0.4600
306.7250599,48.8176371,23.0315150,-2.5135048,-0.1201413,5.7247300,-2.6270258,1.5870,0.4400
307.0248889,48.9876836,22.7881510,-2.5503271,-0.1281713,5.5854468,-2.4989635,1.6070,0.4200
307.3247179,49.1472215,22.5402982,-2.5894980,-0.1379387,5.4496507,-2.2937888,1.5831,0.4439
307.6245469,49.3035463,22.2735815,-2.6340706,-0.1509077,5.3219549,-2.0177552,1.5591,0.4679
307.9243759,49.4438133,22.0067763,-2.6818835,-0.1669280,5.2070376,-1.6497353,1.5351,0.4919
308.2242049,49.5671739,21.7408421,-2.7335946,-0.1865774,5.1111607,-1.5605144,1.4870,0.5400
308.5240339,49.6789239,21.4600981,-2.7924086,-0.1963061,5.0187836,-1.5384999,1.4058,0.6212
308.8238629,49.7753656,21.1681732,-2.8525730,-0.1953307,4.9260141,-1.7292495,1.3246,0.7024
309.1236919,49.8512538,20.8830986,-2.9103377,-0.1967258,4.8196117,-1.8740824,1.2307,0.7918
309.4235208,49.9101473,20.5958646,-2.9684737,-0.1972869,4.7015794,-2.0055774,1.0945,0.9081
309.7233498,49.9539957,20.2928542,-3.0262357,-0.1766256,4.5718911,-2.6237580,0.9584,1.0245
310.0231788,49.9807599,19.9997052,-3.0729430,-0.1376722,4.3964566,-3.6962783,0.8227,1.1405
310.3230078,49.9954487,19.7071133,-3.1106855,-0.1546770,4.1367050,-2.6429542,0.6877,1.2558
310.6228368,49.9965396,19.4101162,3.1139761,-0.2362541,3.9404897,-2.1436311,0.5527,1.3711
310.9226658,49.9765104,19.1091552,3.0335493,-0.2908276,3.7738593,-1.7962806,0.4910,1.4567
311.2224948,49.9313783,18.8166106,2.9410417,-0.3393671,3.6283412,-1.1741648,0.4541,1.5322
311.5223238,49.8559250,18.5267118,2.8294946,-0.4073360,3.5299805,-0.2469124,0.4241,1.5970
311.8221528,49.7435585,18.2438349,2.6933888,-0.4873017,3.5089456,-0.2469124,0.4791,1.5297
312.1219818,49.5949560,17.9852374,2.5475764,-0.4787433,3.4877839,-0.0676818,0.5341,1.4623
312.4218108,49.4100201,17.7495058,2.4054985,-0.4717331,3.4819607,0.0375544,0.6135,1.3825
312.7216398,49.1922002,17.5411208,2.2621534,-0.4810340,3.4851930,-0.0864939,0.7474,1.2751
313.0214688,48.9486048,17.3671436,2.1217333,-0.4488711,3.4777440,0.3284960,0.8812,1.1678
313.3212978,48.6834388,17.2272710,1.9922999,-0.4160215,3.5059505,0.6399026,0.9614,1.0829
313.6211268,48.4025541,17.1214856,1.8706394,-0.3965888,3.5602544,0.7188881,0.9819,1.0229
313.9209557,48.1087237,17.0492248,1.7552216,-0.3607217,3.6202898,1.0093701,1.0025,0.9630
314.2207847,47.8100948,17.0095864,1.6520689,-0.3255190,3.7029415,1.2615875,1.0168,0.9639
314.5206137,47.5133512,16.9994213,1.5591717,-0.3020503,3.8037214,1.3397066,1.0275,1.0010
314.8204427,47.2065837,17.0167845,1.4714591,-0.2633568,3.9078974,1.6718535,1.0382,1.0380
315.1202717,46.9071427,17.0580181,1.3987779,-0.2171420,4.0341297,2.1398333,0.9664,1.0878
315.4201007,46.6242259,17.1157075,1.3427904,-0.1696861,4.1901516,2.6686721,0.8783,1.1402
315.7199297,46.3261745,17.1924381,1.2973834,-0.1199613,4.3769466,3.3176453,0.7946,1.1943
316.0197587,46.0427702,17.2762734,1.2728291,-0.0421751,4.5985991,4.6840453,0.7428,1.2608
316.3195877,45.7648734,17.3624584,1.2680442,-0.0263902,4.8944804,4.8196002,0.6911,1.3273
316.6194167,45.4833981,17.4523639,1.2528815,-0.0736010,5.1813175,3.4857475,0.6300,1.3888
316.9192457,45.1925821,17.5522970,1.2252653,-0.1029530,5.3792478,2.4406455,0.5533,1.4418
317.2190747,44.9255331,17.6533094,1.1918082,-0.1298870,5.5136068,1.4418308,0.4766,1.4948
317.5189037,44.6471881,17.7709053,1.1492717,-0.1505758,5.5914636,0.6653656,0.4309,1.5361
317.8187327,44.3677661,17.9044060,1.1001181,-0.1653757,5.6270291,-0.8742449,0.4270,1.5614
318.1185616,44.1116842,18.0427123,1.0506057,-0.1750411,5.5802517,-0.9177076,0.4231,1.5868
318.4183906,43.8544694,18.1993878,0.9962253,-0.1862017,5.5307231,-0.6061249,0.4355,1.5900
318.7182196,43.5993124,18.3754776,0.9365977,-0.1985083,5.4977659,-0.6061249,0.5116,1.5067
319.0180486,43.3685396,18.5557427,0.8789090,-0.1953009,5.4646100,-0.4309056,0.5877,1.4233
319.3178776,43.1444829,18.7526148,0.8209625,-0.1934961,5.4409160,-0.3218298,0.6638,1.3400
319.6177066,42.9281900,18.9662509,0.7622075,-0.1932007,5.4231521,-0.2719291,0.7409,1.2521
319.9175356,42.7269135,19.1897246,0.7044426,-0.1871328,5.4080971,-0.0596843,0.8184,1.1622
320.2173646,42.5420003,19.4195487,0.6512979,-0.1733360,5.4047872,0.3507594,0.8959,1.0722
320.5171936,42.3662100,19.6627131,0.6012429,-0.1604756,5.4242105,0.6884621,0.9735,0.9823
320.8170226,42.1995757,19.9185206,0.5540827,-0.1486582,5.4621334,0.9665039,1.0187,0.9496
321.1168516,42.0487068,20.1744113,0.5123616,-0.1296218,5.5149319,1.4477067,1.0611,0.9220
321.4166806,41.9083700,20.4348374,0.4772082,-0.1083626,5.5930852,1.9828110,1.1034,0.8944
321.7165096,41.7743416,20.7040564,0.4476110,-0.0887959,5.6983867,2.4654852,1.1458,0.8668
322.0163386,41.6455739,20.9811770,0.4232630,-0.0708679,5.8266679,2.9132142,1.1186,0.8990
322.3161676,41.5252822,21.2552347,0.4050916,-0.0488092,5.9746959,3.5418095,1.0859,0.9361
322.6159965,41.4096025,21.5296181,0.3940187,-0.0258759,6.1498671,4.2629117,1.0532,0.9732
322.9158255,41.2949861,21.8074823,0.3895181,-0.0042700,6.3543020,3.3564599,1.0204,1.0103
323.2156545,41.1799892,22.0872971,0.3913973,0.0166007,6.5107513,-5.3483209,0.9509,1.0859
323.5154835,41.0636287,22.3664447,0.3994976,0.0366853,6.2596101,-4.6784912,0.8712,1.1723
323.8153125,40.9446792,22.6431436,0.4134972,0.0563814,6.0313534,-4.0706650,0.7914,1.2587
324.1151415,40.8213088,22.9172046,0.4334993,0.0769053,5.8254800,-3.4971329,0.7117,1.3451
324.4149705,40.6922437,23.1870933,0.4597233,0.0986632,5.6426176,-2.9805479,0.6411,1.4181
324.7147995,40.5553679,23.4528467,0.4926334,0.1205283,5.4819544,-2.6552106,0.5759,1.4833
325.0146285,40.4062990,23.7182130,0.5318672,0.1375811,5.3347546,-2.3069785,0.5108,1.5484
325.3144575,40.2479460,23.9744688,0.5761053,0.1564471,5.2034804,-1.9288662,0.4456,1.6136
325.6142865,40.0796899,24.2201944,0.6257310,0.1771216,5.0911244,-1.5300438,0.4313,1.6267
325.9141155,39.9004159,24.4545818,0.6812544,0.1988371,5.0002045,-1.3512217,0.4500,1.6060
326.2139445,39.7005855,24.6859897,0.7440345,0.2122171,4.9185134,-1.1028722,0.4686,1.5853
326.5137735,39.4891476,24.9010901,0.8103913,0.2281724,4.8508173,-0.7733677,0.4872,1.5647
326.8136024,39.2667495,25.0983628,0.8809162,0.2466415,4.8027775,-0.4570706,0.5298,1.5155
327.1134314,39.0320910,25.2776627,0.9567152,0.2632435,4.7741581,-0.4570706,0.5763,1.4617
327.4132604,38.7741639,25.4445044,1.0360639,0.2537036,4.7453661,-0.1645976,0.6227,1.4079
327.7130894,38.5089592,25.5882891,1.1116082,0.2476660,4.7349549,-0.0022158,0.6589,1.3570
328.0129184,38.2398322,25.7093686,1.1843766,0.2462506,4.7348146,0.0298697,0.6855,1.3089
328.3127474,37.9551875,25.8129907,1.2584498,0.2353958,4.7367057,0.2686435,0.7120,1.2608
328.6125764,37.6556462,25.8981833,1.3275659,0.2086226,4.7536801,0.8324975,0.7575,1.2149
328.9124054,37.3661230,25.9609649,1.3857416,0.1841437,4.8059014,1.2837222,0.8141,1.1702
329.2122344,37.0817620,26.0067617,1.4353995,0.1630496,4.8853334,-0.1294208,0.8662,1.1259
329.5120634,36.7692212,26.0415053,1.4833758,0.1361460,4.8773840,-3.1209337,0.8975,1.0838
329.8118924,36.4797396,26.0618527,1.5148897,0.0744997,4.6816003,-4.8057424,0.9289,1.0417
330.1117214,36.1897475,26.0757709,1.5312709,0.0812795,4.3629783,-3.5813494,1.0471,0.9282
330.4115504,35.8926592,26.0826493,1.5681184,0.1632706,4.1095006,-2.9760829,1.1677,0.8128
330.7113794,35.5940748,26.0753005,1.6252136,0.2202683,3.8863046,-2.0909836,1.3709,0.6566
331.0112083,35.3043944,26.0489585,1.7017244,0.3023034,3.7214901,-1.5102714,1.5939,0.4906
331.3110373,35.0046734,25.9942423,1.8042930,0.3669156,3.5977551,-1.3482160,1.6262,0.4572
331.6108663,34.7158613,25.9077325,1.9210777,0.4033778,3.4835863,-0.9975969,1.5172,0.5220
331.9106953,34.4425478,25.7880712,2.0483768,0.4536441,3.3966390,-0.2286110,1.3870,0.6189
332.2105243,34.1836225,25.6293203,2.1969252,0.5263126,3.3763987,-0.2286110,1.1871,0.8218
332.5103533,33.9563360,25.4352064,2.3578096,0.5257183,3.3560363,-0.1470159,0.9873,1.0248
332.8101823,33.7623798,25.2079250,2.5113982,0.5041137,3.3428761,0.1425255,0.8246,1.1867
333.1100113,33.6034736,24.9513550,2.6624657,0.4986789,3.3556351,0.1589248,0.6724,1.3371
333.4098403,33.4858061,24.6773060,2.8074680,0.4612256,3.3698053,0.5347928,0.5421,1.4629
333.7096693,33.4067796,24.3891364,2.9380431,0.4139112,3.4170572,0.9329069,0.4946,1.4958
334.0094983,33.3637771,24.0905178,3.0573208,0.3786012,3.4979573,1.1221786,0.4471,1.5288
334.3093273,33.3550913,23.7903019,-3.1170512,0.3421158,3.5928580,1.3248912,0.4217,1.5475
334.6091563,33.3772158,23.4913500,-3.0202770,0.3043874,3.7017712,1.5541504,0.4210,1.5501
334.9089853,33.4266502,23.1952050,-2.9336330,0.2738922,3.8255809,1.6980842,0.4203,1.5527
335.2088143,33.5002180,22.9044772,-2.8549004,0.2526826,3.9564300,1.7307696,0.4305,1.5516
335.5086432,33.5953938,22.6206209,-2.7823054,0.2316456,4.0854875,1.7988376,0.4519,1.5464
335.8084722,33.7100979,22.3438204,-2.7163398,0.2083680,4.2154354,1.9409735,0.4734,1.5412
336.1083012,33.8413145,22.0756768,-2.6582678,0.1750684,4.3513005,2.3055978,0.4943,1.5327
336.4081302,33.9857785,21.8156094,-2.6131450,0.1283481,4.5073702,2.9850168,0.5135,1.5135
336.7079592,34.1417596,21.5585668,-2.5814761,0.0826983,4.7017417,3.7285297,0.5327,1.4943
337.0077882,34.3044299,21.3050034,-2.5628139,0.0476911,4.9337833,4.3509469,0.5519,1.4751
337.3076172,34.4678093,21.0585374,-2.5500501,0.0387146,5.1914640,4.4161240,0.5839,1.4327
337.6074462,34.6364922,20.8103346,-2.5397353,0.0301222,5.4405388,4.5148260,0.6204,1.3822
337.9072752,34.8101958,20.5596890,-2.5318040,0.0220008,5.6839083,4.6413598,0.6569,1.3317
338.2071042,34.9797062,20.3187123,-2.5252753,0.0227548,5.9236848,4.4978564,0.6934,1.2824
338.5069332,35.1530791,20.0757447,-2.5183101,0.0238990,6.1471308,4.3391572,0.7302,1.2591
338.8067622,35.3309117,19.8302783,-2.5109022,0.0249645,6.3552520,4.1817571,0.7670,1.2357
339.1065912,35.5091843,19.5880561,-2.5033899,0.0238205,6.5495688,4.1179439,0.8038,1.2124
339.4064202,35.6867552,19.3503360,-2.4968416,0.0203738,6.7354443,4.1659684,0.8386,1.1884
339.7062491,35.8680069,19.1107438,-2.4912049,0.0171982,6.9184078,4.2169706,0.8651,1.1616
340.0060781,36.0525882,18.8693692,-2.4864327,0.0142533,7.0988102,4.2711761,0.8916,1.1349
340.3059071,36.2347050,18.6332846,-2.4829254,0.0087187,7.2769740,4.2380812,0.9182,1.1082
340.6057361,36.4176680,18.3973776,-2.4812211,0.0027527,7.4495470,4.1871173,0.9439,1.0783
340.9055651,36.6022622,18.1597737,-2.4812607,-0.0029744,7.6162057,4.1367663,0.9675,1.0398
341.2053941,36.7878920,17.9203943,-2.4830067,-0.0085226,7.7773539,4.0870207,0.9912,1.0012
341.5052231,36.9700076,17.6842649,-2.4865986,-0.0155554,7.9333504,3.7588456,1.0148,0.9627
341.8050521,37.1518107,17.4462609,-2.4923007,-0.0225074,8.0741606,3.2253716,1.0314,0.9403
342.1048811,37.3326304,17.2062008,-2.5001057,-0.0294285,8.1930574,2.6784646,1.0321,0.9549
342.4047101,37.5116462,16.9641045,-2.5100100,-0.0363290,8.2904977,2.1247018,1.0328,0.9695
342.7045391,37.6873030,16.7210521,-2.5218917,-0.0429357,8.3669855,0.2319709,1.0334,0.9841
343.0043681,37.8598944,16.4756428,-2.5357852,-0.0497124,8.3752940,-3.5058768,1.0201,1.0069
343.3041971,38.0287158,16.2278191,-2.5517349,-0.0567085,8.2488316,-3.1243970,0.9843,1.0427
343.6040261,38.1933466,15.9770829,-2.5698142,-0.0635115,8.1344732,-2.8572515,0.9484,1.0786
343.9038551,38.3539284,15.7220557,-2.5897431,-0.0688113,8.0284668,-2.5718783,0.9125,1.1145
344.2036840,38.5086474,15.4646672,-2.6112569,-0.0745425,7.9318366,-2.2638670,0.8717,1.1542
344.5035130,38.6568915,15.2050866,-2.6344547,-0.0807479,7.8457942,-2.0067334,0.8267,1.1970
344.8033420,38.7991621,14.9413589,-2.6595888,-0.0862185,7.7687279,-1.8785828,0.7818,1.2398
345.1031710,38.9359101,14.6713439,-2.6861866,-0.0896407,7.6958837,-1.7127948,0.7368,1.2827
345.4030000,39.0642569,14.3999554,-2.7136922,-0.0937174,7.6288619,-1.5047693,0.6869,1.3171
345.7028290,39.1838118,14.1276718,-2.7422550,-0.0985081,7.5694906,-1.3896431,0.6360,1.3499
346.0026580,39.2967489,13.8483748,-2.7725630,-0.1017049,7.5142449,-1.3436431,0.5851,1.3827
346.3024870,39.4017887,13.5637221,-2.8037054,-0.1037134,7.4604390,-1.2459349,0.5380,1.4063
346.6023160,39.4964823,13.2801123,-2.8351280,-0.1066311,7.4101968,-1.0880724,0.5003,1.4065
346.9021450,39.5807461,12.9983619,-2.8670397,-0.1105817,7.3660400,-1.0880724,0.4627,1.4068
347.2019740,39.6589035,12.7016932,-2.9008861,-0.1096736,7.3216169,-0.9541573,0.4251,1.4070
347.5018030,39.7260052,12.4074489,-2.9338197,-0.1086211,7.2824381,-0.8241166,0.4200,1.4367
347.8016320,39.7822211,12.1179440,-2.9657484,-0.1079725,7.2484286,-0.7264475,0.4200,1.4711
348.1014610,39.8299295,11.8216323,-2.9982111,-0.1088271,7.2183168,-0.7152080,0.4200,1.5055
348.4012899,39.8682726,11.5209617,-3.0313171,-0.1093020,7.1885476,-0.6844725,0.4287,1.5225
348.7011189,39.8961217,11.2259739,-3.0635400,-0.1078563,7.1599419,-0.5572627,0.4448,1.5246
349.0009479,39.9145689,10.9295865,-3.0952848,-0.1073369,7.1365678,-0.4880688,0.4609,1.5266
349.3007769,39.9236149,10.6283113,-3.1279565,-0.1091175,7.1160330,-0.5409483,0.4797,1.5197
349.6006059,39.9228272,10.3301875,3.1226858,-0.1088395,7.0932039,-0.4850625,0.5067,1.4853
349.9004349,39.9123862,10.0323336,3.0905082,-0.1071352,7.0726707,-0.3623158,0.5337,1.4510
350.2002639,39.8923159,9.7334032,3.0587046,-0.1049942,7.0572945,-0.2280518,0.5606,1.4167
350.5000929,39.8628459,9.4351242,3.0276745,-0.1018996,7.0475990,-0.0572459,0.5764,1.4195
350.7999219,39.8243997,9.1387407,2.9975619,-0.1009755,7.0451632,-0.0071937,0.5917,1.4241
351.0997509,39.7770573,8.8438508,2.9671911,-0.1022585,7.0448570,-0.0703428,0.6069,1.4287
351.3995799,39.7203030,8.5484540,2.9363383,-0.1027365,7.0418626,-0.0888868,0.6073,1.4341
351.6994089,39.6548419,8.2565904,2.9055114,-0.1040081,7.0380769,-0.1453333,0.5990,1.4399
351.9992379,39.5805576,7.9677309,2.8741397,-0.1063038,7.0318829,-0.2480380,0.5907,1.4458
352.2990669,39.4962368,7.6783983,2.8417881,-0.1083326,7.0212989,-0.3292609,0.5794,1.4549
352.5988959,39.4029970,7.3933613,2.8090046,-0.1104693,7.0072245,-0.4088243,0.5597,1.4733
352.8987248,39.3010321,7.1133122,2.7756984,-0.1130358,6.9897096,-0.5022147,0.5400,1.4916
353.1985538,39.1885060,6.8340535,2.7412693,-0.1156597,6.9681334,-0.5895358,0.5202,1.5100
353.4983828,39.0663289,6.5588888,2.7060604,-0.1181201,6.9427202,-0.6601550,0.4934,1.5379
353.7982118,38.9358949,6.2910883,2.6705283,-0.1204949,6.9141519,-0.7189837,0.4654,1.5676
354.0980408,38.7947034,6.0259321,2.6339287,-0.1232081,6.8829028,-0.7869257,0.4373,1.5972
354.3978698,38.6428929,5.7646970,2.5962568,-0.1260182,6.8485375,-0.8511197,0.4280,1.6082
354.6976988,38.4835985,5.5129555,2.5585282,-0.1273470,6.8111735,-0.8382163,0.4489,1.5891
354.9975278,38.3137804,5.2659220,2.5200861,-0.1291919,6.7741746,-0.8487862,0.4698,1.5700
355.2973568,38.1335083,5.0243475,2.4808046,-0.1315025,6.7365021,-0.8776780,0.4907,1.5509
355.5971858,37.9452116,4.7917298,2.4414792,-0.1304818,6.6973243,-0.7521328,0.5329,1.4874
355.8970148,37.7478750,4.5665348,2.4026655,-0.1288506,6.6635674,-0.6118091,0.5777,1.4182
356.1968438,37.5412523,4.3483667,2.3641226,-0.1277627,6.6359818,-0.5092690,0.6226,1.3490
356.4966728,37.3265026,4.1383816,2.3259045,-0.1261554,6.6129318,-0.3938420,0.6659,1.2943
356.7965018,37.1046190,3.9372579,2.2885471,-0.1234001,6.5950510,-0.2394683,0.7065,1.2650
357.0963307,36.8750613,3.7441548,2.2518809,-0.1211291,6.5841551,-0.1204216,0.7471,1.2357
357.3961597,36.6383855,3.5593323,2.2157845,-0.1193493,6.5786690,-0.0331954,0.7877,1.2064
357.6959887,36.3955072,3.3832693,2.1804533,-0.1162353,6.5771559,0.1042886,0.8164,1.1853
357.9958177,36.1466793,3.2158107,2.1460107,-0.1134916,6.5819084,0.2146251,0.8429,1.1659
358.2956467,35.8924860,3.0570358,2.1123548,-0.1111603,6.5916780,0.2987339,0.8694,1.1464
358.5954757,35.6326530,2.9065406,2.0793503,-0.1083499,6.6052523,0.3978449,0.8797,1.1415
358.8953047,35.3679648,2.7645281,2.0472807,-0.1052237,6.6232868,0.5043510,0.8550,1.1680
359.1951337,35.0996445,2.6312997,2.0161824,-0.1024412,6.6460790,0.5893641,0.8304,1.1945
359.4949627,34.8276317,2.5064889,1.9859026,-0.0997304,6.6726144,0.6667684,0.8057,1.2209
359.7947917,34.5502494,2.3891231,1.9564322,-0.0959711,6.7025082,0.7877576,0.7582,1.2688
360.0946207,34.2708459,2.2802928,1.9282026,-0.0923334,6.7376555,0.8980869,0.7056,1.3214
360.3944497,33.9899168,2.1797134,1.9011748,-0.0888406,6.7775030,0.9979981,0.6531,1.3739
360.6942787,33.7040091,2.0858808,1.8747178,-0.0872725,6.8215104,1.0058008,0.6030,1.4250
360.9941077,33.4164489,1.9997901,1.8487273,-0.0858596,6.8655765,1.0076666,0.5573,1.4734
361.2939366,33.1280543,1.9214694,1.8233032,-0.0842559,6.9094425,1.0202290,0.5115,1.5219
361.5937656,32.8369530,1.8502456,1.7982488,-0.0832812,6.9535735,1.0035428,0.4658,1.5704
361.8935946,32.5435568,1.7861851,1.7733007,-0.0828475,6.9967111,0.9625899,0.4509,1.5975
362.1934236,32.2495471,1.7296025,1.7485724,-0.0823145,7.0378400,0.9295903,0.4385,1.6229
362.4932526,31.9543299,1.6802972,1.7240163,-0.0819092,7.0773320,0.8928288,0.4261,1.6483
362.7930816,31.6570551,1.6381257,1.6994144,-0.0819504,7.1150558,0.8361544,0.4212,1.6547
363.0929106,31.3593962,1.6033394,1.6748568,-0.0819237,7.1502046,0.7863727,0.4235,1.6429
363.3927396,31.0613482,1.5759003,1.6503477,-0.0818606,7.1831038,0.7415402,0.4258,1.6310
363.6925686,30.7619434,1.5557338,1.6257377,-0.0821508,7.2139900,0.6811210,0.4298,1.6199
363.9923976,30.4624155,1.5429622,1.6010692,-0.0824053,7.2422435,0.6260257,0.4470,1.6148
364.2922266,30.1628670,1.5375946,1.5763467,-0.0826230,7.2681148,0.5760622,0.4642,1.6097
364.5920556,29.8630537,1.5396508,1.5515005,-0.0831624,7.2918401,0.5119131,0.4814,1.6045
364.8918846,29.5633951,1.5491809,1.5264778,-0.0837564,7.3128589,0.4484654,0.4877,1.5885
365.1917136,29.2640873,1.5662308,1.5012794,-0.0843424,7.3312230,0.3890547,0.4894,1.5680
365.4915426,28.9653601,1.5908389,1.4758907,-0.0851366,7.3471172,0.3218240,0.4911,1.5476
365.7913715,28.6673333,1.6230649,1.4502298,-0.0860696,7.3602388,0.2509824,0.4953,1.5282
366.0912005,28.3701330,1.6629844,1.4242772,-0.0870206,7.3704558,0.1833492,0.5049,1.5114
366.3910295,28.0741404,1.7106339,1.3980368,-0.0880856,7.3779107,0.1136023,0.5145,1.4946
366.6908585,27.7796127,1.7660630,1.3714525,-0.0893244,7.3825259,0.0387235,0.5240,1.4778
366.9906875,27.4865041,1.8293957,1.3444744,-0.0906068,7.3840984,-0.0337417,0.5324,1.4700
367.2905165,27.1951715,1.9006821,1.3171002,-0.0919616,7.3827282,-0.1053442,0.5406,1.4631
367.5903455,26.9061977,1.9798964,1.2893138,-0.0935136,7.3784487,-0.1827637,0.5488,1.4563
367.8901745,26.6193616,2.0672388,1.2610324,-0.0951340,7.3710182,-0.2583548,0.5423,1.4623
368.1900035,26.3349343,2.1627974,1.2322362,-0.0968093,7.3605017,-0.3312749,0.5214,1.4810
368.4898325,26.0538347,2.2664135,1.2029469,-0.0987321,7.3469949,-0.4118458,0.5005,1.4996
368.7896615,25.7757333,2.3783783,1.1730459,-0.1007516,7.3301683,-0.4910210,0.4809,1.5175
369.0894905,25.5009530,2.4987772,1.1425063,-0.1028491,7.3100562,-0.5675367,0.4731,1.5286
369.3893195,25.2302833,2.6274668,1.1113405,-0.1051741,7.2867410,-0.6491558,0.4654,1.5396
369.6891485,24.9637655,2.7646449,1.0794425,-0.1076672,7.2599809,-0.7318173,0.4576,1.5507
369.9889774,24.7016470,2.9104487,1.0467601,-0.1102627,7.2296945,-0.8114272,0.4481,1.5614
370.2888064,24.4446073,3.0647652,1.0133802,-0.1119520,7.1959644,-0.8354949,0.4379,1.5719
370.5886354,24.1929747,3.2275624,0.9796903,-0.1128834,7.1610678,-0.8171204,0.4277,1.5824
370.8884644,23.9468379,3.3988915,0.9456781,-0.1139553,7.1267735,-0.8064245,0.4209,1.5906
371.1882934,23.7066822,3.5785414,0.9114305,-0.1125895,7.0927654,-0.6729149,0.4243,1.5920
371.4881224,23.4728770,3.7660090,0.8788649,-0.1047623,7.0642623,-0.2287806,0.4277,1.5935
371.7879514,23.2449321,3.9608487,0.8486000,-0.0971200,7.0545455,0.1686719,0.4311,1.5950
372.0877804,23.0226952,4.1623042,0.8205853,-0.0896689,7.0617107,0.5283924,0.4401,1.5749
372.3876094,22.8065270,4.3690762,0.7950791,-0.0807871,7.0841098,0.9393554,0.4504,1.5495
372.6874384,22.5950980,4.5813371,0.7722515,-0.0715592,7.1237563,1.3508499,0.4608,1.5242
372.9872674,22.3876819,4.7987062,0.7521640,-0.0621392,7.1803866,1.7623124,0.4783,1.4985
373.2870964,22.1857791,5.0184121,0.7343829,-0.0583351,7.2536016,1.8756056,0.5107,1.4722
373.5869254,21.9873601,5.2420240,0.7172809,-0.0560408,7.3307202,1.9107342,0.5430,1.4458
373.8867544,21.7914543,5.4704205,0.7007899,-0.0535387,7.4084577,1.9608740,0.5754,1.4195
374.1865834,21.5999540,5.7010822,0.6851592,-0.0505059,7.4873960,2.0443666,0.6114,1.3918
374.4864123,21.4129947,5.9333214,0.6706079,-0.0471418,7.5688189,2.1505854,0.6481,1.3637
374.7862413,21.2279011,6.1700046,0.6569269,-0.0439559,7.6535375,2.2505476,0.6849,1.3357
375.0860703,21.0448945,6.4105189,0.6441031,-0.0408693,7.7412011,2.3491287,0.7131,1.3162
375.3858993,20.8676094,6.6495197,0.6325235,-0.0369895,7.8316581,2.5012744,0.7168,1.3215
375.6857283,20.6918216,6.8920555,0.6220044,-0.0332757,7.9268391,2.6490713,0.7205,1.3267
375.9855573,20.5173817,7.1378682,0.6125152,-0.0297160,8.0264136,2.7936871,0.7242,1.3319
376.2853863,20.3461138,7.3838338,0.6041763,-0.0256880,8.1301028,2.9765551,0.7151,1.3416
376.5852153,20.1771976,7.6304452,0.5971435,-0.0213970,8.2391435,3.1861945,0.6994,1.3537
376.8850443,20.0090655,7.8793204,0.5913434,-0.0172512,8.3542871,3.3963525,0.6836,1.3657
377.1848733,19.8416269,8.1299651,0.5867527,-0.0132023,8.4753031,3.6112095,0.6677,1.3778
377.4847023,19.6766276,8.3790792,0.5834775,-0.0087388,8.6021075,3.8161179,0.6473,1.3932
377.7845313,19.5117797,8.6293850,0.5815165,-0.0043618,8.7341067,3.7702282,0.6268,1.4085
378.0843603,19.3468515,8.8805280,0.5808555,-0.0000483,8.8625880,3.7248904,0.6064,1.4239
378.3841893,19.1820406,9.1315013,0.5814805,0.0041964,8.9877209,3.6800977,0.5870,1.4400
378.6840182,19.0172039,9.3818273,0.5833671,0.0083906,9.1096612,3.6358437,0.5697,1.4573
378.9838472,18.8516189,9.6319175,0.5865131,0.0125897,9.2285530,3.2199082,0.5523,1.4747
379.2836762,18.6850689,9.8814128,0.5909226,0.0168155,9.3325791,2.7888222,0.5350,1.4920
379.5835052,18.5170581,10.1303766,0.5965384,0.0204994,9.4217500,-4.5117157,0.5220,1.5050
379.8833342,18.3476466,10.3781132,0.6032362,0.0241482,9.2770624,-5.3509940,0.5107,1.5163
380.1831632,18.1767311,10.6242045,0.6110289,0.0278865,9.1024788,-5.0842528,0.4994,1.5276
380.4829922,18.0037428,10.8688894,0.6199520,0.0315281,8.9334376,-4.8767734,0.4873,1.5387
380.7828212,17.8276668,11.1130122,0.6299102,0.0346632,8.7682331,-4.6752340,0.4680,1.5478
381.0826502,17.6496754,11.3544487,0.6407946,0.0379368,8.6068792,-4.4785153,0.4486,1.5570
381.3824792,17.4696831,11.5928806,0.6526356,0.0413649,8.4494256,-4.2887139,0.4292,1.5661
381.6823082,17.2854932,11.8306802,0.6656117,0.0449192,8.2958442,-4.1031908,0.4254,1.5701
381.9821372,17.0980638,12.0660208,0.6796800,0.0486369,8.1461967,-3.9196539,0.4356,1.5694
382.2819662,16.9083031,12.2972808,0.6948099,0.0525538,8.0006292,-3.7527035,0.4459,1.5687
382.5817952,16.7153864,12.5249969,0.7111007,0.0564412,7.8587359,-3.6614137,0.4566,1.5675
382.8816242,16.5162831,12.7521139,0.7285776,0.0593151,7.7177804,-3.5714197,0.4860,1.5447
383.1814531,16.3145598,12.9740952,0.7468194,0.0623467,7.5777637,-3.4830438,0.5154,1.5218
383.4812821,16.1102025,13.1907230,0.7658579,0.0655402,7.4386738,-3.4315610,0.5448,1.4989
383.7811111,15.8993972,13.4055832,0.7860198,0.0682634,7.2990482,-3.4003272,0.5720,1.4664
384.0809401,15.6844375,13.6158600,0.8069270,0.0707916,7.1580075,-3.3788144,0.5976,1.4272
384.3807691,15.4666015,13.8200907,0.8284428,0.0733178,7.0150509,-3.3600517,0.6233,1.3880
384.6805981,15.2441302,14.0196932,0.8507441,0.0759893,6.8699387,-3.3519675,0.6597,1.3456
384.9804271,15.0158157,14.2153373,0.8740026,0.0786564,6.7220550,-3.3512396,0.7299,1.2930
385.2802561,14.7839808,14.4047006,0.8978977,0.0809212,6.5708771,-3.3714344,0.8001,1.2405
385.5800851,14.5481933,14.5879681,0.9223604,0.0835801,6.4151943,-3.1401132,0.8703,1.1879
385.8799141,14.3071789,14.7657154,0.9487949,0.0928765,6.2667156,-2.9418798,0.9453,1.1139
386.1797431,14.0612213,14.9367591,0.9779426,0.1015868,6.1243450,-2.7948749,1.0207,1.0385
386.4795721,13.8096120,15.1005987,1.0096570,0.1095031,5.9859530,-2.4139450,1.0960,0.9632
386.7794011,13.5536913,15.2554477,1.0444427,0.1243475,5.8637950,-1.9804867,1.1872,0.8720
387.0792301,13.2917045,15.4009238,1.0842121,0.1411360,5.7616384,-1.5364187,1.2866,0.7726
387.3790590,13.0231728,15.5354855,1.1291857,0.1583512,5.6811224,-1.2352562,1.3859,0.6733
387.6788880,12.7487196,15.6570759,1.1789553,0.1711501,5.6155516,-1.0201217,1.4583,0.5892
387.9787170,12.4686675,15.7643132,1.2317442,0.1810963,5.5608179,-0.7514829,1.4835,0.5318
388.2785460,12.1832152,15.8561768,1.2877068,0.1922938,5.5201507,-0.6038098,1.5088,0.4743
388.5783750,11.8929079,15.9314384,1.3470191,0.1992695,5.4872565,-0.6038098,1.5317,0.4207
388.8782040,11.5980892,15.9894707,1.4053564,0.1891776,5.4541640,-0.2241874,1.5152,0.4340
389.1780330,11.3010209,16.0305842,1.4607508,0.1804325,5.4418259,0.0629153,1.4987,0.4472
389.4778620,11.0031416,16.0555013,1.5135746,0.1732213,5.4452912,0.2691722,1.4822,0.4604
389.7776910,10.7014854,16.0650818,1.5637672,0.1587851,5.4600923,0.6683571,1.4492,0.4819
390.0775200,10.4011431,16.0602511,1.6092584,0.1441653,5.4966711,1.0383944,1.4108,0.5060
390.3773490,10.1034703,16.0425911,1.6501561,0.1302146,5.5530240,1.3663218,1.3724,0.5301
390.6771780,9.8032717,16.0129899,1.6872646,0.1154391,5.6263133,1.7109274,1.3494,0.5645
390.9770070,9.5045530,15.9729994,1.7197032,0.0997269,5.7167624,2.0854120,1.3435,0.6103
391.2768360,9.2107614,15.9246939,1.7470160,0.0836303,5.8251100,2.4818134,1.3375,0.6560
391.5766649,8.9160893,15.8686584,1.7695420,0.0661446,5.9514826,2.9468523,1.3153,0.7050
391.8764939,8.6210878,15.8064771,1.7865327,0.0462148,6.0981349,3.5356669,1.2437,0.7641
392.1763229,8.3305480,15.7410284,1.7971212,0.0245982,6.2695646,4.2448565,1.1720,0.8231
392.4761519,8.0406043,15.6734459,1.8019080,0.0132842,6.4693819,4.4607038,1.1024,0.8819
392.7759809,7.7496553,15.6043705,1.8058769,0.0131902,6.6729153,4.4070629,1.0536,0.9392
393.0758099,7.4583388,15.5339947,1.8097643,0.0126877,6.8680804,4.3540669,1.0047,0.9964
393.3756389,7.1692650,15.4629872,1.8137143,0.0155706,7.0555992,4.2265792,0.9559,1.0536
393.6754679,6.8807920,15.3907015,1.8192112,0.0212892,7.2329788,3.8371188,0.9158,1.0990
393.9752969,6.5882943,15.3154233,1.8264345,0.0264292,7.3903275,3.4612560,0.8758,1.1443
394.2751259,6.2982062,15.2383069,1.8350061,0.0302445,7.5294429,3.1484800,0.8358,1.1896
394.5749549,6.0117869,15.1593953,1.8444055,0.0330093,7.6537913,2.8915523,0.7821,1.2441
394.8747839,5.7219116,15.0764414,1.8547664,0.0357012,7.7662387,2.6371858,0.7267,1.2999
395.1746129,5.4319208,14.9900613,1.8659531,0.0379412,7.8673931,2.4103688,0.6712,1.3557
395.4744419,5.1480894,14.9019982,1.8773897,0.0390478,7.9587229,2.2564498,0.6173,1.4004
395.7742709,4.8624073,14.8096933,1.8892974,0.0403004,8.0432810,2.0954412,0.5641,1.4406
396.0740998,4.5753653,14.7130796,1.9017123,0.0417059,8.1210170,1.9269128,0.5108,1.4807
396.3739288,4.2938706,14.6144168,1.9140676,0.0409448,8.1918499,1.9066225,0.4770,1.5118
396.6737578,4.0125300,14.5119241,1.9261994,0.0401174,8.2613393,1.8933549,0.4708,1.5302
396.9735868,3.7309632,14.4054894,1.9381718,0.0394573,8.3297714,1.8708421,0.4645,1.5486
397.2734158,3.4518361,14.2961760,1.9499451,0.0392814,8.3968421,1.8164801,0.4583,1.5670
397.5732448,3.1753906,14.1841500,1.9616760,0.0393354,8.4614552,1.7479842,0.4477,1.5751
397.8730738,2.8986395,14.0681921,1.9734583,0.0391590,8.5231694,1.6985477,0.4371,1.5830
398.1729028,2.6212319,13.9480957,1.9852408,0.0387608,8.5827131,1.6675694,0.4264,1.5909
398.4727318,2.3517019,13.8277620,1.9958834,0.0332372,8.6407717,2.0211621,0.4200,1.5959
398.7725608,2.0805947,13.7035051,2.0049486,0.0275729,8.7106224,2.3863504,0.4200,1.5965
399.0723898,1.8068960,13.5753094,2.0124337,0.0219970,8.7923794,2.7492478,0.4200,1.5971
399.3722188,1.5350730,13.4457842,2.0182203,0.0160920,8.8856370,3.1461531,0.4200,1.5977
399.6720478,1.2687662,13.3173134,2.0220236,0.0097374,8.9911713,3.5916748,0.4257,1.5910
399.9718768,0.9990517,13.1862315,2.0240492,0.0038557,9.1101557,3.6356630,0.4349,1.5797
400.2717057,0.7260328,13.0531493,2.0243745,-0.0016466,9.2290352,3.5919434,0.4441,1.5685
400.5715347,0.4558847,12.9216190,2.0232501,-0.0050163,9.3450002,3.5487494,0.4533,1.5573
400.8713637,0.1877792,12.7915748,2.0214828,-0.0068362,9.4581745,3.5060749,0.4632,1.5496
401.1711927,-0.0826697,12.6610765,2.0191600,-0.0086300,9.5686734,0.5959049,0.4734,1.5436
401.4710217,-0.3550962,12.5304962,2.0162818,-0.0104249,9.5873276,-6.7053593,0.4836,1.5376
401.7708507,-0.6266349,12.4013876,2.0128947,-0.0120285,9.3752828,-6.5480028,0.4938,1.5316
402.0706797,-0.8977103,12.2736971,2.0090671,-0.0135273,9.1634800,-6.3980170,0.4978,1.5275
402.3705087,-1.1697179,12.1469137,2.0047752,-0.0150865,8.9516894,-6.2542795,0.4981,1.5245
402.6703377,-1.4423524,12.0213382,2.0000032,-0.0167244,8.7396976,-6.1324542,0.4983,1.5216
402.9701667,-1.7163565,11.8967974,1.9947302,-0.0182317,8.5267192,-6.0258793,0.4986,1.5186
403.2699957,-1.9911663,11.7737062,1.9890256,-0.0196789,8.3121281,-5.9210580,0.4992,1.5167
403.5698247,-2.2656623,11.6527007,1.9828891,-0.0212579,8.0957312,-5.8177843,0.5002,1.5157
403.8696537,-2.5395216,11.5340515,1.9762904,-0.0229900,7.8773208,-5.8176847,0.5013,1.5148
404.1694827,-2.8166885,11.4162191,1.9693145,-0.0222014,7.6526833,-5.8740027,0.5023,1.5138
404.4693117,-3.0957086,11.2997931,1.9630258,-0.0193887,7.4189736,-6.0366484,0.4923,1.5210
404.7691406,-3.3729305,11.1860126,1.9576426,-0.0165245,7.1708608,-6.1817343,0.4712,1.5366
405.0689696,-3.6479472,11.0747173,1.9531738,-0.0135791,6.9075551,-6.3109585,0.4500,1.5522
405.3687986,-3.9287807,10.9623207,1.9505050,-0.0010315,6.6279636,-6.1218741,0.4288,1.5677
405.6686276,-4.2100407,10.8498367,1.9528893,0.0170262,6.3449878,-5.3911196,0.4203,1.5790
405.9684566,-4.4867216,10.7375322,1.9608344,0.0364981,6.0849029,-4.7127577,0.4207,1.5872
406.2682856,-4.7578832,10.6240315,1.9746240,0.0576921,5.8480766,-4.1838120,0.4212,1.5953
406.5681146,-5.0389491,10.5006409,1.9953180,0.0773625,5.6294888,-3.6639015,0.4216,1.6035
406.8679436,-5.3123140,10.3728607,2.0218908,0.0992592,5.4308430,-3.1318786,0.4213,1.5946
407.1677726,-5.5761017,10.2398836,2.0547705,0.1239107,5.2550928,-2.5841114,0.4208,1.5833
407.4676016,-5.8389129,10.0949612,2.0960651,0.1510991,5.1055281,-1.9622854,0.4203,1.5720
407.7674306,-6.0992217,9.9354196,2.1468055,0.1822777,4.9889595,-1.1886375,0.4438,1.5450
408.0672596,-6.3434058,9.7666373,2.2062098,0.2190597,4.9170053,-0.4960510,0.4983,1.4979
408.3670886,-6.5750618,9.5831779,2.2767713,0.2505421,4.8866635,-0.4903643,0.5528,1.4507
408.6669176,-6.8014954,9.3745117,2.3540618,0.2519124,4.8564832,-0.4673498,0.6327,1.3778
408.9667465,-7.0037643,9.1573620,2.4295284,0.2574535,4.8275438,-0.4673498,0.7641,1.2529
409.2665755,-7.1889790,8.9251956,2.5070822,0.2588118,4.7984298,-0.4208535,0.8954,1.1280
409.5664045,-7.3613355,8.6709773,2.5833490,0.2361903,4.7720604,0.1646730,1.0384,0.9884
409.8662335,-7.5072056,8.4192776,2.6478859,0.2058167,4.7823956,-1.0686375,1.1893,0.8386
410.1660625,-7.6410934,8.1516396,2.7072288,0.1933956,4.7149222,-2.0274776,1.3308,0.6965
410.4658915,-7.7586343,7.8790690,2.7597500,0.1545929,4.5841791,-2.5318926,1.4383,0.5824
410.7657205,-7.8611468,7.6076713,2.8030236,0.1979377,4.4154760,-0.3863255,1.5375,0.4766
411.0655495,-7.9483772,7.3287844,2.8794197,0.3114494,4.3891645,-7.0583058,1.5593,0.4483
411.3653785,-8.0142263,7.0198495,2.9855856,0.3467896,3.8771376,-1.0532926,1.5812,0.4200
